id_1,label_1,id_2,label_2,rg,se,z,p,h2_obs,h2_obs_se,h2_int,h2_int_se,gcov_int,gcov_int_se,adjusted_p_by,adjusted_p_bh
GCST90042682,depression-family-mother,GCST90011808,prostate-cancer-3,-0.054,0.0842,-0.6406,0.5218,0.0332,0.0046,1.0536,0.0197,0.0092,0.0054,1.0,0.6911621550591328
GCST90011816,cervical-cancer-2,GCST90042670,prostate-cancer-father,-0.0502,0.1571,-0.3197,0.7492,0.0066,0.0013,1.0194,0.0085,0.0002,0.0051,1.0,0.8490744525547446
GCST004748,lung-carcinoma-1,GCST90042696,prostate-cancer-sibling,0.0305,0.186,0.164,0.8697,0.0013,0.0011,1.0049,0.0063,-0.002,0.0052,1.0,0.9245756457564576
GCST003769,depression-symptoms,GCST90043894,prostate-cancer-1,-0.0065,0.07,-0.0922,0.9265,0.0255,0.0037,1.0467,0.0156,0.005,0.0052,1.0,0.9618755784061697
GCST90255675,crc-cancer-1,GCST90275154,mdd-sex-M1,0.0844,0.0382,2.2088,0.0272,0.119,0.0093,1.027,0.0076,-0.0034,0.006,0.6191714179717219,0.07563475862068965
GCST90042684,lung-cancer-family-mother,GCST90043874,skin-carcinoma-face,0.081,0.1568,0.5168,0.6053,0.0083,0.0014,1.0232,0.0079,0.0071,0.0053,1.0,0.7495606879606879
GCST90275151,autism-sex-M1,GCST90041830,non-epithelial-carcinoma,0.0101,0.0679,0.1486,0.8819,0.017,0.0027,1.0274,0.0123,-0.0075,0.0062,1.0,0.9298694560669457
GCST004748,lung-carcinoma-1,GCST90275157,schizo-sex-M1,0.3023,0.0711,4.2512,2.1263e-05,0.1287,0.0123,1.0372,0.0081,-0.0003,0.0059,0.0008218199260178077,0.00010038924590163935
GCST90042841,anxiety-medication,GCST90042686,breast-cancer-family-mother,0.0551,0.0997,0.5524,0.5807,0.0063,0.0014,1.0264,0.0094,-4.7334e-05,0.0052,1.0,0.7321395872420263
GCST90042843,anxiety-treatment-1,GCST90043874,skin-carcinoma-face,-0.1093,0.0885,-1.235,0.2168,0.0083,0.0014,1.0233,0.008,-0.0025,0.0052,1.0,0.3923806797853309
GCST90043889,breast-neoplasm-1,GCST90137411,bcc-2,0.0775,0.0755,1.0261,0.3049,0.0701,0.0119,0.9732,0.0228,0.04,0.0057,1.0,0.49292574178027265
GCST003740,adenocarcinoma-barret-oesophagus,GCST006465,endometrial-carcinoma-1,0.1868,0.1291,1.4477,0.1477,0.0344,0.0099,1.0751,0.0092,0.0426,0.0066,1.0,0.30137975708502024
GCST90011816,cervical-cancer-2,GCST90042699,intestinal-cancer-sibling,0.1961,0.2575,0.7616,0.4463,0.0022,0.0011,1.011,0.0064,0.0003,0.0051,1.0,0.6265604456824512
GCST009980,mdd-trauma,GCST90275153,mdd-age-sex-M1,0.5187,0.0873,5.9438,2.7857e-09,0.1081,0.0088,1.0206,0.0072,0.0085,0.0048,1.5375992509428166e-07,1.878251237458194e-08
GCST90042841,anxiety-medication,GCST90275151,autism-sex-M1,0.2751,0.0688,3.9991,6.3595e-05,0.1489,0.0118,1.033,0.0084,0.0063,0.0056,0.0022966074773366875,0.00028054161925601754
GCST004744,adenocarcinoma-lung,GCST90275152,autism-1,0.0722,0.0639,1.13,0.2585,0.1638,0.0122,1.0311,0.0079,-0.0126,0.0056,1.0,0.4377020134228187
GCST90042699,intestinal-cancer-sibling,GCST90042684,lung-cancer-family-mother,0.5288,0.3062,1.7271,0.0842,0.0036,0.0012,1.0165,0.0066,0.0021,0.0048,1.0,0.19267559591373437
GCST90225529,anxiety-others,GCST90275155,mdd-5,0.5401,0.0718,7.5236,5.3279e-14,0.1198,0.0096,1.0281,0.0079,0.0077,0.0053,3.694529262563898e-12,4.513044705882353e-13
GCST90275147,ADHD-age-sex-M1,GCST90043874,skin-carcinoma-face,0.0102,0.0636,0.1602,0.8728,0.0084,0.0014,1.0233,0.008,-0.0023,0.0056,1.0,0.9246267997898056
GCST90275149,ADHD-1,GCST009981,mdd-notrauma,0.3628,0.1117,3.2489,0.0012,0.0303,0.0093,1.0167,0.0067,4.8528e-05,0.0055,0.035942613272352285,0.004390562613430127
GCST90042700,breast-cancer-family-siblings,GCST009979,mdd-1,0.1776,0.108,1.6441,0.1002,0.078,0.0059,1.0182,0.0076,0.0058,0.0049,1.0,0.22271576626240353
GCST90255675,crc-cancer-1,GCST90043894,prostate-cancer-1,-0.0056,0.0604,-0.0922,0.9265,0.0251,0.0036,1.0444,0.0138,0.0262,0.0087,1.0,0.9618755784061697
GCST90225527,anxiety-2,GCST90137412,squamous-carcinoma,0.1017,0.0504,2.02,0.0434,0.0957,0.0099,0.7881,0.0175,0.0263,0.0064,0.92064062577878,0.11246066838046272
GCST004750,lung-cancer-squamous,GCST90013410,bcc-1,0.2025,0.0665,3.0448,0.0023,0.0322,0.0044,1.0579,0.0171,-0.0103,0.0064,0.06612960772365281,0.008078048780487805
GCST90255676,crc-cancer-2,GCST003769,depression-symptoms,0.0156,0.0463,0.336,0.7368,0.0382,0.0035,1.0168,0.0073,0.0139,0.0054,1.0,0.8431065229722063
GCST90042860,crc-benign-neoplasm,GCST90042786,depression-trauma,-0.0652,0.1259,-0.5179,0.6045,0.0205,0.0053,1.0121,0.0071,0.0126,0.0047,1.0,0.7490301167793485
GCST90275149,ADHD-1,GCST90011809,melanoma-1,-0.1619,0.06,-2.6985,0.007,0.0089,0.0023,1.0017,0.0089,0.0009,0.0057,0.18454560621866717,0.022543130990415338
GCST004744,adenocarcinoma-lung,GCST90042685,intestinal-cancer-mother,0.0848,0.1521,0.5575,0.5772,0.0034,0.0011,1.0078,0.0064,0.0003,0.0058,1.0,0.7290947368421052
GCST90225528,anxiety-any,GCST90042695,depression-family-sibling,0.6144,0.0814,7.5524,4.2726e-14,0.0128,0.0015,1.0175,0.008,0.0613,0.005,3.0263302437970766e-12,3.696807553648069e-13
GCST90042778,anxiety-1,GCST90042700,breast-cancer-family-siblings,-0.1333,0.2202,-0.6054,0.5449,0.0043,0.0012,1.008,0.0065,0.0019,0.005,1.0,0.7068972972972974
GCST90042695,depression-family-sibling,GCST006464,endometrial-carcinoma-2,0.0397,0.1109,0.3579,0.7204,0.0182,0.0045,1.0862,0.0097,-0.0012,0.0057,1.0,0.8321484536082474
GCST90042673,intestinal-cancer-father,GCST90011809,melanoma-1,0.0046,0.2338,0.0198,0.9842,0.0088,0.0023,1.0017,0.009,0.0013,0.0049,1.0,0.9900934131736526
GCST90043889,breast-neoplasm-1,GCST009980,mdd-trauma,0.1791,0.1333,1.344,0.1789,0.1018,0.0169,1.0039,0.0067,-0.003,0.005,1.0,0.3431611798287345
GCST90042685,intestinal-cancer-mother,GCST90275157,schizo-sex-M1,0.2905,0.1175,2.4714,0.0135,0.126,0.0131,1.0383,0.0086,-0.0063,0.0052,0.33154653872320494,0.0405
GCST003740,adenocarcinoma-barret-oesophagus,GCST90255675,crc-cancer-1,0.1512,0.0441,3.4307,0.0006,0.0909,0.0087,1.1609,0.0202,0.0687,0.0055,0.01896971256040815,0.0023172413793103447
GCST005903,mdd-2,GCST90137411,bcc-2,0.0284,0.0467,0.6073,0.5436,0.0698,0.0121,0.9751,0.0232,-0.0174,0.0055,1.0,0.7063793814432989
GCST90042844,anxiety-treatment-2,GCST006464,endometrial-carcinoma-2,0.1788,0.1533,1.1661,0.2436,0.0182,0.0045,1.0862,0.0098,-0.011,0.0059,1.0,0.42116606683804625
GCST90011804,breast-carcinoma-1,GCST90042860,crc-benign-neoplasm,0.1867,0.0711,2.6246,0.0087,0.0098,0.0013,1.0493,0.0093,0.0035,0.0056,0.22469758117328523,0.027447887323943657
GCST90255675,crc-cancer-1,GCST004750,lung-cancer-squamous,0.3834,0.0632,6.0647,1.3221e-09,0.0536,0.0147,1.0412,0.0091,0.0195,0.0054,7.576206794868258e-08,9.2547e-09
GCST90042699,intestinal-cancer-sibling,GCST90041853,prostate-cancer-5,-0.0523,0.1685,-0.3106,0.7561,0.018,0.0029,1.03,0.0107,-0.0021,0.0047,1.0,0.8525154362416106
GCST90043889,breast-neoplasm-1,GCST90042699,intestinal-cancer-sibling,0.1859,0.2118,0.8779,0.38,0.0022,0.0011,1.0113,0.0062,-0.0009,0.0045,1.0,0.5717261744966443
GCST90225529,anxiety-others,GCST90042841,anxiety-medication,0.9056,0.0794,11.409,3.7699e-30,0.0389,0.004,1.0082,0.0075,0.0963,0.0054,4.6779781851045055e-28,5.714374736842104e-29
GCST90043889,breast-neoplasm-1,GCST90255676,crc-cancer-2,-0.0136,0.0714,-0.1908,0.8487,0.0848,0.0098,1.1624,0.0211,0.0164,0.006,1.0,0.9139846153846154
GCST90042860,crc-benign-neoplasm,GCST90275156,schizo-age-sex-M1,0.2526,0.0704,3.5903,0.0003,0.1136,0.0123,1.0313,0.008,0.0082,0.0055,0.00986273900053093,0.0012047808764940238
GCST90042695,depression-family-sibling,GCST90275156,schizo-age-sex-M1,0.6246,0.0845,7.3888,1.4816e-13,0.1137,0.0123,1.0312,0.008,0.0091,0.0051,1.0021232677321976e-11,1.2241416393442624e-12
GCST90275148,ADHD-sex-M1,GCST90043889,breast-neoplasm-1,-0.0515,0.0739,-0.6972,0.4857,0.0048,0.0011,1.0123,0.008,0.0042,0.0056,1.0,0.6607093117408906
GCST90275155,mdd-5,GCST90041853,prostate-cancer-5,0.0628,0.0716,0.8773,0.3803,0.0178,0.0029,1.0303,0.0108,-0.0026,0.0054,1.0,0.5717261744966443
GCST004744,adenocarcinoma-lung,GCST90043874,skin-carcinoma-face,0.0428,0.0975,0.4391,0.6606,0.0081,0.0013,1.0246,0.0082,0.0089,0.0057,1.0,0.79272
GCST90042843,anxiety-treatment-1,GCST90042684,lung-cancer-family-mother,-0.0585,0.1318,-0.4435,0.6574,0.0036,0.0012,1.0165,0.0066,0.0012,0.005,1.0,0.7902912343470484
GCST005902,depression-broad,GCST004748,lung-carcinoma-1,0.1704,0.0487,3.5005,0.0005,0.0819,0.0163,1.0521,0.0115,-0.0014,0.0062,0.015991908844530126,0.0019534883720930232
GCST90225527,anxiety-2,GCST90042686,breast-cancer-family-mother,0.0235,0.0985,0.2384,0.8116,0.0064,0.0014,1.0255,0.0092,-0.0027,0.005,1.0,0.896049069003286
GCST90275150,autism-age-sex-M1,GCST90041886,breast-carcinoma-2,-0.1074,0.0664,-1.6176,0.1057,0.0079,0.0015,1.0415,0.0104,0.0085,0.0051,1.0,0.23263231441048032
GCST90275150,autism-age-sex-M1,GCST006465,endometrial-carcinoma-1,-0.0417,0.1009,-0.4128,0.6797,0.0348,0.0098,1.0749,0.0093,0.0115,0.0057,1.0,0.8009831775700934
GCST90275149,ADHD-1,GCST90042778,anxiety-1,0.368,0.1207,3.0494,0.0023,0.0263,0.0085,1.0041,0.0065,0.0051,0.0052,0.06612960772365281,0.008078048780487805
GCST90011804,breast-carcinoma-1,GCST90042696,prostate-cancer-sibling,0.354,0.2206,1.6051,0.1085,0.0016,0.0011,1.001,0.0064,-0.0011,0.0048,1.0,0.2374983713355049
GCST90042700,breast-cancer-family-siblings,GCST004749,lung-carcinoma-smokers,0.1507,0.1378,1.0942,0.2739,0.1094,0.0265,1.0449,0.0098,0.0091,0.0048,1.0,0.45559603960396033
GCST90275147,ADHD-age-sex-M1,GCST90043889,breast-neoplasm-1,-0.06,0.0744,-0.8065,0.42,0.0048,0.0011,1.0123,0.008,0.0048,0.0055,1.0,0.6087131560028756
GCST90275148,ADHD-sex-M1,GCST90275153,mdd-age-sex-M1,0.5545,0.0381,14.5444,6.3373e-48,0.1075,0.0087,1.0212,0.0073,0.4036,0.006,1.2161462870452893e-45,1.485581023255814e-46
GCST90275151,autism-sex-M1,GCST90275156,schizo-age-sex-M1,0.6225,0.0449,13.8595,1.1141e-43,0.1163,0.0118,1.0284,0.0077,0.3294,0.0058,1.857244079221124e-41,2.2687127272727273e-42
GCST90275150,autism-age-sex-M1,GCST90275151,autism-sex-M1,0.9984,0.0014,723.6894,0.0,0.15,0.0116,1.0317,0.008,1.0093,0.008,0.0,0.0
GCST90042700,breast-cancer-family-siblings,GCST006465,endometrial-carcinoma-1,0.2605,0.2668,0.9764,0.3289,0.0345,0.0098,1.0751,0.0091,0.0013,0.006,1.0,0.5176131147540984
GCST90042699,intestinal-cancer-sibling,GCST90275158,schizophrenia-M1,0.5386,0.1941,2.7749,0.0055,0.1264,0.0132,1.0383,0.0087,-0.0035,0.0046,0.14783399772239902,0.018058631921824105
GCST90275153,mdd-age-sex-M1,GCST90042669,depression-family-father,0.4832,0.0882,5.4815,4.2164e-08,0.007,0.0014,1.0108,0.0072,0.0014,0.005,2.128011912982975e-06,2.599468623853211e-07
GCST90275150,autism-age-sex-M1,GCST90042686,breast-cancer-family-mother,-0.149,0.083,-1.7964,0.0724,0.0062,0.0014,1.0267,0.0093,0.0101,0.0054,1.0,0.17011468531468532
GCST90042698,lung-cancer-family-sibling,GCST004749,lung-carcinoma-smokers,0.7452,0.1626,4.5827,4.5911e-06,0.1094,0.0265,1.0449,0.0098,0.0065,0.0055,0.0001903766512120557,2.3255421105527635e-05
GCST90043889,breast-neoplasm-1,GCST90275157,schizo-sex-M1,0.0458,0.0958,0.4777,0.6329,0.126,0.0132,1.0383,0.0087,-0.0036,0.0052,1.0,0.7690936708860759
GCST90275150,autism-age-sex-M1,GCST90042669,depression-family-father,0.3651,0.0782,4.6676,3.0476e-06,0.007,0.0014,1.0109,0.0072,0.0028,0.0057,0.00012863561002357264,1.5713456777493607e-05
GCST005902,depression-broad,GCST90042698,lung-cancer-family-sibling,0.3396,0.0905,3.7519,0.0002,0.0043,0.0014,1.0092,0.0068,0.0067,0.0053,0.006722464328943011,0.0008211812627291243
GCST90042672,lung-cancer-family-father,GCST90275157,schizo-sex-M1,0.2376,0.079,3.0073,0.0026,0.126,0.0131,1.0383,0.0086,0.0122,0.0055,0.0737276457244729,0.009006185567010308
GCST009981,mdd-notrauma,GCST005902,depression-broad,0.9236,0.1348,6.8514,7.3151e-12,0.0572,0.0028,1.0395,0.01,0.1447,0.0057,4.471327762409565e-10,5.461941333333334e-11
GCST90255676,crc-cancer-2,GCST90042699,intestinal-cancer-sibling,0.8687,0.2211,3.9296,8.5075e-05,0.0023,0.0011,1.0107,0.006,0.028,0.0065,0.003025965555143856,0.0003696362068965517
GCST90275151,autism-sex-M1,GCST90275153,mdd-age-sex-M1,0.643,0.0453,14.1954,9.780499999999999e-46,0.1076,0.0087,1.0211,0.0073,0.3784,0.0061,1.717169660813325e-43,2.0976051063829786e-44
GCST90042786,depression-trauma,GCST90043894,prostate-cancer-1,-0.2312,0.1312,-1.7629,0.0779,0.0254,0.0035,1.0431,0.014,0.0048,0.005,1.0,0.1798927835051546
GCST90043889,breast-neoplasm-1,GCST90011808,prostate-cancer-3,0.1345,0.1008,1.3353,0.1818,0.0332,0.0046,1.0536,0.0197,-0.0029,0.0059,1.0,0.3474017061611374
GCST90275147,ADHD-age-sex-M1,GCST90275154,mdd-sex-M1,0.5804,0.0344,16.8624,8.503e-64,0.1185,0.0091,1.0273,0.0075,0.4299,0.0062,2.227468814825412e-61,2.72096e-62
GCST90275151,autism-sex-M1,GCST004750,lung-cancer-squamous,0.0941,0.0789,1.1924,0.2331,0.0549,0.0146,1.0401,0.0092,-0.0016,0.005,1.0,0.410418864628821
GCST90042786,depression-trauma,GCST90041853,prostate-cancer-5,-0.256,0.149,-1.7177,0.0859,0.0179,0.0029,1.0302,0.0107,0.0059,0.0045,1.0,0.19589864253393666
GCST90275149,ADHD-1,GCST90042860,crc-benign-neoplasm,0.3522,0.0495,7.119,1.0868e-12,0.0099,0.0014,1.0491,0.0092,0.0053,0.0053,7.089393968880187e-11,8.660034782608695e-12
GCST005902,depression-broad,GCST006464,endometrial-carcinoma-2,0.1024,0.0734,1.3947,0.1631,0.0184,0.0045,1.0855,0.0098,-0.0112,0.0071,1.0,0.321496875
GCST90041833,breast-neoplasm-2,GCST009981,mdd-notrauma,-0.1554,0.1297,-1.198,0.2309,0.0298,0.0093,1.0168,0.0066,0.01,0.0044,1.0,0.40832842105263156
GCST90041886,breast-carcinoma-2,GCST90255676,crc-cancer-2,0.0579,0.061,0.9499,0.3422,0.0848,0.0098,1.1624,0.0211,0.0113,0.0061,1.0,0.5319006939090208
GCST90275152,autism-1,GCST006465,endometrial-carcinoma-1,-0.0623,0.0955,-0.6525,0.514,0.0348,0.0098,1.0749,0.0093,0.0114,0.0058,1.0,0.6830744891232696
GCST90225527,anxiety-2,GCST90042844,anxiety-treatment-2,0.3564,0.095,3.7514,0.0002,0.027,0.004,0.9989,0.0061,0.04,0.0048,0.006722464328943011,0.0008211812627291243
GCST90275148,ADHD-sex-M1,GCST90043874,skin-carcinoma-face,0.0176,0.0633,0.2776,0.7813,0.0084,0.0014,1.0233,0.008,-0.0037,0.0056,1.0,0.8720008854454896
GCST90275149,ADHD-1,GCST004749,lung-carcinoma-smokers,0.3245,0.0686,4.7327,2.2151e-06,0.1066,0.0266,1.047,0.0096,-0.0041,0.0055,9.49538570247462e-05,1.1599069090909092e-05
GCST90042682,depression-family-mother,GCST90041853,prostate-cancer-5,-0.08,0.1042,-0.7678,0.4426,0.018,0.0029,1.03,0.0107,0.0084,0.0053,1.0,0.6244097970608817
GCST90042672,lung-cancer-family-father,GCST004748,lung-carcinoma-1,1.0061,0.0756,13.3123,1.9638e-40,0.0841,0.0167,1.0497,0.0119,0.0021,0.0076,3.0866540693078745e-38,3.770496e-39
GCST006465,endometrial-carcinoma-1,GCST90275158,schizophrenia-M1,0.1909,0.1117,1.7093,0.0874,0.1264,0.013,1.0374,0.0097,-0.0003,0.0057,1.0,0.1981984251968504
GCST90042844,anxiety-treatment-2,GCST004750,lung-cancer-squamous,-0.2421,0.1396,-1.7342,0.0829,0.0557,0.0151,1.0385,0.0096,-0.0016,0.0058,1.0,0.18991636363636366
GCST90011816,cervical-cancer-2,GCST006464,endometrial-carcinoma-2,0.1832,0.1652,1.1087,0.2676,0.0183,0.0047,1.0854,0.0096,0.0117,0.006,1.0,0.4484468827930175
GCST90043889,breast-neoplasm-1,GCST005903,mdd-2,-0.0455,0.1269,-0.3584,0.7201,0.0175,0.002,1.0004,0.007,-0.0051,0.0052,1.0,0.8321484536082474
GCST004750,lung-cancer-squamous,GCST90275156,schizo-age-sex-M1,0.3169,0.116,2.7305,0.0063,0.1102,0.0124,1.0332,0.0082,-0.0042,0.0052,0.1676983782961243,0.02048516129032258
GCST90042843,anxiety-treatment-1,GCST90042686,breast-cancer-family-mother,-0.0096,0.1052,-0.0913,0.9272,0.0063,0.0014,1.0264,0.0094,0.004,0.0054,1.0,0.9618755784061697
GCST006464,endometrial-carcinoma-2,GCST90137412,squamous-carcinoma,0.1751,0.084,2.0843,0.0371,0.0932,0.0128,0.8021,0.0232,0.0151,0.0066,0.8109740560427734,0.09906437086092716
GCST90011804,breast-carcinoma-1,GCST90275153,mdd-age-sex-M1,-0.0447,0.0573,-0.7795,0.4357,0.1085,0.0087,1.0201,0.0072,0.0021,0.0053,1.0,0.6203186440677966
GCST005902,depression-broad,GCST003769,depression-symptoms,0.8397,0.0347,24.1927,2.6523e-129,0.0385,0.0033,1.0155,0.0073,0.1327,0.0062,1.4590876900951456e-126,1.7823456e-127
GCST90042700,breast-cancer-family-siblings,GCST90042669,depression-family-father,-0.1997,0.1783,-1.1197,0.2629,0.0069,0.0014,1.0111,0.0069,0.0057,0.0054,1.0,0.4424093489148581
GCST90042778,anxiety-1,GCST90011804,breast-carcinoma-1,-0.2725,0.1243,-2.1916,0.0284,0.027,0.0039,1.0615,0.0138,0.0135,0.0049,0.6429405458745742,0.07853827160493827
GCST90042841,anxiety-medication,GCST90011816,cervical-cancer-2,-0.0775,0.1168,-0.6638,0.5068,0.0088,0.0025,1.017,0.008,0.0033,0.0054,1.0,0.6775257294429708
GCST90041833,breast-neoplasm-2,GCST90042673,intestinal-cancer-father,0.2445,0.1901,1.2864,0.1983,0.0018,0.001,1.024,0.0064,-0.0034,0.0043,1.0,0.3691058823529412
GCST009979,mdd-1,GCST90043874,skin-carcinoma-face,-0.0518,0.0703,-0.7365,0.4614,0.0083,0.0014,1.0234,0.008,-0.004,0.0056,1.0,0.6412905712319339
GCST003740,adenocarcinoma-barret-oesophagus,GCST90042784,depression-postpartum,0.1415,0.3048,0.4641,0.6426,0.0091,0.0076,0.9977,0.0065,-0.0025,0.0055,1.0,0.7772544691061788
GCST004744,adenocarcinoma-lung,GCST90042673,intestinal-cancer-father,-0.0408,0.1804,-0.2262,0.8211,0.0021,0.0011,1.0222,0.0069,0.0137,0.0049,1.0,0.9011091997822538
GCST90042686,breast-cancer-family-mother,GCST90042682,depression-family-mother,0.0687,0.1115,0.6161,0.5378,0.0089,0.0013,1.0201,0.0077,-0.0219,0.0052,1.0,0.7017506796116504
GCST90255675,crc-cancer-1,GCST009981,mdd-notrauma,0.0315,0.0782,0.403,0.6869,0.0318,0.0092,1.0154,0.0065,0.0053,0.0054,1.0,0.8053463414634146
GCST90041886,breast-carcinoma-2,GCST005903,mdd-2,0.0515,0.0947,0.5444,0.5862,0.0175,0.002,1.0004,0.007,-0.0057,0.0049,1.0,0.7364366355140187
GCST90275152,autism-1,GCST90041853,prostate-cancer-5,-0.0951,0.0738,-1.2888,0.1975,0.0178,0.0029,1.0305,0.0108,0.0077,0.0057,1.0,0.3686666666666667
GCST90041833,breast-neoplasm-2,GCST90042784,depression-postpartum,-0.1536,0.2502,-0.6139,0.5393,0.0088,0.0076,0.9981,0.0065,0.0005,0.0043,1.0,0.7018907682375726
GCST90042841,anxiety-medication,GCST90042673,intestinal-cancer-father,0.2278,0.1725,1.3211,0.1865,0.0018,0.001,1.0241,0.0064,0.0006,0.005,1.0,0.35336842105263155
GCST003740,adenocarcinoma-barret-oesophagus,GCST90042669,depression-family-father,-0.0161,0.1,-0.1614,0.8718,0.0069,0.0014,1.0116,0.007,-0.0011,0.0056,1.0,0.9246267997898056
GCST90275155,mdd-5,GCST90011808,prostate-cancer-3,0.0103,0.0557,0.1846,0.8535,0.0332,0.0046,1.0536,0.0197,-0.0073,0.0052,1.0,0.9162172523961661
GCST90275151,autism-sex-M1,GCST004749,lung-carcinoma-smokers,0.0653,0.0627,1.0407,0.298,0.1064,0.0265,1.0471,0.0096,-0.0075,0.0047,1.0,0.48566531932093776
GCST90011804,breast-carcinoma-1,GCST90041886,breast-carcinoma-2,0.9196,0.0308,29.8137,2.5995e-195,0.0078,0.0014,1.0421,0.0112,0.7158,0.0118,1.7160495194671782e-192,2.0962368e-193
GCST90255675,crc-cancer-1,GCST90042669,depression-family-father,-0.0832,0.0616,-1.3515,0.1765,0.0069,0.0013,1.0111,0.0067,0.0021,0.0055,1.0,0.3395267175572519
GCST90041853,prostate-cancer-5,GCST90043874,skin-carcinoma-face,0.0871,0.1065,0.818,0.4134,0.0083,0.0014,1.0233,0.0079,0.0046,0.0056,1.0,0.6048
GCST90041833,breast-neoplasm-2,GCST90013410,bcc-1,0.0824,0.0668,1.2343,0.2171,0.0316,0.0044,1.0621,0.0173,0.0485,0.0058,1.0,0.3923806797853309
GCST90042686,breast-cancer-family-mother,GCST90041853,prostate-cancer-5,0.1248,0.1173,1.064,0.2873,0.018,0.0029,1.03,0.0107,0.0111,0.005,1.0,0.4716586319218241
GCST90042778,anxiety-1,GCST90042698,lung-cancer-family-sibling,0.2449,0.2455,0.9975,0.3185,0.0043,0.0014,1.0091,0.0067,-0.0011,0.0046,1.0,0.5075857707509881
GCST90042700,breast-cancer-family-siblings,GCST003769,depression-symptoms,0.299,0.1348,2.218,0.0266,0.0387,0.0034,1.0147,0.0075,0.0052,0.005,0.6105661864714401,0.0745835883171071
GCST90225529,anxiety-others,GCST005902,depression-broad,0.8046,0.0514,15.6424,3.7423000000000005e-55,0.0577,0.0029,1.0361,0.0101,0.1538,0.0065,8.82308701769849e-53,1.0777824000000003e-53
GCST90225529,anxiety-others,GCST90042696,prostate-cancer-sibling,0.1344,0.2166,0.6203,0.535,0.0016,0.0011,1.0013,0.0062,0.0015,0.0051,1.0,0.7008187134502925
GCST009979,mdd-1,GCST004749,lung-carcinoma-smokers,0.1175,0.0781,1.5044,0.1325,0.1045,0.0268,1.0485,0.0096,0.0049,0.0061,1.0,0.2781410788381743
GCST009981,mdd-notrauma,GCST90275153,mdd-age-sex-M1,0.7214,0.1516,4.7571,1.9644e-06,0.1079,0.0088,1.0209,0.0072,0.006,0.0052,8.464691884514156e-05,1.0340027154046997e-05
GCST90255676,crc-cancer-2,GCST90042684,lung-cancer-family-mother,0.1928,0.0979,1.969,0.049,0.0035,0.0011,1.0163,0.0063,0.0119,0.006,1.0,0.12441309823677582
GCST90042778,anxiety-1,GCST90042682,depression-family-mother,0.7227,0.1984,3.6433,0.0003,0.0089,0.0013,1.0201,0.0077,0.0297,0.0046,0.00986273900053093,0.0012047808764940238
GCST90042696,prostate-cancer-sibling,GCST90011808,prostate-cancer-3,1.0217,0.4111,2.4853,0.0129,0.0332,0.0046,1.0536,0.0197,0.057,0.007,0.3172832847473333,0.03875767511177347
GCST90275148,ADHD-sex-M1,GCST90042699,intestinal-cancer-sibling,0.5251,0.1594,3.2933,0.001,0.0022,0.0011,1.011,0.0062,0.0044,0.0058,0.030281926472578147,0.0036990825688073396
GCST004750,lung-cancer-squamous,GCST90042696,prostate-cancer-sibling,0.2422,0.3039,0.7969,0.4255,0.0011,0.0011,1.0042,0.006,-0.0011,0.005,1.0,0.6113957325746799
GCST90275153,mdd-age-sex-M1,GCST90011808,prostate-cancer-3,0.0103,0.0558,0.1846,0.8535,0.0332,0.0046,1.0536,0.0197,-0.0062,0.0052,1.0,0.9162172523961661
GCST90275147,ADHD-age-sex-M1,GCST90275149,ADHD-1,1.0012,0.0008,1227.6114,0.0,0.2445,0.0144,1.0754,0.0086,1.0495,0.0085,0.0,0.0
GCST009981,mdd-notrauma,GCST90042670,prostate-cancer-father,0.0672,0.1804,0.3724,0.7096,0.0065,0.0013,1.0202,0.0081,-0.005,0.0051,1.0,0.821685008615738
GCST90042682,depression-family-mother,GCST90013410,bcc-1,-0.015,0.0632,-0.2366,0.8129,0.0316,0.0044,1.0622,0.0173,-0.0022,0.005,1.0,0.8965024070021881
GCST009979,mdd-1,GCST90275154,mdd-sex-M1,0.6712,0.0518,12.9662,1.9019999999999999e-38,0.1191,0.0091,1.0268,0.0075,0.0159,0.0054,2.9336394544121287e-36,3.5835813084112145e-37
GCST90225529,anxiety-others,GCST90042685,intestinal-cancer-mother,0.1277,0.1276,1.0003,0.3172,0.0035,0.0011,1.0079,0.0065,0.0034,0.0052,1.0,0.5063144893111639
GCST90043889,breast-neoplasm-1,GCST90255675,crc-cancer-1,0.0166,0.0693,0.2393,0.8109,0.0862,0.0092,1.1792,0.023,0.0154,0.006,1.0,0.895766794520548
GCST009980,mdd-trauma,GCST90042786,depression-trauma,0.0697,0.1734,0.4023,0.6874,0.0203,0.0053,1.0123,0.0072,-0.0161,0.0047,1.0,0.8053463414634146
GCST004744,adenocarcinoma-lung,GCST90275149,ADHD-1,0.2519,0.0586,4.2983,1.7214e-05,0.2448,0.0147,1.0742,0.0089,0.0035,0.0055,0.0006748071968003167,8.243093586698338e-05
GCST90275147,ADHD-age-sex-M1,GCST009980,mdd-trauma,0.3807,0.0733,5.1923,2.0773e-07,0.1079,0.0169,1.0007,0.0067,0.0119,0.0055,9.851445975433962e-06,1.2034013793103448e-06
GCST90042841,anxiety-medication,GCST90275156,schizo-age-sex-M1,0.3989,0.0727,5.4849,4.1374e-08,0.1137,0.0122,1.0311,0.008,0.0072,0.0052,2.0945460493946755e-06,2.5585884662576683e-07
GCST009980,mdd-trauma,GCST90042695,depression-family-sibling,0.5493,0.1167,4.7079,2.5028e-06,0.0127,0.0015,1.0177,0.0079,0.0296,0.0051,0.00010618338056217193,1.2970809254498714e-05
GCST90042686,breast-cancer-family-mother,GCST004749,lung-carcinoma-smokers,0.0943,0.1107,0.8515,0.3945,0.1094,0.0264,1.0449,0.0098,-0.0078,0.0052,1.0,0.5869461254612547
GCST90275154,mdd-sex-M1,GCST003769,depression-symptoms,0.8056,0.0594,13.5626,6.6712e-42,0.0384,0.0033,1.0159,0.0072,0.0097,0.0059,1.0900905880861934e-39,1.3315979405940594e-40
GCST004744,adenocarcinoma-lung,GCST90042670,prostate-cancer-father,0.0625,0.1058,0.5906,0.5548,0.0064,0.0013,1.0227,0.0082,0.0005,0.0048,1.0,0.7119521323997453
GCST90255676,crc-cancer-2,GCST90042696,prostate-cancer-sibling,0.3129,0.1984,1.5767,0.1149,0.0014,0.0011,1.0026,0.0062,0.0044,0.0061,1.0,0.2490735483870968
GCST90043889,breast-neoplasm-1,GCST009979,mdd-1,0.0397,0.0873,0.4546,0.6494,0.078,0.0059,1.0181,0.0076,0.0033,0.0049,1.0,0.7839463473053891
GCST90042682,depression-family-mother,GCST006464,endometrial-carcinoma-2,-0.0443,0.1529,-0.29,0.7718,0.0182,0.0045,1.0862,0.0097,-0.0015,0.0063,1.0,0.8648964980544748
GCST90042844,anxiety-treatment-2,GCST90042673,intestinal-cancer-father,0.152,0.2166,0.7017,0.4829,0.0018,0.001,1.0241,0.0064,-0.0011,0.0053,1.0,0.6586782138024357
GCST90275149,ADHD-1,GCST005903,mdd-2,0.5435,0.0553,9.8363,7.853e-23,0.0172,0.0021,1.0016,0.0068,0.0073,0.0051,7.9026318829933e-21,9.653443902439023e-22
GCST90225528,anxiety-any,GCST90042670,prostate-cancer-father,0.1923,0.1033,1.8621,0.0626,0.0066,0.0013,1.0196,0.0085,-0.0056,0.0049,1.0,0.1522335343787696
GCST90042778,anxiety-1,GCST90041853,prostate-cancer-5,-0.1133,0.1482,-0.7645,0.4446,0.0179,0.0029,1.0305,0.0107,0.0107,0.0049,1.0,0.6258878661087866
GCST90011808,prostate-cancer-3,GCST90013410,bcc-1,0.1252,0.0568,2.2058,0.0274,0.0315,0.0044,1.0631,0.0172,0.062,0.0061,0.6228650248140627,0.07608595041322315
GCST90042684,lung-cancer-family-mother,GCST004750,lung-cancer-squamous,1.1241,0.2197,5.1164,3.1137e-07,0.0557,0.0152,1.0385,0.0097,0.0089,0.0055,1.4557341297288465e-05,1.7782490651558072e-06
GCST90043889,breast-neoplasm-1,GCST003769,depression-symptoms,0.0387,0.0922,0.42,0.6745,0.0387,0.0034,1.0147,0.0075,-0.0046,0.0052,1.0,0.8008197879858657
GCST90041833,breast-neoplasm-2,GCST90275157,schizo-sex-M1,0.1727,0.0782,2.2089,0.0272,0.126,0.0132,1.0383,0.0087,-0.0126,0.0054,0.6191714179717219,0.07563475862068965
GCST004744,adenocarcinoma-lung,GCST004750,lung-cancer-squamous,0.6052,0.1082,5.5951,2.2047e-08,0.0557,0.014,1.04,0.0087,0.245,0.0062,1.1406143258708686e-06,1.3933151097178683e-07
GCST90255675,crc-cancer-1,GCST90011808,prostate-cancer-3,0.0408,0.0535,0.7628,0.4456,0.0332,0.0047,1.0536,0.0192,0.0306,0.0102,1.0,0.6260136585365853
GCST90041886,breast-carcinoma-2,GCST90042786,depression-trauma,0.0235,0.1335,0.1758,0.8605,0.0205,0.0053,1.0121,0.0071,-0.003,0.0046,1.0,0.9212788104089219
GCST90255676,crc-cancer-2,GCST90275155,mdd-5,0.097,0.0388,2.4984,0.0125,0.1196,0.0093,1.0284,0.0075,-0.0049,0.0059,0.30928879174578505,0.037781109445277364
GCST90041886,breast-carcinoma-2,GCST90042700,breast-cancer-family-siblings,0.9299,0.1559,5.9667,2.4211e-09,0.0043,0.0012,1.0081,0.0065,0.0741,0.0064,1.3408384845504574e-07,1.6378985234899328e-08
GCST90042841,anxiety-medication,GCST90011808,prostate-cancer-3,0.0931,0.0716,1.3002,0.1935,0.0332,0.0046,1.0535,0.0196,-0.0015,0.0053,1.0,0.36288000000000004
GCST90275151,autism-sex-M1,GCST90042860,crc-benign-neoplasm,0.2594,0.0573,4.5248,6.0451e-06,0.0099,0.0014,1.0491,0.0092,-0.0069,0.0049,0.00024633633130139083,3.0091164444444444e-05
GCST90225529,anxiety-others,GCST90013410,bcc-1,-0.0288,0.06,-0.4801,0.6312,0.0318,0.0044,1.0604,0.0172,0.0085,0.0054,1.0,0.7685391304347826
GCST006465,endometrial-carcinoma-1,GCST90013410,bcc-1,-0.039,0.098,-0.3984,0.6903,0.0302,0.0048,1.0753,0.0226,0.0008,0.0064,1.0,0.8062831981460024
GCST90042682,depression-family-mother,GCST90275158,schizophrenia-M1,0.4627,0.079,5.8582,4.6786e-09,0.1264,0.0132,1.0383,0.0087,0.0212,0.0056,2.539933439179581e-07,3.10265052631579e-08
GCST009979,mdd-1,GCST006464,endometrial-carcinoma-2,0.1321,0.0955,1.3833,0.1666,0.0187,0.0046,1.0849,0.0099,-0.0038,0.0064,1.0,0.3260831067961165
GCST90225527,anxiety-2,GCST90275154,mdd-sex-M1,0.5059,0.0814,6.215,5.1336e-10,0.1192,0.0095,1.0269,0.0081,0.0085,0.0058,3.0083461733192973e-08,3.6748391489361703e-09
GCST90042695,depression-family-sibling,GCST90043894,prostate-cancer-1,0.0386,0.0785,0.4923,0.6225,0.0254,0.0035,1.0432,0.014,0.0048,0.0055,1.0,0.7619672131147541
GCST90042695,depression-family-sibling,GCST90042673,intestinal-cancer-father,-0.1538,0.1855,-0.8292,0.407,0.0018,0.001,1.024,0.0064,0.0109,0.0049,1.0,0.5986240700218819
GCST90275148,ADHD-sex-M1,GCST90042696,prostate-cancer-sibling,0.1365,0.1703,0.8013,0.423,0.0014,0.0011,1.0031,0.0063,0.005,0.0056,1.0,0.6106997858672377
GCST90275152,autism-1,GCST90042685,intestinal-cancer-mother,0.199,0.1145,1.7385,0.0821,0.0034,0.001,1.0083,0.0064,-0.005,0.0058,1.0,0.1882976109215017
GCST90041830,non-epithelial-carcinoma,GCST90137412,squamous-carcinoma,0.506,0.057,8.8787,6.763800000000001e-19,0.0961,0.0108,0.7865,0.0186,0.252,0.0109,5.844365831413463e-17,7.139173193717279e-18
GCST90042841,anxiety-medication,GCST90275158,schizophrenia-M1,0.3733,0.0687,5.4346,5.4926e-08,0.1266,0.0131,1.0381,0.0087,0.0109,0.0052,2.705908883345943e-06,3.3053974925373135e-07
GCST90275148,ADHD-sex-M1,GCST90042698,lung-cancer-family-sibling,0.535,0.1154,4.6348,3.5724e-06,0.0042,0.0014,1.0095,0.0067,0.0122,0.0057,0.00015040214030917807,1.8372342857142857e-05
GCST90041833,breast-neoplasm-2,GCST90042700,breast-cancer-family-siblings,0.8133,0.1516,5.3646,8.114e-08,0.0043,0.0012,1.0081,0.0065,0.0639,0.0066,3.915515073455614e-06,4.78298947368421e-07
GCST90042670,prostate-cancer-father,GCST90011808,prostate-cancer-3,0.94,0.114,8.2469,1.6259e-16,0.0332,0.0046,1.0537,0.0197,0.0471,0.0098,1.3218366707986119e-14,1.614686896551724e-15
GCST90042844,anxiety-treatment-2,GCST90043894,prostate-cancer-1,0.0528,0.0991,0.5329,0.5941,0.0254,0.0035,1.043,0.014,-0.0032,0.0052,1.0,0.7404037059913527
GCST90275150,autism-age-sex-M1,GCST90041830,non-epithelial-carcinoma,0.0067,0.0688,0.0978,0.9221,0.017,0.0027,1.0274,0.0123,-0.0065,0.0061,1.0,0.958925631768953
GCST90225528,anxiety-any,GCST90041853,prostate-cancer-5,0.0598,0.0863,0.6933,0.4881,0.018,0.003,1.0301,0.0114,0.0079,0.0058,1.0,0.6624581426648722
GCST90275151,autism-sex-M1,GCST90043874,skin-carcinoma-face,-0.0752,0.0778,-0.9669,0.3336,0.0084,0.0014,1.0234,0.008,-0.0032,0.0057,1.0,0.5221565217391305
GCST90042778,anxiety-1,GCST90011809,melanoma-1,0.2474,0.1748,1.415,0.1571,0.0088,0.0023,1.0018,0.0089,-0.0129,0.0048,1.0,0.3134670623145401
GCST90043889,breast-neoplasm-1,GCST90275153,mdd-age-sex-M1,-0.07,0.0867,-0.8075,0.4194,0.1074,0.0093,1.0215,0.0074,0.0034,0.0051,1.0,0.6087131560028756
GCST90042669,depression-family-father,GCST90275156,schizo-age-sex-M1,0.4249,0.097,4.3802,1.1857e-05,0.1137,0.0122,1.0312,0.008,0.0024,0.0054,0.00046926565273626067,5.732305035971223e-05
GCST90275149,ADHD-1,GCST90042841,anxiety-medication,0.262,0.0548,4.784,1.7187e-06,0.039,0.004,1.0085,0.0076,0.0132,0.0057,7.427938565561641e-05,9.073583246073299e-06
GCST90255676,crc-cancer-2,GCST005902,depression-broad,0.0232,0.0306,0.7592,0.4478,0.0573,0.0029,1.039,0.0099,0.0007,0.0061,1.0,0.6282288100208768
GCST90275149,ADHD-1,GCST90042784,depression-postpartum,0.2714,0.2211,1.2274,0.2197,0.0088,0.0077,0.9981,0.0065,0.0061,0.0057,1.0,0.39475508021390376
GCST90011816,cervical-cancer-2,GCST90275157,schizo-sex-M1,0.4785,0.1253,3.8176,0.0001,0.1292,0.0128,1.0354,0.0089,-0.0043,0.0047,0.0034598846808291594,0.00042264150943396227
GCST006464,endometrial-carcinoma-2,GCST90275157,schizo-sex-M1,0.2337,0.1056,2.214,0.0268,0.126,0.013,1.0374,0.0096,-0.0047,0.0057,0.6134505104833238,0.07493592233009709
GCST90042673,intestinal-cancer-father,GCST90013410,bcc-1,0.2059,0.1492,1.3806,0.1674,0.0316,0.0044,1.0621,0.0173,-0.0015,0.0052,1.0,0.3273311348205626
GCST90225527,anxiety-2,GCST009981,mdd-notrauma,0.622,0.1564,3.9768,6.9853e-05,0.0321,0.0093,1.0148,0.0065,0.039,0.0056,0.0025061509964989254,0.0003061383652173913
GCST90042844,anxiety-treatment-2,GCST90042682,depression-family-mother,0.7167,0.0979,7.3222,2.4387e-13,0.0089,0.0013,1.0202,0.0077,0.0345,0.005,1.629451460661077e-11,1.990453117408907e-12
GCST90042843,anxiety-treatment-1,GCST90275158,schizophrenia-M1,0.3266,0.0659,4.959,7.0849e-07,0.1266,0.0131,1.0381,0.0087,0.0089,0.0049,3.168745511429134e-05,3.870774634146341e-06
GCST90011804,breast-carcinoma-1,GCST90042686,breast-cancer-family-mother,0.9453,0.1033,9.153,5.5359e-20,0.0064,0.0014,1.0251,0.0094,0.0704,0.0102,5.047655007400675e-18,6.16595270718232e-19
GCST004750,lung-cancer-squamous,GCST90011809,melanoma-1,0.0232,0.1136,0.2047,0.8378,0.0087,0.0023,1.0021,0.0087,-0.0107,0.0056,1.0,0.9069839228295821
GCST90042778,anxiety-1,GCST90041886,breast-carcinoma-2,-0.0818,0.1614,-0.5069,0.6122,0.008,0.0015,1.0403,0.0105,0.0043,0.005,1.0,0.7557839559093692
GCST90225527,anxiety-2,GCST90275153,mdd-age-sex-M1,0.47,0.081,5.8006,6.6072e-09,0.1095,0.0093,1.0189,0.0078,0.0078,0.0056,3.551886508187036e-07,4.338799739413681e-08
GCST006465,endometrial-carcinoma-1,GCST90042699,intestinal-cancer-sibling,-0.0779,0.2983,-0.261,0.7941,0.002,0.0011,1.0139,0.0072,0.0089,0.0057,1.0,0.882041652892562
GCST90275148,ADHD-sex-M1,GCST90275154,mdd-sex-M1,0.5734,0.0345,16.6101,5.8899e-62,0.1185,0.0091,1.0273,0.0075,0.4248,0.0062,1.4954591955124112e-59,1.8267751384615385e-60
GCST90042695,depression-family-sibling,GCST90137412,squamous-carcinoma,0.0241,0.0399,0.6024,0.5469,0.0961,0.0108,0.7864,0.0186,0.0041,0.0052,1.0,0.7081248554913295
GCST90042673,intestinal-cancer-father,GCST90042698,lung-cancer-family-sibling,-0.0103,0.3044,-0.0337,0.9731,0.0043,0.0014,1.0092,0.0067,0.0078,0.005,1.0,0.9840505263157895
GCST90042843,anxiety-treatment-1,GCST90043889,breast-neoplasm-1,-0.0079,0.1084,-0.0728,0.942,0.0049,0.0011,1.011,0.0081,0.0025,0.0048,1.0,0.9712049079754602
GCST90041886,breast-carcinoma-2,GCST90042672,lung-cancer-family-father,0.11,0.0868,1.2674,0.205,0.0132,0.0018,0.9978,0.0081,0.0021,0.0049,1.0,0.37607563636363633
GCST004749,lung-carcinoma-smokers,GCST90041830,non-epithelial-carcinoma,0.3042,0.0792,3.8431,0.0001,0.0167,0.0027,1.027,0.0122,-0.0021,0.0054,0.0034598846808291594,0.00042264150943396227
GCST90041853,prostate-cancer-5,GCST90137411,bcc-2,0.122,0.0612,1.9949,0.0461,0.0701,0.0119,0.9733,0.0229,0.0364,0.0057,0.9667322257436973,0.1180909783989835
GCST90042685,intestinal-cancer-mother,GCST90137412,squamous-carcinoma,0.0956,0.076,1.2581,0.2084,0.0961,0.0108,0.7865,0.0186,0.001,0.0054,1.0,0.37986835443037975
GCST90042695,depression-family-sibling,GCST90011809,melanoma-1,-0.1159,0.0939,-1.2341,0.2172,0.0088,0.0023,1.0018,0.0089,-0.0013,0.0055,1.0,0.3923806797853309
GCST90011804,breast-carcinoma-1,GCST009981,mdd-notrauma,-0.1277,0.1144,-1.1164,0.2642,0.0315,0.0091,1.0153,0.007,0.0101,0.0051,1.0,0.443856
GCST90042685,intestinal-cancer-mother,GCST90011808,prostate-cancer-3,0.1675,0.1109,1.5105,0.1309,0.0332,0.0046,1.0536,0.0197,0.0053,0.0051,1.0,0.2751766423357664
GCST009981,mdd-notrauma,GCST90042684,lung-cancer-family-mother,0.1812,0.1984,0.9133,0.3611,0.0036,0.0012,1.0165,0.0067,0.0031,0.0045,1.0,0.5527544419134396
GCST90042669,depression-family-father,GCST90137412,squamous-carcinoma,-0.0556,0.0558,-0.9968,0.3189,0.0961,0.0108,0.7865,0.0186,-0.0097,0.0061,1.0,0.5078218009478673
GCST90041833,breast-neoplasm-2,GCST009980,mdd-trauma,0.1354,0.0957,1.4146,0.1572,0.1018,0.0169,1.0039,0.0067,-0.0031,0.005,1.0,0.3134670623145401
GCST005903,mdd-2,GCST90011809,melanoma-1,0.0807,0.0886,0.9108,0.3624,0.009,0.0023,1.0003,0.0089,-0.0078,0.0053,1.0,0.553903260045489
GCST90275150,autism-age-sex-M1,GCST90011816,cervical-cancer-2,0.0823,0.0988,0.833,0.4049,0.0086,0.0024,1.0181,0.0079,0.0061,0.0049,1.0,0.5966947368421052
GCST005903,mdd-2,GCST90275153,mdd-age-sex-M1,0.7104,0.0766,9.277,1.7434e-20,0.1073,0.0092,1.0218,0.0073,0.0078,0.0053,1.6631481666878349e-18,2.031615260115607e-19
GCST005903,mdd-2,GCST90275154,mdd-sex-M1,0.737,0.0744,9.907,3.8798e-23,0.118,0.0095,1.0283,0.0076,0.0086,0.0052,3.952522283267175e-21,4.828195555555556e-22
GCST90042843,anxiety-treatment-1,GCST90011804,breast-carcinoma-1,-0.0681,0.069,-0.987,0.3236,0.027,0.0039,1.0619,0.0138,0.0105,0.0056,1.0,0.5121430588235294
GCST90275156,schizo-age-sex-M1,GCST90013410,bcc-1,-0.0118,0.0531,-0.2216,0.8246,0.0317,0.0044,1.062,0.0172,5.0867e-05,0.0055,1.0,0.9015726829268292
GCST006464,endometrial-carcinoma-2,GCST004750,lung-cancer-squamous,0.1346,0.2176,0.6186,0.5362,0.0476,0.0165,1.0522,0.0112,0.0126,0.0068,1.0,0.7014790395846853
GCST90275148,ADHD-sex-M1,GCST90042843,anxiety-treatment-1,0.1327,0.0609,2.1797,0.0293,0.0363,0.0043,1.0001,0.007,0.0121,0.0059,0.6605969164991313,0.08069508196721312
GCST90275155,mdd-5,GCST90042695,depression-family-sibling,0.7396,0.0712,10.3802,3.0517e-25,0.0129,0.0015,1.0163,0.0079,0.0087,0.0056,3.3801468781154276e-23,4.129011543624161e-24
GCST90042686,breast-cancer-family-mother,GCST003769,depression-symptoms,0.0513,0.0857,0.5987,0.5494,0.0387,0.0034,1.0147,0.0075,-0.0073,0.0054,1.0,0.7095390134529148
GCST90042786,depression-trauma,GCST90042673,intestinal-cancer-father,-0.0981,0.2925,-0.3354,0.7373,0.0018,0.001,1.0242,0.0064,0.0073,0.0052,1.0,0.8431065229722063
GCST90042670,prostate-cancer-father,GCST90137412,squamous-carcinoma,-0.0972,0.062,-1.5666,0.1172,0.0961,0.0108,0.7864,0.0186,-0.0044,0.0052,1.0,0.2521613660618997
GCST90275148,ADHD-sex-M1,GCST90041830,non-epithelial-carcinoma,0.0705,0.0448,1.5744,0.1154,0.017,0.0027,1.0272,0.0123,-0.0059,0.0058,1.0,0.24962060085836912
GCST90225529,anxiety-others,GCST004748,lung-carcinoma-1,0.027,0.0705,0.3831,0.7016,0.0838,0.0165,1.0498,0.0117,0.0115,0.006,1.0,0.8161717253317946
GCST90042843,anxiety-treatment-1,GCST90275157,schizo-sex-M1,0.3276,0.0659,4.9701,6.693e-07,0.1261,0.0131,1.0381,0.0087,0.0089,0.0049,3.00978008079363e-05,3.676590735694823e-06
GCST90275153,mdd-age-sex-M1,GCST006465,endometrial-carcinoma-1,-0.0083,0.1047,-0.0797,0.9365,0.0348,0.0098,1.0749,0.0093,0.0035,0.0059,1.0,0.9677006663249615
GCST004750,lung-cancer-squamous,GCST90041853,prostate-cancer-5,-0.1699,0.1244,-1.3657,0.172,0.0175,0.0029,1.0303,0.0111,0.0045,0.0058,1.0,0.33182009569377985
GCST90275150,autism-age-sex-M1,GCST90275153,mdd-age-sex-M1,0.6437,0.0466,13.8021,2.4746e-43,0.1076,0.0087,1.0211,0.0073,0.3261,0.0059,4.0839932110727827e-41,4.9887936e-42
GCST90042860,crc-benign-neoplasm,GCST003769,depression-symptoms,0.3345,0.0693,4.8281,1.3787e-06,0.0387,0.0034,1.0147,0.0075,0.0165,0.0053,6.0194661786032285e-05,7.3530666666666665e-06
GCST009980,mdd-trauma,GCST90041853,prostate-cancer-5,-0.0755,0.115,-0.6567,0.5114,0.0179,0.0029,1.0302,0.0107,0.0022,0.005,1.0,0.6816824851288831
GCST005902,depression-broad,GCST90042696,prostate-cancer-sibling,0.1295,0.152,0.8519,0.3943,0.0015,0.0011,1.0023,0.0063,0.0124,0.0053,1.0,0.5869461254612547
GCST90225527,anxiety-2,GCST90041853,prostate-cancer-5,0.0836,0.0931,0.8985,0.3689,0.018,0.003,1.0301,0.0114,0.0066,0.0059,1.0,0.5604388847023362
GCST90042843,anxiety-treatment-1,GCST90011816,cervical-cancer-2,-0.0171,0.1194,-0.143,0.8863,0.0088,0.0025,1.017,0.008,-0.0004,0.0052,1.0,0.9330448041775458
GCST90042784,depression-postpartum,GCST90041853,prostate-cancer-5,0.2302,0.2926,0.7868,0.4314,0.018,0.0029,1.0301,0.0107,-0.0026,0.0047,1.0,0.6156433121019108
GCST90042841,anxiety-medication,GCST90275153,mdd-age-sex-M1,0.5288,0.0697,7.5838,3.3565e-14,0.1076,0.0092,1.0212,0.0074,0.0102,0.005,2.408456564427768e-12,2.942045217391304e-13
GCST004749,lung-carcinoma-smokers,GCST90043894,prostate-cancer-1,-0.1003,0.0867,-1.1568,0.2474,0.0263,0.0034,1.0406,0.0137,0.0101,0.0056,1.0,0.42556177474402734
GCST90275156,schizo-age-sex-M1,GCST90011809,melanoma-1,-0.1471,0.0893,-1.6468,0.0996,0.0089,0.0023,1.0015,0.009,0.0037,0.005,1.0,0.2218713812154696
GCST90275147,ADHD-age-sex-M1,GCST90137412,squamous-carcinoma,0.4437,0.0384,11.5634,6.3186000000000005e-31,0.096,0.0109,0.7879,0.0191,0.0103,0.0062,8.083718018003845e-29,9.874649302325581e-30
GCST90275155,mdd-5,GCST90042684,lung-cancer-family-mother,0.5193,0.1213,4.2823,1.85e-05,0.0037,0.0012,1.0161,0.0067,0.0042,0.0052,0.0007217908360751043,8.817021276595743e-05
GCST90042786,depression-trauma,GCST90042695,depression-family-sibling,0.0228,0.1211,0.1882,0.8507,0.0126,0.0015,1.018,0.0079,-0.0163,0.0051,1.0,0.9146726399999999
GCST90275149,ADHD-1,GCST90137412,squamous-carcinoma,0.4438,0.0373,11.8867,1.3874e-32,0.096,0.0109,0.7879,0.0191,0.0089,0.0062,1.957022556366661e-30,2.390596923076923e-31
GCST90275148,ADHD-sex-M1,GCST90042686,breast-cancer-family-mother,-0.1572,0.0696,-2.2597,0.0238,0.0062,0.0014,1.0266,0.0093,0.0034,0.0055,0.5540012246485349,0.06767390691114246
GCST90041833,breast-neoplasm-2,GCST90041830,non-epithelial-carcinoma,0.1332,0.07,1.9015,0.0572,0.0169,0.0027,1.0279,0.0122,0.0112,0.005,1.0,0.1409721271393643
GCST90043874,skin-carcinoma-face,GCST90137412,squamous-carcinoma,0.4746,0.059,8.0474,8.4581e-16,0.0961,0.0108,0.7865,0.0186,0.1982,0.0074,6.553498659730221e-14,8.00541295774648e-15
GCST90275147,ADHD-age-sex-M1,GCST90275151,autism-sex-M1,0.438,0.0384,11.4208,3.2915e-30,0.1499,0.0116,1.0317,0.008,0.4892,0.0065,4.115285131556635e-28,5.027018181818182e-29
GCST90042778,anxiety-1,GCST90255675,crc-cancer-1,-0.1005,0.0883,-1.1386,0.2549,0.0863,0.0092,1.1788,0.0228,0.0039,0.0052,1.0,0.4329219882055602
GCST90011804,breast-carcinoma-1,GCST90275158,schizophrenia-M1,0.0632,0.0618,1.0227,0.3064,0.1288,0.0122,1.0354,0.0085,-0.0075,0.0054,1.0,0.4949538461538462
GCST90275147,ADHD-age-sex-M1,GCST90042695,depression-family-sibling,0.2939,0.0534,5.5071,3.6485e-08,0.0129,0.0015,1.0165,0.008,0.0095,0.0063,1.864197113333893e-06,2.2772061919504643e-07
GCST90275153,mdd-age-sex-M1,GCST90275157,schizo-sex-M1,0.856,0.0397,21.552,5.0672e-103,0.1283,0.0125,1.0358,0.0084,0.4235,0.0053,2.090682372822679e-100,2.5538688e-101
GCST90275149,ADHD-1,GCST90041830,non-epithelial-carcinoma,0.0691,0.0442,1.5655,0.1175,0.017,0.0027,1.0272,0.0123,-0.0051,0.0059,1.0,0.2525373134328358
GCST90275154,mdd-sex-M1,GCST90042698,lung-cancer-family-sibling,0.4317,0.1256,3.4361,0.0006,0.0042,0.0014,1.0095,0.0068,0.0086,0.005,0.01896971256040815,0.0023172413793103447
GCST90275152,autism-1,GCST004749,lung-carcinoma-smokers,0.0703,0.0598,1.1756,0.2398,0.1064,0.0265,1.0471,0.0096,-0.0077,0.0048,1.0,0.4181979238754326
GCST90042786,depression-trauma,GCST90042699,intestinal-cancer-sibling,-0.4477,0.2838,-1.5774,0.1147,0.0022,0.0011,1.0114,0.0062,0.0154,0.005,1.0,0.24890764262648007
GCST90042673,intestinal-cancer-father,GCST004750,lung-cancer-squamous,0.2982,0.1992,1.4969,0.1344,0.0557,0.0152,1.0385,0.0097,-0.0025,0.0052,1.0,0.2804869565217391
GCST90275157,schizo-sex-M1,GCST90041830,non-epithelial-carcinoma,0.0287,0.0661,0.4343,0.6641,0.017,0.0027,1.0272,0.0123,0.001,0.0054,1.0,0.7952731157270029
GCST90011816,cervical-cancer-2,GCST90042695,depression-family-sibling,0.0645,0.1251,0.5157,0.6061,0.0126,0.0015,1.0184,0.0078,0.0067,0.0055,1.0,0.7500906077348065
GCST004744,adenocarcinoma-lung,GCST005902,depression-broad,0.0966,0.0547,1.7679,0.0771,0.0571,0.0028,1.0402,0.0097,-0.0051,0.0059,1.0,0.17824954128440368
GCST90042686,breast-cancer-family-mother,GCST90011809,melanoma-1,0.1568,0.1219,1.2866,0.1982,0.0088,0.0023,1.0017,0.0089,0.0018,0.0057,1.0,0.3691058823529412
GCST90042682,depression-family-mother,GCST004749,lung-carcinoma-smokers,-0.1432,0.0983,-1.4566,0.1452,0.1094,0.0264,1.0449,0.0098,0.0009,0.0052,1.0,0.2968795131845842
GCST90042784,depression-postpartum,GCST90042698,lung-cancer-family-sibling,-0.0786,0.4117,-0.1908,0.8487,0.0043,0.0014,1.0091,0.0067,0.0048,0.005,1.0,0.9139846153846154
GCST90011816,cervical-cancer-2,GCST006465,endometrial-carcinoma-1,0.202,0.1731,1.1669,0.2432,0.035,0.0094,1.0741,0.0085,0.0044,0.006,1.0,0.42102386266094416
GCST90042685,intestinal-cancer-mother,GCST90043894,prostate-cancer-1,0.1706,0.1229,1.3882,0.1651,0.0254,0.0035,1.0431,0.014,0.0049,0.0051,1.0,0.324168093385214
GCST90042860,crc-benign-neoplasm,GCST006464,endometrial-carcinoma-2,0.1394,0.1206,1.1556,0.2478,0.0181,0.0045,1.0863,0.0097,-0.0025,0.006,1.0,0.42584782978723407
GCST90042860,crc-benign-neoplasm,GCST90042682,depression-family-mother,0.1658,0.0891,1.8602,0.0629,0.0089,0.0013,1.0201,0.0077,0.0118,0.0051,1.0,0.15277879518072288
GCST90042695,depression-family-sibling,GCST90043874,skin-carcinoma-face,0.0066,0.0893,0.0737,0.9413,0.0083,0.0014,1.0233,0.0079,-0.0018,0.0053,1.0,0.9711672466734903
GCST90042844,anxiety-treatment-2,GCST90275150,autism-age-sex-M1,0.3338,0.0826,4.039,5.3668e-05,0.143,0.0117,1.0344,0.0083,-0.0104,0.0054,0.001959552841398289,0.00023936877876106193
GCST90225527,anxiety-2,GCST90043894,prostate-cancer-1,0.0618,0.0782,0.7893,0.4299,0.0254,0.0036,1.0434,0.0143,0.0036,0.0053,1.0,0.6155386363636364
GCST004744,adenocarcinoma-lung,GCST90011808,prostate-cancer-3,0.0165,0.0752,0.2193,0.8264,0.0345,0.0046,1.0497,0.0192,0.0107,0.0058,1.0,0.9022336762317271
GCST90041886,breast-carcinoma-2,GCST004750,lung-cancer-squamous,0.1665,0.1049,1.5875,0.1124,0.0556,0.0152,1.0386,0.0096,-0.005,0.005,1.0,0.24470669546436286
GCST009981,mdd-notrauma,GCST90042682,depression-family-mother,0.9811,0.1903,5.1564,2.5171e-07,0.0089,0.0013,1.0201,0.0077,0.025,0.0048,1.1801516259275263e-05,1.4416118181818184e-06
GCST90042685,intestinal-cancer-mother,GCST90042699,intestinal-cancer-sibling,0.5605,0.3037,1.8456,0.065,0.0022,0.0011,1.0114,0.0062,0.048,0.0044,1.0,0.15712230215827339
GCST005902,depression-broad,GCST90011809,melanoma-1,0.0328,0.0578,0.5664,0.5711,0.009,0.0023,1.0003,0.0088,-0.0111,0.006,1.0,0.7254805293005672
GCST90041886,breast-carcinoma-2,GCST90042784,depression-postpartum,-0.1909,0.2744,-0.6956,0.4867,0.0088,0.0076,0.9981,0.0065,0.002,0.0046,1.0,0.6616231962238706
GCST90042700,breast-cancer-family-siblings,GCST90042699,intestinal-cancer-sibling,-0.0643,0.2909,-0.221,0.8251,0.0022,0.0011,1.0113,0.0062,0.0227,0.0048,1.0,0.9015726829268292
GCST90042699,intestinal-cancer-sibling,GCST90137412,squamous-carcinoma,0.4134,0.1575,2.6239,0.0087,0.0961,0.0108,0.7864,0.0186,0.0027,0.0054,0.22469758117328523,0.027447887323943657
GCST90043894,prostate-cancer-1,GCST90275156,schizo-age-sex-M1,0.1012,0.0712,1.4213,0.1552,0.1135,0.0122,1.0314,0.008,-0.0098,0.005,1.0,0.3110170974155069
GCST90275151,autism-sex-M1,GCST90255676,crc-cancer-2,0.0363,0.042,0.8647,0.3872,0.0869,0.0095,1.1564,0.0196,-0.0042,0.0061,1.0,0.5795064587973274
GCST90042696,prostate-cancer-sibling,GCST90137412,squamous-carcinoma,0.2765,0.2169,1.2749,0.2024,0.0961,0.0108,0.7864,0.0186,0.0062,0.0052,1.0,0.3740040329972502
GCST90042684,lung-cancer-family-mother,GCST90137412,squamous-carcinoma,0.5647,0.1004,5.6225,1.8825e-08,0.0961,0.0108,0.7865,0.0186,0.027,0.0052,9.800669081584373e-07,1.1971987381703472e-07
GCST90225527,anxiety-2,GCST90042699,intestinal-cancer-sibling,0.3999,0.1936,2.0655,0.0389,0.0023,0.0011,1.0107,0.0066,0.0013,0.005,0.8425091629683635,0.10291653543307086
GCST90042841,anxiety-medication,GCST90275155,mdd-5,0.5308,0.0673,7.8866,3.1041e-15,0.1182,0.0095,1.0301,0.0074,0.0151,0.0052,2.307611700005575e-13,2.8188583783783784e-14
GCST009979,mdd-1,GCST90042699,intestinal-cancer-sibling,0.4713,0.1892,2.4911,0.0127,0.0022,0.0011,1.0112,0.0063,-0.0046,0.0047,0.31376699712567313,0.03832814371257485
GCST009979,mdd-1,GCST90042672,lung-cancer-family-father,0.232,0.0687,3.3785,0.0007,0.0133,0.0018,0.9976,0.0081,0.0129,0.0048,0.021797273489223706,0.0026626415094339623
GCST90042843,anxiety-treatment-1,GCST90042670,prostate-cancer-father,0.1478,0.0983,1.5027,0.1329,0.0065,0.0013,1.0202,0.008,0.0034,0.0049,1.0,0.2781410788381743
GCST90275148,ADHD-sex-M1,GCST90042844,anxiety-treatment-2,0.041,0.0617,0.6648,0.5062,0.0272,0.0039,0.9985,0.0063,-0.0036,0.0053,1.0,0.6775257294429708
GCST90275152,autism-1,GCST90042695,depression-family-sibling,0.4802,0.06,8.0079,1.1664e-15,0.0128,0.0015,1.0168,0.0079,0.0054,0.0054,8.953421988604771e-14,1.0937034418604651e-14
GCST90275148,ADHD-sex-M1,GCST90013410,bcc-1,0.0112,0.0427,0.2618,0.7934,0.0317,0.0044,1.0621,0.0172,-0.0062,0.0065,1.0,0.8818610804851157
GCST90042686,breast-cancer-family-mother,GCST90275153,mdd-age-sex-M1,-0.12,0.086,-1.3956,0.1628,0.1074,0.0093,1.0215,0.0074,0.001,0.0051,1.0,0.32145426052889325
GCST90275147,ADHD-age-sex-M1,GCST004748,lung-carcinoma-1,0.3772,0.0554,6.8071,9.9607e-12,0.0834,0.0159,1.0508,0.0115,0.0036,0.006,6.043673008580809e-10,7.382636470588236e-11
GCST006465,endometrial-carcinoma-1,GCST006464,endometrial-carcinoma-2,1.0353,0.0333,31.0854,3.7952e-212,0.0188,0.0045,1.0845,0.0101,0.9234,0.0092,2.609777175210712e-209,3.187968e-210
GCST90042778,anxiety-1,GCST90275154,mdd-sex-M1,0.5588,0.1583,3.5301,0.0004,0.1178,0.0094,1.0284,0.0075,0.0087,0.0048,0.012994999942956765,0.0015874015748031497
GCST90042699,intestinal-cancer-sibling,GCST004750,lung-cancer-squamous,0.5798,0.2262,2.5637,0.0104,0.0556,0.0152,1.0386,0.0096,-0.002,0.0052,0.2628452668400811,0.03210781010719755
GCST90043889,breast-neoplasm-1,GCST90041853,prostate-cancer-5,0.1859,0.1264,1.4699,0.1416,0.018,0.0029,1.03,0.0107,-0.0024,0.005,1.0,0.2918871165644172
GCST90042778,anxiety-1,GCST90275156,schizo-age-sex-M1,0.2949,0.1385,2.1293,0.0332,0.1136,0.0122,1.0313,0.008,0.0041,0.005,0.7374443843806582,0.09008236877523554
GCST90225529,anxiety-others,GCST90275156,schizo-age-sex-M1,0.4309,0.083,5.1893,2.1111e-07,0.1149,0.0119,1.03,0.0079,0.0093,0.0058,9.983053112338553e-06,1.2194778223495702e-06
GCST90275151,autism-sex-M1,GCST90011816,cervical-cancer-2,0.0651,0.0971,0.6705,0.5025,0.0086,0.0024,1.0181,0.0079,0.0058,0.0049,1.0,0.6744607190412782
GCST90041886,breast-carcinoma-2,GCST90042669,depression-family-father,0.057,0.1094,0.5206,0.6026,0.0069,0.0014,1.0111,0.0069,-0.0085,0.0049,1.0,0.7471350553505536
GCST90042860,crc-benign-neoplasm,GCST006465,endometrial-carcinoma-1,0.1823,0.126,1.4461,0.1481,0.0344,0.0098,1.0751,0.009,-0.0044,0.006,1.0,0.3014864048338368
GCST90042784,depression-postpartum,GCST90275155,mdd-5,0.0876,0.2107,0.4157,0.6776,0.1182,0.0095,1.03,0.0074,0.0061,0.0048,1.0,0.8009831775700934
GCST90042843,anxiety-treatment-1,GCST005902,depression-broad,0.8855,0.0507,17.4655,2.6257e-68,0.0575,0.0029,1.0377,0.0099,0.1774,0.0057,8.843598696894164e-66,1.0802880000000001e-66
GCST90275147,ADHD-age-sex-M1,GCST90225527,anxiety-2,0.2967,0.0584,5.0808,3.7594e-07,0.0075,0.0009,1.0195,0.0071,0.0069,0.0059,1.7379221719229864e-05,2.1229552941176475e-06
GCST90042695,depression-family-sibling,GCST90042699,intestinal-cancer-sibling,0.3679,0.1954,1.8833,0.0597,0.0022,0.0011,1.0113,0.0062,-0.0076,0.0049,1.0,0.1464175182481752
GCST005902,depression-broad,GCST90041853,prostate-cancer-5,0.0139,0.0501,0.2785,0.7806,0.018,0.0029,1.0299,0.0107,-0.0003,0.0057,1.0,0.8720008854454896
GCST90042841,anxiety-medication,GCST90041830,non-epithelial-carcinoma,-0.0658,0.0682,-0.9648,0.3346,0.0169,0.0027,1.0282,0.0122,-0.002,0.0057,1.0,0.5229097674418605
GCST90041886,breast-carcinoma-2,GCST90013410,bcc-1,0.0574,0.0653,0.8785,0.3797,0.0316,0.0044,1.0621,0.0173,0.0486,0.0063,1.0,0.5717261744966443
GCST90275151,autism-sex-M1,GCST006465,endometrial-carcinoma-1,-0.0644,0.0999,-0.6449,0.519,0.0348,0.0098,1.0749,0.0093,0.0112,0.0059,1.0,0.687905325443787
GCST90042696,prostate-cancer-sibling,GCST90275157,schizo-sex-M1,0.0146,0.209,0.0696,0.9445,0.126,0.0132,1.0383,0.0087,0.0107,0.005,1.0,0.9729749616760348
GCST90043889,breast-neoplasm-1,GCST90042784,depression-postpartum,-0.1678,0.3114,-0.5388,0.59,0.0088,0.0076,0.9981,0.0065,-0.0004,0.0044,1.0,0.7383240223463687
GCST90042784,depression-postpartum,GCST004748,lung-carcinoma-1,-0.0326,0.1992,-0.1637,0.87,0.0841,0.0167,1.0497,0.0119,0.0085,0.0052,1.0,0.9245756457564576
GCST003740,adenocarcinoma-barret-oesophagus,GCST90042670,prostate-cancer-father,0.1122,0.0999,1.1229,0.2615,0.0066,0.0013,1.0198,0.0082,-0.0114,0.0053,1.0,0.44042105263157894
GCST009981,mdd-notrauma,GCST005903,mdd-2,0.6449,0.1445,4.4635,8.0633e-06,0.0171,0.0021,1.0017,0.0068,0.044,0.0047,0.00032378073104830893,3.9551369343065695e-05
GCST90042686,breast-cancer-family-mother,GCST90042670,prostate-cancer-father,0.2738,0.1259,2.1745,0.0297,0.0065,0.0013,1.0203,0.0081,0.0211,0.0052,0.6687017774193537,0.08168512960436562
GCST005902,depression-broad,GCST90275156,schizo-age-sex-M1,0.5988,0.0491,12.1839,3.7866e-34,0.1157,0.0123,1.0291,0.0081,0.0136,0.0058,5.481817615410535e-32,6.696303157894737e-33
GCST003740,adenocarcinoma-barret-oesophagus,GCST90255676,crc-cancer-2,0.1527,0.045,3.3939,0.0007,0.09,0.0092,1.1451,0.0188,0.0724,0.0055,0.021797273489223706,0.0026626415094339623
GCST90042700,breast-cancer-family-siblings,GCST90011816,cervical-cancer-2,-0.0401,0.1887,-0.2127,0.8316,0.0088,0.0025,1.0174,0.008,0.015,0.0052,1.0,0.904537358490566
GCST90042786,depression-trauma,GCST90275156,schizo-age-sex-M1,0.0052,0.1152,0.0451,0.964,0.1134,0.0122,1.0315,0.008,0.0048,0.0051,1.0,0.9805368314833501
GCST009981,mdd-notrauma,GCST90042669,depression-family-father,0.9395,0.2219,4.2336,2.2999e-05,0.0069,0.0014,1.0112,0.0069,0.0232,0.0052,0.0008847725983306283,0.00010807921678321679
GCST006464,endometrial-carcinoma-2,GCST90041853,prostate-cancer-5,0.0246,0.1477,0.1663,0.8679,0.0153,0.0034,1.0444,0.0149,0.0011,0.0068,1.0,0.9238048574445619
GCST009981,mdd-notrauma,GCST90042696,prostate-cancer-sibling,-0.3283,0.3684,-0.891,0.3729,0.0014,0.0011,1.0026,0.0063,0.0046,0.0046,1.0,0.5643891891891892
GCST009979,mdd-1,GCST90042673,intestinal-cancer-father,0.1415,0.1489,0.9503,0.342,0.0018,0.001,1.0242,0.0064,0.0045,0.0049,1.0,0.5319006939090208
GCST004749,lung-carcinoma-smokers,GCST90137411,bcc-2,0.2031,0.0631,3.2177,0.0013,0.0688,0.0122,0.9764,0.0239,0.0218,0.0065,0.03865719802850742,0.004722162162162162
GCST003769,depression-symptoms,GCST90275156,schizo-age-sex-M1,0.6153,0.0588,10.4711,1.1727e-25,0.1136,0.0119,1.0335,0.008,0.0128,0.0054,1.3076912344624226e-23,1.5974075675675675e-24
GCST90042860,crc-benign-neoplasm,GCST004748,lung-carcinoma-1,0.1572,0.0701,2.2414,0.025,0.0841,0.0167,1.0496,0.0119,0.0101,0.0053,0.5786693522985655,0.07068723702664796
GCST004744,adenocarcinoma-lung,GCST90043889,breast-neoplasm-1,0.0774,0.1111,0.6973,0.4856,0.0049,0.001,1.0112,0.0079,0.0046,0.0048,1.0,0.6607093117408906
GCST006465,endometrial-carcinoma-1,GCST90042698,lung-cancer-family-sibling,0.2741,0.2135,1.284,0.1992,0.0043,0.0015,1.0084,0.0079,0.0069,0.0058,1.0,0.3691058823529412
GCST90042669,depression-family-father,GCST90042685,intestinal-cancer-mother,-0.0052,0.1726,-0.0303,0.9758,0.0034,0.001,1.0086,0.0063,0.0187,0.0048,1.0,0.9855775551102204
GCST90042700,breast-cancer-family-siblings,GCST90137411,bcc-2,0.2017,0.0949,2.1267,0.0334,0.0701,0.0119,0.9732,0.0229,-0.0003,0.0061,0.738903361367748,0.09026058981233244
GCST90041886,breast-carcinoma-2,GCST90137411,bcc-2,0.0905,0.0607,1.4917,0.1358,0.0701,0.0119,0.9732,0.0228,0.0452,0.0064,1.0,0.28311561530506724
GCST90275148,ADHD-sex-M1,GCST90011804,breast-carcinoma-1,0.0138,0.0462,0.299,0.765,0.027,0.004,1.0623,0.0138,-0.0049,0.0061,1.0,0.8591866295264624
GCST90275158,schizophrenia-M1,GCST90043874,skin-carcinoma-face,0.0124,0.0823,0.1507,0.8802,0.0084,0.0014,1.0233,0.008,0.0012,0.0057,1.0,0.9286681318681319
GCST90275147,ADHD-age-sex-M1,GCST90042844,anxiety-treatment-2,0.0524,0.0613,0.8545,0.3929,0.0272,0.0039,0.9985,0.0063,-0.0044,0.0052,1.0,0.5858627218934912
GCST90011808,prostate-cancer-3,GCST90043874,skin-carcinoma-face,0.0345,0.0859,0.402,0.6877,0.0083,0.0013,1.0233,0.008,0.017,0.0056,1.0,0.8053463414634146
GCST006465,endometrial-carcinoma-1,GCST90043874,skin-carcinoma-face,-0.1844,0.135,-1.3658,0.172,0.0082,0.0013,1.0253,0.0095,-0.0003,0.005,1.0,0.33182009569377985
GCST90255675,crc-cancer-1,GCST90137411,bcc-2,0.0736,0.0344,2.1393,0.0324,0.0693,0.0115,0.9764,0.0217,0.0295,0.0068,0.7245504846243699,0.08850731707317074
GCST90042672,lung-cancer-family-father,GCST90137411,bcc-2,0.0953,0.047,2.0258,0.0428,0.0701,0.0119,0.9733,0.0228,0.0117,0.006,0.9114273766443326,0.1113352258064516
GCST90042843,anxiety-treatment-1,GCST90042673,intestinal-cancer-father,0.1824,0.1763,1.035,0.3006,0.0018,0.001,1.0241,0.0064,-0.0039,0.0049,1.0,0.48871741935483864
GCST005903,mdd-2,GCST90013410,bcc-1,-0.0279,0.0568,-0.4913,0.6232,0.0315,0.0044,1.0621,0.017,-0.003,0.0053,1.0,0.7623611650485436
GCST004748,lung-carcinoma-1,GCST90011809,melanoma-1,0.0496,0.0776,0.6387,0.523,0.0092,0.0024,0.9993,0.0089,-0.003,0.0052,1.0,0.6913888524590165
GCST90041853,prostate-cancer-5,GCST90041830,non-epithelial-carcinoma,0.0103,0.0763,0.135,0.8926,0.0169,0.0027,1.0278,0.0122,0.0136,0.0054,1.0,0.9368470588235295
GCST90042699,intestinal-cancer-sibling,GCST90137411,bcc-2,0.2578,0.1414,1.8229,0.0683,0.0701,0.0119,0.9733,0.0229,-0.0123,0.0056,1.0,0.16256528925619834
GCST90042700,breast-cancer-family-siblings,GCST90042685,intestinal-cancer-mother,0.0013,0.2337,0.0054,0.9957,0.0034,0.001,1.0086,0.0063,0.0059,0.0052,1.0,0.9971839046199703
GCST90275152,autism-1,GCST90043874,skin-carcinoma-face,-0.0529,0.074,-0.7146,0.4749,0.0084,0.0014,1.0234,0.008,-0.0047,0.0057,1.0,0.6521787465940054
GCST90042695,depression-family-sibling,GCST90042672,lung-cancer-family-father,-0.017,0.0756,-0.2253,0.8218,0.0132,0.0018,0.9979,0.0081,0.0174,0.005,1.0,0.9013867247007616
GCST90255675,crc-cancer-1,GCST005903,mdd-2,0.0933,0.0512,1.8236,0.0682,0.0172,0.0021,1.0011,0.0065,0.006,0.0054,1.0,0.16256528925619834
GCST90275153,mdd-age-sex-M1,GCST003769,depression-symptoms,0.7689,0.0604,12.7369,3.6881e-37,0.0384,0.0033,1.0159,0.0072,0.0101,0.0056,5.533373754346903e-35,6.759281454545455e-36
GCST90275148,ADHD-sex-M1,GCST90275149,ADHD-1,1.0018,0.0006,1642.8295,0.0,0.2445,0.0144,1.0754,0.0086,1.0562,0.0086,0.0,0.0
GCST90042685,intestinal-cancer-mother,GCST004748,lung-carcinoma-1,0.0177,0.1144,0.1545,0.8772,0.0841,0.0167,1.0497,0.0119,0.0088,0.0056,1.0,0.9266841278156102
GCST90042700,breast-cancer-family-siblings,GCST90042673,intestinal-cancer-father,0.2287,0.2916,0.7841,0.433,0.0018,0.001,1.024,0.0064,0.0132,0.0047,1.0,0.6173465346534653
GCST003740,adenocarcinoma-barret-oesophagus,GCST90043889,breast-neoplasm-1,0.1461,0.0938,1.5572,0.1194,0.0048,0.0011,1.0118,0.008,-0.0049,0.0052,1.0,0.25580276301806587
GCST90275152,autism-1,GCST90042700,breast-cancer-family-siblings,0.1785,0.1097,1.6266,0.1038,0.0041,0.0012,1.009,0.0066,0.0079,0.0052,1.0,0.22970450054884745
GCST90275149,ADHD-1,GCST90275155,mdd-5,0.5715,0.0329,17.3906,9.727800000000001e-68,0.1192,0.0091,1.0287,0.0076,0.4557,0.0062,3.147925603240597e-65,3.8453421176470596e-66
GCST90042700,breast-cancer-family-siblings,GCST90043874,skin-carcinoma-face,0.1215,0.1327,0.9154,0.36,0.0083,0.0014,1.0233,0.0079,0.0027,0.0046,1.0,0.5514893617021276
GCST90041886,breast-carcinoma-2,GCST004749,lung-carcinoma-smokers,0.0426,0.0872,0.4881,0.6255,0.1094,0.0264,1.0449,0.0098,0.0048,0.0047,1.0,0.7647107337780473
GCST90275149,ADHD-1,GCST90042786,depression-trauma,0.2336,0.0892,2.6177,0.0089,0.0199,0.0054,1.0131,0.0071,0.0022,0.0057,0.22914584142783198,0.027991263650546022
GCST90275151,autism-sex-M1,GCST90042695,depression-family-sibling,0.5,0.0622,8.0414,8.8828e-16,0.0128,0.0015,1.0168,0.0079,0.0065,0.0053,6.850402877405904e-14,8.368095700934578e-15
GCST005902,depression-broad,GCST90042673,intestinal-cancer-father,0.183,0.1218,1.5028,0.1329,0.0019,0.001,1.0239,0.0064,-0.0026,0.0055,1.0,0.2781410788381743
GCST90275150,autism-age-sex-M1,GCST90042682,depression-family-mother,0.3971,0.0689,5.7638,8.2217e-09,0.0089,0.0013,1.0204,0.0076,0.0104,0.0055,4.391199307746915e-07,5.3640605825242714e-08
GCST90042669,depression-family-father,GCST90043894,prostate-cancer-1,0.1896,0.1071,1.7702,0.0767,0.0254,0.0035,1.0432,0.014,-0.0036,0.0054,1.0,0.1775283582089552
GCST004750,lung-cancer-squamous,GCST90275158,schizophrenia-M1,0.3308,0.118,2.8021,0.0051,0.1237,0.0132,1.0401,0.0089,-0.0052,0.0053,0.13866328604700326,0.016938385502471173
GCST90042841,anxiety-medication,GCST90255676,crc-cancer-2,0.0325,0.0478,0.6791,0.497,0.085,0.0097,1.1618,0.0209,0.0032,0.0058,1.0,0.6686825883922615
GCST90275153,mdd-age-sex-M1,GCST90275155,mdd-5,1.0026,0.0048,207.6535,0.0,0.1191,0.0091,1.0289,0.0076,0.9475,0.0072,0.0,0.0
GCST90042841,anxiety-medication,GCST005903,mdd-2,0.731,0.0792,9.2287,2.7395e-20,0.0176,0.002,1.0,0.0071,0.0858,0.0057,2.5257960322087806e-18,3.085381005586592e-19
GCST90041886,breast-carcinoma-2,GCST90043894,prostate-cancer-1,0.0539,0.0824,0.6548,0.5126,0.0254,0.0035,1.0431,0.014,-0.0023,0.0053,1.0,0.6821132673267326
GCST90275157,schizo-sex-M1,GCST90013410,bcc-1,-0.0135,0.0517,-0.2617,0.7935,0.0317,0.0044,1.062,0.0172,0.0004,0.0057,1.0,0.8818610804851157
GCST90011816,cervical-cancer-2,GCST90275158,schizophrenia-M1,0.4774,0.1251,3.8161,0.0001,0.1295,0.0128,1.0354,0.0089,-0.0041,0.0046,0.0034598846808291594,0.00042264150943396227
GCST90042686,breast-cancer-family-mother,GCST90042700,breast-cancer-family-siblings,0.9462,0.1872,5.0542,4.3209e-07,0.0043,0.0012,1.008,0.0065,0.0628,0.0063,1.9919167869266143e-05,2.4332218994413408e-06
GCST90011804,breast-carcinoma-1,GCST009979,mdd-1,-0.0128,0.0606,-0.211,0.8329,0.0783,0.0062,1.018,0.0076,0.0074,0.0054,1.0,0.904701724137931
GCST90275153,mdd-age-sex-M1,GCST90043874,skin-carcinoma-face,0.1219,0.071,1.7163,0.0861,0.0084,0.0014,1.0233,0.0081,-0.0069,0.005,1.0,0.19591792559188276
GCST90042685,intestinal-cancer-mother,GCST90041853,prostate-cancer-5,0.2592,0.145,1.788,0.0738,0.018,0.0029,1.03,0.0107,-0.0013,0.0055,1.0,0.17220000000000002
GCST90042841,anxiety-medication,GCST90275157,schizo-sex-M1,0.3745,0.0688,5.4425,5.2543e-08,0.1261,0.0131,1.0381,0.0087,0.0109,0.0052,2.6040578923229045e-06,3.180981621621622e-07
GCST90255676,crc-cancer-2,GCST004749,lung-carcinoma-smokers,0.2507,0.06,4.1786,2.933e-05,0.1068,0.0282,1.0457,0.0099,0.0223,0.0055,0.0011127633387935422,0.00013592937931034484
GCST90042843,anxiety-treatment-1,GCST90042784,depression-postpartum,0.5388,0.3089,1.7444,0.0811,0.0088,0.0076,0.9981,0.0065,0.0156,0.0049,1.0,0.1864282782212087
GCST90042844,anxiety-treatment-2,GCST90275158,schizophrenia-M1,0.2336,0.0845,2.7631,0.0057,0.1266,0.0131,1.0381,0.0087,0.0021,0.006,0.15246483725618157,0.018624311183144247
GCST90042695,depression-family-sibling,GCST90137411,bcc-2,-0.0024,0.0405,-0.0592,0.9528,0.0701,0.0119,0.9732,0.0228,-0.0026,0.0054,1.0,0.9759481518987342
GCST90275150,autism-age-sex-M1,GCST90275157,schizo-sex-M1,0.6248,0.0439,14.2493,4.527e-46,0.1282,0.0125,1.0359,0.0084,0.3384,0.0062,8.033550884090525e-44,9.813367741935483e-45
GCST90042784,depression-postpartum,GCST90137411,bcc-2,0.2409,0.2586,0.9315,0.3516,0.0701,0.0119,0.9732,0.0229,-0.0106,0.0058,1.0,0.5439950882578665
GCST90255676,crc-cancer-2,GCST90275156,schizo-age-sex-M1,0.0777,0.05,1.5547,0.12,0.1172,0.0118,1.0282,0.0079,0.0034,0.006,1.0,0.25681528662420383
GCST005902,depression-broad,GCST004750,lung-cancer-squamous,0.2036,0.0793,2.5687,0.0102,0.0524,0.014,1.0419,0.009,0.0012,0.0064,0.2581859344494815,0.03153865030674847
GCST90275147,ADHD-age-sex-M1,GCST90225528,anxiety-any,0.3521,0.0513,6.8618,6.8011e-12,0.009,0.001,1.0177,0.0075,0.0056,0.0059,4.1881706538169754e-10,5.1160513432835826e-11
GCST90042672,lung-cancer-family-father,GCST90043874,skin-carcinoma-face,0.1171,0.081,1.4455,0.1483,0.0083,0.0014,1.0233,0.0079,0.0079,0.0051,1.0,0.3014864048338368
GCST003769,depression-symptoms,GCST90137411,bcc-2,-0.0342,0.0415,-0.8239,0.41,0.0703,0.0131,0.9809,0.0246,-0.0086,0.0058,1.0,0.6006976744186046
GCST90042844,anxiety-treatment-2,GCST90042695,depression-family-sibling,0.6208,0.1021,6.0822,1.1856e-09,0.0126,0.0015,1.018,0.0079,0.0252,0.005,6.841513060877383e-08,8.357236363636364e-09
GCST90042860,crc-benign-neoplasm,GCST009979,mdd-1,0.2224,0.0657,3.3822,0.0007,0.078,0.0059,1.0181,0.0076,0.0225,0.0051,0.021797273489223706,0.0026626415094339623
GCST90255675,crc-cancer-1,GCST90042695,depression-family-sibling,0.0089,0.0574,0.1549,0.8769,0.0126,0.0015,1.0184,0.008,-0.0012,0.0068,1.0,0.9266841278156102
GCST003769,depression-symptoms,GCST90042682,depression-family-mother,0.5292,0.0758,6.9828,2.8944e-12,0.0092,0.0013,1.0196,0.008,0.0478,0.0052,1.8372370903967482e-10,2.2442732307692307e-11
GCST90275150,autism-age-sex-M1,GCST90042700,breast-cancer-family-siblings,0.2168,0.1148,1.8882,0.059,0.0041,0.0012,1.009,0.0066,0.0076,0.0053,1.0,0.14505365853658536
GCST005902,depression-broad,GCST90042695,depression-family-sibling,0.7783,0.0519,15.0097,6.3411e-51,0.0127,0.0015,1.0176,0.008,0.1025,0.0059,1.3246999310837923e-48,1.618184506329114e-49
GCST90042700,breast-cancer-family-siblings,GCST006464,endometrial-carcinoma-2,0.2428,0.2446,0.9929,0.3207,0.0182,0.0045,1.0862,0.0097,0.0026,0.0058,1.0,0.5094808510638298
GCST90275150,autism-age-sex-M1,GCST003769,depression-symptoms,0.4095,0.0551,7.4286,1.0977e-13,0.0384,0.0033,1.0159,0.0072,0.0038,0.0059,7.579939968818923e-12,9.259260251046026e-13
GCST90042698,lung-cancer-family-sibling,GCST90275158,schizophrenia-M1,0.3981,0.1287,3.0921,0.002,0.1264,0.0132,1.0383,0.0087,0.0134,0.0046,0.05800931433235533,0.007086115992970123
GCST90225527,anxiety-2,GCST90042685,intestinal-cancer-mother,0.0242,0.131,0.1846,0.8535,0.0035,0.0011,1.0079,0.0065,0.0036,0.005,1.0,0.9162172523961661
GCST005903,mdd-2,GCST90041830,non-epithelial-carcinoma,0.0701,0.0622,1.1266,0.2599,0.0169,0.0027,1.0279,0.0122,-0.0072,0.0046,1.0,0.43882613065326637
GCST90042786,depression-trauma,GCST90042669,depression-family-father,0.0058,0.1526,0.0381,0.9696,0.0069,0.0014,1.0111,0.0069,-0.0251,0.0048,1.0,0.9817747865394275
GCST90275149,ADHD-1,GCST90225528,anxiety-any,0.3402,0.0506,6.7277,1.724e-11,0.009,0.001,1.0177,0.0075,0.0058,0.0059,1.0346288172765445e-09,1.2638487272727273e-10
GCST90043889,breast-neoplasm-1,GCST004748,lung-carcinoma-1,0.1554,0.0892,1.7419,0.0815,0.0841,0.0167,1.0496,0.0119,-0.0009,0.0046,1.0,0.1871343963553531
GCST90275150,autism-age-sex-M1,GCST90042786,depression-trauma,-0.2044,0.1112,-1.838,0.0661,0.02,0.0054,1.013,0.0071,0.0032,0.0055,1.0,0.15901861575179
GCST90042673,intestinal-cancer-father,GCST90042696,prostate-cancer-sibling,0.4223,0.4967,0.8503,0.3951,0.0015,0.0011,1.0022,0.0063,0.0073,0.0046,1.0,0.5874053097345133
GCST90042778,anxiety-1,GCST006464,endometrial-carcinoma-2,-0.0654,0.191,-0.3426,0.7319,0.0181,0.0045,1.0863,0.0098,0.0009,0.0054,1.0,0.8402678815489749
GCST90042669,depression-family-father,GCST90042673,intestinal-cancer-father,0.1409,0.2299,0.6126,0.5401,0.0018,0.001,1.0241,0.0064,-0.0088,0.0048,1.0,0.7024784516129032
GCST90042685,intestinal-cancer-mother,GCST004749,lung-carcinoma-smokers,0.0992,0.1398,0.7101,0.4777,0.1094,0.0264,1.0449,0.0098,0.009,0.0054,1.0,0.6542413043478261
GCST90042860,crc-benign-neoplasm,GCST90042696,prostate-cancer-sibling,0.3148,0.2495,1.2618,0.207,0.0015,0.0011,1.0022,0.0063,0.0121,0.0053,1.0,0.3776579185520362
GCST90275148,ADHD-sex-M1,GCST004749,lung-carcinoma-smokers,0.3148,0.0681,4.6253,3.7406e-06,0.1066,0.0266,1.047,0.0096,-0.0035,0.0054,0.0001570828318549938,1.91884213740458e-05
GCST90225527,anxiety-2,GCST90042698,lung-cancer-family-sibling,0.1797,0.1432,1.2548,0.2095,0.0042,0.0014,1.0093,0.0069,0.0117,0.0048,1.0,0.3811841155234657
GCST003740,adenocarcinoma-barret-oesophagus,GCST90041830,non-epithelial-carcinoma,-0.0201,0.0749,-0.2679,0.7888,0.017,0.0027,1.027,0.0124,-0.0027,0.0058,1.0,0.878089895085588
GCST90225528,anxiety-any,GCST90042786,depression-trauma,0.1576,0.1333,1.1821,0.2372,0.0201,0.0055,1.0131,0.0073,-0.023,0.005,1.0,0.41543937554206417
GCST90225527,anxiety-2,GCST004749,lung-carcinoma-smokers,-0.071,0.0878,-0.8089,0.4185,0.1098,0.0289,1.044,0.0104,0.0109,0.0052,1.0,0.6087131560028756
GCST005903,mdd-2,GCST90042682,depression-family-mother,0.501,0.0806,6.2148,5.1404e-10,0.0089,0.0013,1.0202,0.0077,0.0469,0.0048,3.0083461733192973e-08,3.6748391489361703e-09
GCST90225527,anxiety-2,GCST90275152,autism-1,0.2444,0.0738,3.311,0.0009,0.1631,0.0128,1.032,0.0089,0.0028,0.0059,0.027659748481935906,0.0033787709497206703
GCST009980,mdd-trauma,GCST006465,endometrial-carcinoma-1,0.2191,0.1599,1.3701,0.1706,0.0351,0.01,1.0745,0.0091,-0.007,0.0055,1.0,0.3304537428023033
GCST90042844,anxiety-treatment-2,GCST009981,mdd-notrauma,0.8835,0.1873,4.717,2.394e-06,0.0296,0.0093,1.0169,0.0066,0.0707,0.0051,0.00010209234606348033,1.247106976744186e-05
GCST90042686,breast-cancer-family-mother,GCST90042673,intestinal-cancer-father,0.3193,0.2588,1.2338,0.2173,0.0018,0.001,1.0241,0.0064,0.007,0.0051,1.0,0.3923806797853309
GCST90011816,cervical-cancer-2,GCST90042682,depression-family-mother,0.1537,0.125,1.2294,0.2189,0.0088,0.0012,1.0207,0.0077,0.0004,0.005,1.0,0.39402000000000004
GCST004749,lung-carcinoma-smokers,GCST90137412,squamous-carcinoma,0.4141,0.0503,8.2358,1.7831e-16,0.095,0.0109,0.7882,0.019,0.0182,0.0063,1.4425322640109552e-14,1.7621223529411767e-15
GCST003740,adenocarcinoma-barret-oesophagus,GCST004744,adenocarcinoma-lung,0.0669,0.0743,0.9004,0.3679,0.0632,0.0107,1.0421,0.0088,0.0222,0.0053,1.0,0.5599154716981132
GCST90275147,ADHD-age-sex-M1,GCST90137411,bcc-2,-0.0145,0.0307,-0.471,0.6376,0.0698,0.0121,0.976,0.0236,-0.0058,0.0061,1.0,0.7738721252257676
GCST90275149,ADHD-1,GCST90041886,breast-carcinoma-2,0.0359,0.0566,0.6335,0.5264,0.0079,0.0015,1.0417,0.0104,-0.0057,0.0056,1.0,0.6930986945169711
GCST009981,mdd-notrauma,GCST006465,endometrial-carcinoma-1,0.1921,0.1922,0.9991,0.3178,0.035,0.01,1.0746,0.0091,-0.0027,0.0054,1.0,0.5068708860759494
GCST90043889,breast-neoplasm-1,GCST90042673,intestinal-cancer-father,0.233,0.2504,0.9305,0.3521,0.0018,0.001,1.024,0.0064,-0.0059,0.0044,1.0,0.5443509202453988
GCST90275155,mdd-5,GCST90275156,schizo-age-sex-M1,0.8725,0.0405,21.5413,6.3834e-103,0.1164,0.0118,1.0283,0.0077,0.4333,0.0055,2.5694975353062235e-100,3.138764487804878e-101
GCST90042784,depression-postpartum,GCST006464,endometrial-carcinoma-2,-0.047,0.4378,-0.1073,0.9146,0.0181,0.0045,1.0863,0.0098,-0.0007,0.0054,1.0,0.9528855813953488
GCST90275158,schizophrenia-M1,GCST90137411,bcc-2,-0.0273,0.0461,-0.5933,0.553,0.0698,0.0121,0.976,0.0236,-0.0009,0.0052,1.0,0.7110608030592733
GCST90042695,depression-family-sibling,GCST90041830,non-epithelial-carcinoma,0.0491,0.0658,0.7461,0.4556,0.0169,0.0027,1.0279,0.0122,-0.0011,0.005,1.0,0.6353327800829875
GCST90011816,cervical-cancer-2,GCST90275155,mdd-5,0.3165,0.0994,3.1836,0.0015,0.1189,0.0094,1.029,0.0077,0.0011,0.0051,0.044206205163093995,0.0054
GCST90225527,anxiety-2,GCST90041830,non-epithelial-carcinoma,-0.0126,0.0712,-0.1769,0.8596,0.0168,0.0027,1.0284,0.0122,0.0052,0.0053,1.0,0.9209113708820403
GCST90041853,prostate-cancer-5,GCST90013410,bcc-1,0.0876,0.0689,1.2724,0.2032,0.0316,0.0044,1.0621,0.0173,0.0479,0.0059,1.0,0.3744526508226691
GCST90275149,ADHD-1,GCST90275156,schizo-age-sex-M1,0.5972,0.0372,16.0551,5.2674999999999996e-58,0.1165,0.0119,1.0283,0.0077,0.3499,0.0063,1.3171663029302491e-55,1.6089818181818182e-56
GCST003740,adenocarcinoma-barret-oesophagus,GCST90042672,lung-cancer-family-father,0.1155,0.0784,1.4736,0.1406,0.0133,0.0018,0.9971,0.0082,0.001,0.0054,1.0,0.2906262295081967
GCST90042844,anxiety-treatment-2,GCST90042672,lung-cancer-family-father,-0.0207,0.1016,-0.2041,0.8383,0.0133,0.0018,0.9979,0.0081,-0.011,0.0049,1.0,0.9069839228295821
GCST006464,endometrial-carcinoma-2,GCST90042672,lung-cancer-family-father,0.2234,0.1259,1.774,0.0761,0.0129,0.0019,1.0011,0.0092,0.0017,0.006,1.0,0.17654499424626008
GCST90255675,crc-cancer-1,GCST90042784,depression-postpartum,-0.082,0.1544,-0.5311,0.5954,0.0087,0.0078,0.9982,0.0062,0.0145,0.005,1.0,0.7409422222222223
GCST004748,lung-carcinoma-1,GCST90275158,schizophrenia-M1,0.3034,0.0711,4.2659,1.9913e-05,0.1291,0.0123,1.0372,0.0081,-0.0004,0.0059,0.0007714487817075223,9.42361690140845e-05
GCST90255676,crc-cancer-2,GCST006465,endometrial-carcinoma-1,0.2211,0.1162,1.9031,0.057,0.0349,0.0097,1.0741,0.0089,0.0431,0.0079,1.0,0.1408235294117647
GCST90041886,breast-carcinoma-2,GCST006464,endometrial-carcinoma-2,0.1974,0.1441,1.3695,0.1708,0.0181,0.0045,1.0863,0.0097,0.0046,0.0059,1.0,0.3304537428023033
GCST90225528,anxiety-any,GCST90042698,lung-cancer-family-sibling,0.145,0.129,1.1243,0.2609,0.0042,0.0014,1.0093,0.0069,0.0127,0.0047,1.0,0.4399464882943144
GCST003740,adenocarcinoma-barret-oesophagus,GCST90042685,intestinal-cancer-mother,0.0897,0.1366,0.6564,0.5116,0.0034,0.001,1.0078,0.0064,0.0005,0.0056,1.0,0.6816824851288831
GCST90042860,crc-benign-neoplasm,GCST004750,lung-cancer-squamous,0.2006,0.095,2.1125,0.0346,0.0556,0.0152,1.0386,0.0096,0.0064,0.0053,0.7613683833245415,0.0930048
GCST90011808,prostate-cancer-3,GCST90275157,schizo-sex-M1,0.0386,0.0619,0.6235,0.5329,0.1291,0.0124,1.0349,0.0083,-0.0103,0.005,1.0,0.6994312500000001
GCST90225528,anxiety-any,GCST90043889,breast-neoplasm-1,-0.0622,0.1035,-0.6013,0.5477,0.0049,0.0011,1.0119,0.0081,0.0015,0.0047,1.0,0.7082509300833868
GCST90042841,anxiety-medication,GCST90042685,intestinal-cancer-mother,0.2594,0.1333,1.9452,0.0518,0.0034,0.001,1.0087,0.0064,0.001,0.005,1.0,0.13021047381546136
GCST90275147,ADHD-age-sex-M1,GCST90275155,mdd-5,0.5809,0.0335,17.3208,3.275e-67,0.1192,0.0091,1.0287,0.0076,0.4579,0.0063,1.0394125675527485e-64,1.2696923076923077e-65
GCST90275148,ADHD-sex-M1,GCST006464,endometrial-carcinoma-2,0.0775,0.084,0.9228,0.3561,0.0186,0.0046,1.0851,0.0101,0.011,0.0071,1.0,0.5477491990846682
GCST009980,mdd-trauma,GCST004748,lung-carcinoma-1,0.0859,0.0897,0.9571,0.3385,0.0831,0.0159,1.0512,0.0116,0.0094,0.0052,1.0,0.5281857585139319
GCST90042841,anxiety-medication,GCST90042843,anxiety-treatment-1,0.9552,0.0333,28.7237,1.9302e-181,0.0366,0.0044,0.9994,0.0072,0.6043,0.0062,1.2252055803910321e-178,1.4966473846153846e-179
GCST90255675,crc-cancer-1,GCST90041853,prostate-cancer-5,0.0383,0.0673,0.5699,0.5687,0.0177,0.003,1.0309,0.0109,0.0146,0.0078,1.0,0.7250973451327433
GCST90275150,autism-age-sex-M1,GCST90042695,depression-family-sibling,0.5226,0.0657,7.9535,1.8134e-15,0.0128,0.0015,1.0168,0.0079,0.0073,0.0056,1.3791575474022303e-13,1.6847070967741934e-14
GCST90275150,autism-age-sex-M1,GCST90042784,depression-postpartum,0.0666,0.2008,0.3316,0.7402,0.0087,0.0076,0.9982,0.0064,0.0042,0.0048,1.0,0.845463569405099
GCST90042841,anxiety-medication,GCST90011804,breast-carcinoma-1,-0.0543,0.0614,-0.8848,0.3763,0.027,0.0039,1.0619,0.0138,0.0123,0.0051,1.0,0.5678299401197605
GCST90225529,anxiety-others,GCST90011808,prostate-cancer-3,0.0362,0.0674,0.5366,0.5915,0.033,0.0046,1.0544,0.0198,0.0051,0.0055,1.0,0.7392833230006199
GCST003769,depression-symptoms,GCST90275158,schizophrenia-M1,0.635,0.057,11.1457,7.518300000000001e-29,0.1267,0.0126,1.0408,0.0086,0.0126,0.0056,9.123484650760107e-27,1.114477411764706e-27
GCST90042778,anxiety-1,GCST90042672,lung-cancer-family-father,0.109,0.1182,0.9225,0.3562,0.0132,0.0018,0.9979,0.0082,-0.0011,0.0047,1.0,0.5477491990846682
GCST90042686,breast-cancer-family-mother,GCST009980,mdd-trauma,-0.0094,0.1384,-0.0678,0.946,0.1018,0.0169,1.004,0.0067,0.0027,0.0055,1.0,0.9730285714285712
GCST90275147,ADHD-age-sex-M1,GCST90042860,crc-benign-neoplasm,0.368,0.0496,7.424,1.1361e-13,0.0099,0.0014,1.0491,0.0092,0.0038,0.0051,7.812415284456391e-12,9.54324e-13
GCST90275149,ADHD-1,GCST90255675,crc-cancer-1,0.1686,0.0336,5.0124,5.3745e-07,0.0886,0.0089,1.1716,0.0214,-0.0025,0.0064,2.4502449319238907e-05,2.9930917127071825e-06
GCST90011816,cervical-cancer-2,GCST005902,depression-broad,0.1549,0.0748,2.0714,0.0383,0.0578,0.0028,1.0358,0.0098,0.0103,0.0061,0.8306041947770828,0.10146228646517741
GCST004744,adenocarcinoma-lung,GCST90275157,schizo-sex-M1,0.2694,0.0719,3.7473,0.0002,0.1295,0.0127,1.0355,0.0085,-0.0003,0.0052,0.006722464328943011,0.0008211812627291243
GCST90042699,intestinal-cancer-sibling,GCST90011808,prostate-cancer-3,0.0803,0.144,0.5579,0.5769,0.0332,0.0046,1.0537,0.0197,-0.0054,0.0052,1.0,0.7290947368421052
GCST009979,mdd-1,GCST90042669,depression-family-father,0.7163,0.09,7.9571,1.7617e-15,0.0069,0.0014,1.0111,0.0069,0.0465,0.0048,1.3460407443228615e-13,1.6442533333333335e-14
GCST90041833,breast-neoplasm-2,GCST90042684,lung-cancer-family-mother,0.1827,0.1372,1.3315,0.183,0.0036,0.0012,1.0165,0.0066,0.0003,0.0043,1.0,0.348703213610586
GCST90042841,anxiety-medication,GCST90042682,depression-family-mother,0.7738,0.0887,8.7245,2.6727e-18,0.0089,0.0013,1.0202,0.0077,0.0612,0.005,2.262015649301359e-16,2.7631606153846156e-17
GCST90275148,ADHD-sex-M1,GCST90042784,depression-postpartum,0.267,0.2194,1.2171,0.2235,0.0088,0.0077,0.9981,0.0065,0.0067,0.0057,1.0,0.39768402471315095
GCST90225528,anxiety-any,GCST90042696,prostate-cancer-sibling,0.1717,0.2223,0.7725,0.4398,0.0016,0.0011,1.0013,0.0062,0.0031,0.0051,1.0,0.6230629213483145
GCST90225527,anxiety-2,GCST90255676,crc-cancer-2,0.1113,0.0567,1.962,0.0498,0.0856,0.0095,1.1593,0.0214,-0.002,0.0059,1.0,0.12612663316582914
GCST90042686,breast-cancer-family-mother,GCST005903,mdd-2,-0.1586,0.1018,-1.5581,0.1192,0.0175,0.002,1.0004,0.007,0.0013,0.0046,1.0,0.2556459574468085
GCST90275155,mdd-5,GCST90042670,prostate-cancer-father,0.021,0.0832,0.2518,0.8012,0.0065,0.0013,1.0205,0.0083,-0.0024,0.0049,1.0,0.8869957166392092
GCST90275152,autism-1,GCST90042786,depression-trauma,-0.1999,0.1096,-1.8242,0.0681,0.02,0.0054,1.013,0.0071,0.0053,0.0056,1.0,0.16256528925619834
GCST90275152,autism-1,GCST90137411,bcc-2,-0.0793,0.0504,-1.5726,0.1158,0.0698,0.0121,0.9761,0.0236,-0.004,0.0068,1.0,0.25011336898395725
GCST90041833,breast-neoplasm-2,GCST90137411,bcc-2,0.0894,0.0644,1.3876,0.1652,0.0701,0.0119,0.9732,0.0228,0.045,0.0063,1.0,0.324168093385214
GCST90042682,depression-family-mother,GCST90137411,bcc-2,-0.0171,0.0533,-0.3209,0.7483,0.0701,0.0119,0.9733,0.0228,-0.0028,0.0052,1.0,0.8490744525547446
GCST90275149,ADHD-1,GCST006465,endometrial-carcinoma-1,0.094,0.0865,1.0863,0.2773,0.0349,0.0098,1.0748,0.0093,0.0058,0.0067,1.0,0.4597342105263158
GCST90275150,autism-age-sex-M1,GCST009980,mdd-trauma,0.2441,0.0799,3.0537,0.0023,0.1083,0.0169,1.0005,0.0067,0.0052,0.0052,0.06612960772365281,0.008078048780487805
GCST90225528,anxiety-any,GCST90137411,bcc-2,-0.0032,0.0565,-0.0558,0.9555,0.0699,0.0113,0.9741,0.0233,0.0041,0.0065,1.0,0.9759481518987342
GCST90255675,crc-cancer-1,GCST90042673,intestinal-cancer-father,1.2232,0.3545,3.4504,0.0006,0.0018,0.0011,1.0239,0.0063,0.0395,0.0075,0.01896971256040815,0.0023172413793103447
GCST90255676,crc-cancer-2,GCST90042784,depression-postpartum,-0.0325,0.1561,-0.2084,0.8349,0.0087,0.0078,0.9982,0.0062,0.0142,0.0049,1.0,0.9054106508875739
GCST006465,endometrial-carcinoma-1,GCST90041830,non-epithelial-carcinoma,-0.1908,0.0993,-1.9212,0.0547,0.0169,0.0026,1.0296,0.0145,0.0053,0.0059,1.0,0.13614222222222222
GCST009981,mdd-notrauma,GCST90043874,skin-carcinoma-face,-0.0306,0.1459,-0.2097,0.8339,0.0083,0.0014,1.0233,0.0079,-0.0051,0.0055,1.0,0.9053001615508885
GCST90275149,ADHD-1,GCST009979,mdd-1,0.4119,0.0461,8.9418,3.8299e-19,0.0781,0.006,1.0184,0.0075,0.0141,0.0057,3.3443031141557273e-17,4.085226666666667e-18
GCST90275148,ADHD-sex-M1,GCST90225528,anxiety-any,0.3471,0.0509,6.8135,9.5269e-12,0.009,0.001,1.0177,0.0075,0.0056,0.0059,5.801794188000907e-10,7.087169889298893e-11
GCST90041833,breast-neoplasm-2,GCST90043894,prostate-cancer-1,0.0894,0.0828,1.0791,0.2805,0.0254,0.0035,1.0431,0.014,0.0021,0.0053,1.0,0.46427586206896554
GCST90011804,breast-carcinoma-1,GCST006464,endometrial-carcinoma-2,0.3465,0.1217,2.8465,0.0044,0.0189,0.0045,1.0838,0.0095,0.0066,0.0066,0.12122881415900234,0.014808681135225377
GCST90225529,anxiety-others,GCST90041830,non-epithelial-carcinoma,-0.025,0.0682,-0.3671,0.7136,0.0168,0.0027,1.0284,0.0122,0.0061,0.0053,1.0,0.8258424799081515
GCST004749,lung-carcinoma-smokers,GCST90011809,melanoma-1,0.1022,0.101,1.012,0.3115,0.0092,0.0024,0.9992,0.0092,-0.0023,0.0051,1.0,0.49998726114649683
GCST90225529,anxiety-others,GCST90043889,breast-neoplasm-1,-0.0279,0.1051,-0.2654,0.7907,0.0049,0.0011,1.0119,0.0081,0.0009,0.0048,1.0,0.8797192052980132
GCST90275152,autism-1,GCST90042699,intestinal-cancer-sibling,0.257,0.1612,1.5945,0.1108,0.0022,0.0011,1.0111,0.0062,-0.0043,0.0049,1.0,0.24148410810810808
GCST90225528,anxiety-any,GCST90041830,non-epithelial-carcinoma,0.02,0.069,0.29,0.7718,0.0168,0.0027,1.0284,0.0122,0.0031,0.0055,1.0,0.8648964980544748
GCST90042673,intestinal-cancer-father,GCST90275156,schizo-age-sex-M1,-0.0392,0.1791,-0.2191,0.8266,0.1137,0.0123,1.0312,0.008,0.0115,0.0055,1.0,0.9022336762317271
GCST90042843,anxiety-treatment-1,GCST90011808,prostate-cancer-3,0.0259,0.0843,0.3075,0.7585,0.0332,0.0046,1.0535,0.0196,0.0058,0.0056,1.0,0.8541858337981038
GCST90042684,lung-cancer-family-mother,GCST90043894,prostate-cancer-1,-0.1188,0.1401,-0.848,0.3965,0.0254,0.0035,1.0431,0.014,0.0021,0.0054,1.0,0.588618556701031
GCST004748,lung-carcinoma-1,GCST90042670,prostate-cancer-father,-0.0934,0.1054,-0.8863,0.3754,0.0066,0.0013,1.0207,0.0083,-0.0004,0.0052,1.0,0.5677467366841711
GCST90042682,depression-family-mother,GCST004750,lung-cancer-squamous,0.0338,0.1192,0.2833,0.777,0.0557,0.0152,1.0386,0.0097,-0.0084,0.0054,1.0,0.8687920133111481
GCST90042673,intestinal-cancer-father,GCST90275157,schizo-sex-M1,-0.0816,0.1759,-0.464,0.6427,0.126,0.0132,1.0382,0.0087,0.0141,0.0054,1.0,0.7772544691061788
GCST90042841,anxiety-medication,GCST90041886,breast-carcinoma-2,-0.0529,0.0858,-0.617,0.5372,0.008,0.0015,1.0405,0.0105,0.0072,0.0049,1.0,0.7017506796116504
GCST004744,adenocarcinoma-lung,GCST004748,lung-carcinoma-1,0.8537,0.0369,23.1436,1.6854e-118,0.0849,0.0159,1.049,0.0114,0.7654,0.0088,7.928170051309381e-116,9.68464e-117
GCST90275147,ADHD-age-sex-M1,GCST005903,mdd-2,0.5648,0.0557,10.1477,3.3936e-24,0.0172,0.0021,1.0016,0.0068,0.0055,0.0052,3.636804311308504e-22,4.4425309090909095e-23
GCST90275147,ADHD-age-sex-M1,GCST90042700,breast-cancer-family-siblings,0.1495,0.0968,1.545,0.1223,0.0042,0.0012,1.0089,0.0067,0.004,0.006,1.0,0.2605685322069694
GCST90275155,mdd-5,GCST90042673,intestinal-cancer-father,0.2189,0.1612,1.3581,0.1744,0.0018,0.0011,1.0246,0.0067,0.003,0.0054,1.0,0.3358074498567335
GCST90255676,crc-cancer-2,GCST90275158,schizophrenia-M1,0.0893,0.0495,1.8032,0.0714,0.1293,0.0126,1.0359,0.0088,0.0046,0.0061,1.0,0.1681570093457944
GCST90255676,crc-cancer-2,GCST90042698,lung-cancer-family-sibling,0.2313,0.091,2.5424,0.011,0.0043,0.0013,1.0087,0.0067,0.0103,0.0053,0.277584325998633,0.03390825688073394
GCST90275147,ADHD-age-sex-M1,GCST90041886,breast-carcinoma-2,0.0267,0.0575,0.4653,0.6417,0.0079,0.0015,1.0417,0.0104,-0.0044,0.0056,1.0,0.7772544691061788
GCST90042786,depression-trauma,GCST90011809,melanoma-1,0.1169,0.1463,0.7991,0.4242,0.0088,0.0023,1.0016,0.0089,-0.0053,0.0052,1.0,0.6106997858672377
GCST009980,mdd-trauma,GCST90042673,intestinal-cancer-father,-0.2555,0.2386,-1.0706,0.2843,0.0018,0.001,1.024,0.0063,0.0061,0.0043,1.0,0.4678765714285714
GCST003769,depression-symptoms,GCST90042696,prostate-cancer-sibling,0.2398,0.2442,0.9821,0.326,0.0014,0.0012,1.0031,0.0066,0.0034,0.0051,1.0,0.5142535211267606
GCST90042778,anxiety-1,GCST90275157,schizo-sex-M1,0.3411,0.1386,2.461,0.0139,0.1259,0.0131,1.0384,0.0087,0.0031,0.0052,0.33935019821452034,0.04145325443786982
GCST90275149,ADHD-1,GCST90042700,breast-cancer-family-siblings,0.1346,0.0966,1.3941,0.1633,0.0042,0.0012,1.0089,0.0067,0.004,0.006,1.0,0.321496875
GCST005902,depression-broad,GCST90043874,skin-carcinoma-face,0.0307,0.0536,0.5726,0.5669,0.0084,0.0014,1.0226,0.0079,0.0029,0.0057,1.0,0.7233356962025316
GCST90042669,depression-family-father,GCST90011809,melanoma-1,0.0037,0.1129,0.0328,0.9738,0.0088,0.0023,1.0018,0.0089,-0.0056,0.0049,1.0,0.9840505263157895
GCST90042695,depression-family-sibling,GCST90041853,prostate-cancer-5,-0.0533,0.0929,-0.5741,0.5659,0.018,0.0029,1.03,0.0107,0.0092,0.0054,1.0,0.7233356962025316
GCST90042700,breast-cancer-family-siblings,GCST90041853,prostate-cancer-5,0.3033,0.1576,1.9244,0.0543,0.018,0.0029,1.03,0.0107,0.0043,0.0053,1.0,0.13548118811881188
GCST90275150,autism-age-sex-M1,GCST90275152,autism-1,1.0016,0.0027,377.0503,0.0,0.1633,0.0124,1.0316,0.0083,0.9827,0.008,0.0,0.0
GCST90042695,depression-family-sibling,GCST90042685,intestinal-cancer-mother,0.1737,0.1322,1.3141,0.1888,0.0034,0.001,1.0086,0.0063,0.0034,0.0053,1.0,0.3557203738317757
GCST90275155,mdd-5,GCST004748,lung-carcinoma-1,0.2247,0.0649,3.4634,0.0005,0.0835,0.0159,1.0506,0.0115,0.0005,0.0059,0.015991908844530126,0.0019534883720930232
GCST009979,mdd-1,GCST90041853,prostate-cancer-5,-0.0037,0.0718,-0.0511,0.9593,0.0179,0.0029,1.0301,0.0107,-0.0004,0.0049,1.0,0.977235371399697
GCST90042844,anxiety-treatment-2,GCST90042699,intestinal-cancer-sibling,0.1596,0.2027,0.787,0.4313,0.0022,0.0011,1.0115,0.0062,-0.0091,0.0047,1.0,0.6156433121019108
GCST90225528,anxiety-any,GCST003769,depression-symptoms,0.7438,0.067,11.0972,1.2948e-28,0.0384,0.0034,1.0155,0.0075,0.0603,0.0055,1.5484728932027775e-26,1.891533913043478e-27
GCST003740,adenocarcinoma-barret-oesophagus,GCST90225527,anxiety-2,0.0562,0.0689,0.8153,0.4149,0.0076,0.0009,1.0186,0.0068,0.0029,0.0049,1.0,0.6056758870383779
GCST90225527,anxiety-2,GCST90042700,breast-cancer-family-siblings,-0.0951,0.1396,-0.6812,0.4957,0.004,0.0012,1.0108,0.0067,0.0046,0.005,1.0,0.6675559118236473
GCST90042843,anxiety-treatment-1,GCST90042844,anxiety-treatment-2,0.7432,0.0703,10.5766,3.8267e-26,0.0274,0.0039,0.9979,0.0062,0.2998,0.0053,4.4163998026416135e-24,5.394844195804196e-25
GCST90275150,autism-age-sex-M1,GCST90275154,mdd-sex-M1,0.6269,0.0435,14.4084,4.5849000000000005e-47,0.1187,0.0091,1.0272,0.0075,0.3919,0.006,8.407509394760816e-45,1.0270176e-45
GCST90042700,breast-cancer-family-siblings,GCST90275157,schizo-sex-M1,0.2093,0.1138,1.8392,0.0659,0.126,0.0132,1.0383,0.0087,0.0015,0.0052,1.0,0.15872688172043012
GCST90011804,breast-carcinoma-1,GCST90042695,depression-family-sibling,-0.0468,0.0684,-0.684,0.494,0.0126,0.0016,1.0183,0.0081,0.0002,0.0056,1.0,0.6657112299465241
GCST90255675,crc-cancer-1,GCST004748,lung-carcinoma-1,0.2855,0.0453,6.2967,3.0405e-10,0.0838,0.0166,1.0486,0.0109,0.0419,0.0059,1.7921195573118303e-08,2.18916e-09
GCST005902,depression-broad,GCST90042699,intestinal-cancer-sibling,0.3619,0.1375,2.6327,0.0085,0.0023,0.0011,1.011,0.0063,0.0002,0.0051,0.22056764840285895,0.026943396226415096
GCST90042682,depression-family-mother,GCST90042670,prostate-cancer-father,0.2397,0.12,1.9978,0.0457,0.0065,0.0013,1.0204,0.0081,0.003,0.0052,0.9607857346360097,0.11736458598726114
GCST90042670,prostate-cancer-father,GCST90275157,schizo-sex-M1,0.1371,0.096,1.4285,0.1531,0.126,0.0132,1.0382,0.0086,-0.0094,0.005,1.0,0.30803353293413177
GCST90275148,ADHD-sex-M1,GCST004750,lung-cancer-squamous,0.4501,0.0749,6.0089,1.8679e-09,0.0549,0.0146,1.04,0.0092,0.0007,0.0052,1.04854311903674e-07,1.2808457142857144e-08
GCST90042682,depression-family-mother,GCST90041830,non-epithelial-carcinoma,0.0123,0.0738,0.1668,0.8675,0.0169,0.0027,1.0279,0.0122,-0.0067,0.005,1.0,0.9238048574445619
GCST003740,adenocarcinoma-barret-oesophagus,GCST90041833,breast-neoplasm-2,0.0876,0.0745,1.1756,0.2397,0.0086,0.0014,1.0372,0.0097,-0.0042,0.0051,1.0,0.4181979238754326
GCST90011804,breast-carcinoma-1,GCST005903,mdd-2,-0.0335,0.0734,-0.4563,0.6482,0.0175,0.0021,0.9998,0.0068,-0.0023,0.0052,1.0,0.7834359712230216
GCST90042843,anxiety-treatment-1,GCST90042700,breast-cancer-family-siblings,0.0564,0.1335,0.4227,0.6725,0.0043,0.0012,1.0078,0.0065,0.0039,0.005,1.0,0.8004495867768595
GCST004744,adenocarcinoma-lung,GCST90041886,breast-carcinoma-2,0.0943,0.0867,1.0873,0.2769,0.0077,0.0014,1.0424,0.0101,0.0036,0.0051,1.0,0.45944888888888885
GCST90042843,anxiety-treatment-1,GCST90041830,non-epithelial-carcinoma,-0.0757,0.0735,-1.0296,0.3032,0.0169,0.0027,1.0282,0.0122,-0.0041,0.0054,1.0,0.4917547868061143
GCST90042686,breast-cancer-family-mother,GCST90255675,crc-cancer-1,0.1245,0.0723,1.7212,0.0852,0.0861,0.0092,1.1793,0.023,-0.003,0.0061,1.0,0.19452231030577577
GCST90225527,anxiety-2,GCST90042696,prostate-cancer-sibling,0.0523,0.2292,0.2282,0.8195,0.0016,0.0011,1.0013,0.0062,0.0052,0.005,1.0,0.9008244274809161
GCST006465,endometrial-carcinoma-1,GCST004748,lung-carcinoma-1,0.1328,0.1467,0.9056,0.3652,0.0704,0.018,1.0752,0.0139,0.0201,0.0068,1.0,0.5574903860711582
GCST003769,depression-symptoms,GCST006465,endometrial-carcinoma-1,-0.0015,0.1086,-0.0139,0.9889,0.0364,0.0103,1.0732,0.0096,-0.0012,0.006,1.0,0.9938297108673979
GCST90042700,breast-cancer-family-siblings,GCST90011809,melanoma-1,0.1509,0.1469,1.027,0.3044,0.0088,0.0023,1.0018,0.0089,0.0045,0.005,1.0,0.4926741573033708
GCST009979,mdd-1,GCST90042682,depression-family-mother,0.7896,0.0719,10.9756,5.0088e-28,0.0089,0.0013,1.0201,0.0077,0.059,0.005,5.904534411224137e-26,7.212672e-27
GCST90275153,mdd-age-sex-M1,GCST90043894,prostate-cancer-1,0.0357,0.0597,0.5976,0.5501,0.0253,0.0035,1.0434,0.0141,-0.0032,0.0052,1.0,0.7099882202304738
GCST90225528,anxiety-any,GCST90013410,bcc-1,-0.0187,0.0611,-0.306,0.7596,0.0318,0.0044,1.0604,0.0172,0.0083,0.0054,1.0,0.8541858337981038
GCST90042682,depression-family-mother,GCST90042685,intestinal-cancer-mother,0.0026,0.1591,0.0164,0.9869,0.0034,0.001,1.0086,0.0063,-0.0139,0.0049,1.0,0.9923144139650873
GCST009979,mdd-1,GCST90042786,depression-trauma,-0.07,0.1103,-0.6345,0.5257,0.0204,0.0053,1.0121,0.0071,-0.0201,0.0049,1.0,0.6926870588235293
GCST90255675,crc-cancer-1,GCST90013410,bcc-1,0.1376,0.0468,2.9425,0.0033,0.0315,0.0044,1.0621,0.0173,0.0056,0.0069,0.09215236000157664,0.011256852791878172
GCST90255675,crc-cancer-1,GCST90275157,schizo-sex-M1,0.0653,0.0477,1.3698,0.1707,0.1288,0.0126,1.036,0.0088,0.009,0.0062,1.0,0.3304537428023033
GCST90042860,crc-benign-neoplasm,GCST90042698,lung-cancer-family-sibling,0.4134,0.1541,2.6824,0.0073,0.0043,0.0014,1.0091,0.0067,0.0069,0.0052,0.1918417905591595,0.0234343949044586
GCST90042786,depression-trauma,GCST90042670,prostate-cancer-father,-0.3472,0.1711,-2.0297,0.0424,0.0065,0.0013,1.0203,0.0081,0.0052,0.005,0.9040759133441032,0.11043720930232559
GCST90225529,anxiety-others,GCST90042698,lung-cancer-family-sibling,0.1536,0.126,1.2195,0.2227,0.0042,0.0014,1.0093,0.0069,0.0132,0.0045,1.0,0.3969612732095491
GCST90042686,breast-cancer-family-mother,GCST90011816,cervical-cancer-2,-0.0085,0.1462,-0.058,0.9538,0.0088,0.0025,1.0173,0.008,0.0029,0.005,1.0,0.9759481518987342
GCST90275147,ADHD-age-sex-M1,GCST90042670,prostate-cancer-father,-0.1176,0.0695,-1.6929,0.0905,0.0065,0.0013,1.0205,0.0083,-0.0074,0.0056,1.0,0.20430907054871217
GCST90275150,autism-age-sex-M1,GCST90041833,breast-neoplasm-2,0.0224,0.0699,0.3201,0.7489,0.0087,0.0014,1.037,0.01,-0.0009,0.0053,1.0,0.8490744525547446
GCST90225528,anxiety-any,GCST90255675,crc-cancer-1,0.0685,0.0469,1.4612,0.144,0.0869,0.0089,1.1759,0.0235,0.0049,0.0059,1.0,0.29552960325534083
GCST003740,adenocarcinoma-barret-oesophagus,GCST004749,lung-carcinoma-smokers,0.1755,0.0872,2.0127,0.0441,0.1079,0.0267,1.0452,0.0096,-0.0042,0.0055,0.9318962379067598,0.11383559539052496
GCST004748,lung-carcinoma-1,GCST90275156,schizo-age-sex-M1,0.3229,0.0756,4.2708,1.9479e-05,0.1164,0.0118,1.0298,0.0076,-0.0026,0.0059,0.0007564108163266956,9.239920941176471e-05
GCST90275152,autism-1,GCST90255676,crc-cancer-2,0.0324,0.0405,0.7992,0.4242,0.0869,0.0095,1.1564,0.0196,-0.0049,0.006,1.0,0.6106997858672377
GCST90275154,mdd-sex-M1,GCST90011809,melanoma-1,-0.1414,0.0775,-1.8239,0.0682,0.0089,0.0023,1.0013,0.0089,0.0033,0.0049,1.0,0.16256528925619834
GCST90275150,autism-age-sex-M1,GCST90137412,squamous-carcinoma,0.0676,0.0471,1.4361,0.151,0.0959,0.0109,0.7882,0.0192,-0.0004,0.0059,1.0,0.3056385542168674
GCST90041853,prostate-cancer-5,GCST90275158,schizophrenia-M1,0.1469,0.0808,1.8182,0.069,0.1263,0.0132,1.0384,0.0086,-0.0106,0.0048,1.0,0.1638445229681979
GCST003740,adenocarcinoma-barret-oesophagus,GCST90137411,bcc-2,0.0679,0.0479,1.4178,0.1563,0.0697,0.0121,0.9758,0.0234,0.003,0.0061,1.0,0.3126
GCST90275148,ADHD-sex-M1,GCST90042778,anxiety-1,0.3623,0.1201,3.0163,0.0026,0.0263,0.0085,1.0041,0.0065,0.0061,0.0053,0.0737276457244729,0.009006185567010308
GCST90225527,anxiety-2,GCST90137411,bcc-2,-0.0197,0.0564,-0.3494,0.7268,0.0699,0.0113,0.9741,0.0233,0.005,0.0064,1.0,0.8367954311821817
GCST90225528,anxiety-any,GCST90042699,intestinal-cancer-sibling,0.3855,0.1845,2.0898,0.0366,0.0023,0.0011,1.0107,0.0066,0.0016,0.005,0.802169438709849,0.09798884462151394
GCST90042778,anxiety-1,GCST90013410,bcc-1,0.0058,0.0962,0.06,0.9522,0.0316,0.0044,1.0623,0.0173,0.0044,0.0055,1.0,0.9759481518987342
GCST009980,mdd-trauma,GCST90275158,schizophrenia-M1,0.3459,0.0848,4.0802,4.4992e-05,0.1292,0.0126,1.0354,0.0084,0.0155,0.005,0.0016611459005381622,0.0002029169395973154
GCST90042860,crc-benign-neoplasm,GCST90013410,bcc-1,-0.0395,0.0546,-0.7247,0.4686,0.0316,0.0044,1.0621,0.0173,0.0203,0.0053,1.0,0.6467482546201232
GCST009981,mdd-notrauma,GCST004750,lung-cancer-squamous,0.0545,0.1647,0.3307,0.7409,0.0541,0.0146,1.041,0.0093,0.0028,0.0054,1.0,0.8457839184597962
GCST90275154,mdd-sex-M1,GCST90275158,schizophrenia-M1,0.8758,0.0374,23.434,1.9254e-121,0.1287,0.0125,1.0358,0.0084,0.4561,0.0057,1.0250363732424055e-118,1.2521310967741936e-119
GCST90225528,anxiety-any,GCST90042682,depression-family-mother,0.6691,0.0966,6.9244,4.3777e-12,0.0087,0.0012,1.0216,0.0077,0.056,0.0051,2.7366677381764365e-10,3.342970909090909e-11
GCST009981,mdd-notrauma,GCST90041830,non-epithelial-carcinoma,-0.028,0.1163,-0.241,0.8096,0.0169,0.0027,1.0281,0.0122,-0.0017,0.0052,1.0,0.8948210526315791
GCST90275151,autism-sex-M1,GCST90042670,prostate-cancer-father,0.0562,0.0818,0.6877,0.4916,0.0065,0.0013,1.0205,0.0083,-0.0079,0.0055,1.0,0.6646731772575251
GCST90042686,breast-cancer-family-mother,GCST90042669,depression-family-father,-0.0867,0.1228,-0.7058,0.4803,0.0069,0.0014,1.0111,0.0069,0.0067,0.0049,1.0,0.6573556008146639
GCST90011804,breast-carcinoma-1,GCST004750,lung-cancer-squamous,0.1391,0.0844,1.6474,0.0995,0.0547,0.0136,1.0397,0.0089,-0.0048,0.0057,1.0,0.2218713812154696
GCST90042685,intestinal-cancer-mother,GCST90042696,prostate-cancer-sibling,0.4641,0.3809,1.2182,0.2231,0.0015,0.0011,1.002,0.0063,0.0131,0.0046,1.0,0.3973229681978798
GCST90042682,depression-family-mother,GCST90011809,melanoma-1,-0.071,0.1028,-0.6907,0.4898,0.0088,0.0023,1.0017,0.0089,0.0043,0.0056,1.0,0.6635605104096709
GCST90042844,anxiety-treatment-2,GCST006465,endometrial-carcinoma-1,0.2147,0.1617,1.3278,0.1842,0.0346,0.0098,1.0749,0.0091,-0.0055,0.0062,1.0,0.34999736098020734
GCST90041833,breast-neoplasm-2,GCST90042786,depression-trauma,-0.0663,0.1387,-0.4778,0.6328,0.0205,0.0053,1.0121,0.0071,0.0025,0.0054,1.0,0.7690936708860759
GCST90042784,depression-postpartum,GCST90042669,depression-family-father,0.105,0.2977,0.3528,0.7243,0.0069,0.0014,1.011,0.0069,0.0082,0.0048,1.0,0.8353482837528605
GCST90042843,anxiety-treatment-1,GCST90042696,prostate-cancer-sibling,0.2768,0.2596,1.0663,0.2863,0.0015,0.0011,1.0022,0.0063,6.9747e-05,0.005,1.0,0.4707836867862969
GCST004749,lung-carcinoma-smokers,GCST90275156,schizo-age-sex-M1,0.3561,0.0979,3.6374,0.0003,0.1144,0.0115,1.0311,0.0076,-0.0075,0.0059,0.00986273900053093,0.0012047808764940238
GCST90225527,anxiety-2,GCST90275155,mdd-5,0.4912,0.0812,6.0464,1.4815e-09,0.1198,0.0096,1.0281,0.0079,0.0096,0.0057,8.460262064938708e-08,1.0334615916955017e-08
GCST90042686,breast-cancer-family-mother,GCST90042685,intestinal-cancer-mother,0.1442,0.1748,0.8246,0.4096,0.0034,0.001,1.0086,0.0063,-0.0144,0.0048,1.0,0.600694690909091
GCST003740,adenocarcinoma-barret-oesophagus,GCST90225529,anxiety-others,0.0771,0.0611,1.2618,0.207,0.0089,0.001,1.0155,0.0072,0.0024,0.0047,1.0,0.3776579185520362
GCST90042684,lung-cancer-family-mother,GCST90041853,prostate-cancer-5,-0.2671,0.1597,-1.672,0.0945,0.018,0.0029,1.03,0.0107,0.006,0.0055,1.0,0.21238795986622072
GCST90042860,crc-benign-neoplasm,GCST90275158,schizophrenia-M1,0.2672,0.066,4.0458,5.2139e-05,0.1264,0.0132,1.0383,0.0087,0.0077,0.0054,0.0019079463493853542,0.00023306479822616404
GCST005903,mdd-2,GCST90137412,squamous-carcinoma,0.274,0.0483,5.6723,1.4089e-08,0.0958,0.0109,0.7881,0.019,0.0316,0.0062,7.452561661196272e-07,9.103661538461539e-08
GCST90255676,crc-cancer-2,GCST90137411,bcc-2,0.0792,0.0351,2.2565,0.024,0.0693,0.0114,0.9765,0.0217,0.0176,0.0065,0.5570852296221128,0.0680506329113924
GCST90042841,anxiety-medication,GCST90042699,intestinal-cancer-sibling,0.3936,0.2112,1.8636,0.0624,0.0022,0.0011,1.0115,0.0062,-0.0009,0.0046,1.0,0.1519304347826087
GCST004748,lung-carcinoma-1,GCST90137411,bcc-2,0.1502,0.05,3.0072,0.0026,0.0701,0.0118,0.9735,0.0229,0.0179,0.0068,0.0737276457244729,0.009006185567010308
GCST90275151,autism-sex-M1,GCST90275157,schizo-sex-M1,0.6076,0.0436,13.9216,4.685e-44,0.1282,0.0125,1.0359,0.0084,0.3386,0.0061,7.889755092917918e-42,9.637714285714286e-43
GCST90275150,autism-age-sex-M1,GCST90042673,intestinal-cancer-father,0.0444,0.1563,0.2844,0.7761,0.0018,0.0011,1.0246,0.0067,0.0054,0.0051,1.0,0.8682672586015538
GCST90275147,ADHD-age-sex-M1,GCST90042778,anxiety-1,0.3756,0.1212,3.0983,0.0019,0.0263,0.0085,1.0041,0.0065,0.0061,0.0053,0.055400944986492354,0.006767491166077739
GCST90042778,anxiety-1,GCST90275155,mdd-5,0.5664,0.1582,3.5795,0.0003,0.1182,0.0095,1.0301,0.0074,0.0091,0.0048,0.00986273900053093,0.0012047808764940238
GCST90275156,schizo-age-sex-M1,GCST90275157,schizo-sex-M1,0.9953,0.0035,282.783,0.0,0.1285,0.0125,1.0357,0.0084,0.9879,0.0079,0.0,0.0
GCST90042844,anxiety-treatment-2,GCST90041853,prostate-cancer-5,0.0705,0.1149,0.614,0.5392,0.0179,0.0029,1.0302,0.0107,0.0006,0.0053,1.0,0.7018907682375726
GCST90275153,mdd-age-sex-M1,GCST90275158,schizophrenia-M1,0.8544,0.0395,21.6401,7.539199999999999e-104,0.1287,0.0125,1.0358,0.0084,0.4253,0.0053,3.27432414562693e-101,3.999744e-102
GCST90041833,breast-neoplasm-2,GCST90275154,mdd-sex-M1,0.0285,0.0676,0.4213,0.6735,0.1178,0.0095,1.0285,0.0075,-0.0052,0.005,1.0,0.8005754716981132
GCST90011816,cervical-cancer-2,GCST90255676,crc-cancer-2,0.0667,0.0789,0.846,0.3976,0.0852,0.0095,1.1602,0.0214,0.0115,0.0059,1.0,0.5889504775900074
GCST90042698,lung-cancer-family-sibling,GCST90042672,lung-cancer-family-father,1.1104,0.1986,5.5905,2.2645e-08,0.0132,0.0018,0.9979,0.0081,0.0416,0.0052,1.1678911019046408e-06,1.426635e-07
GCST90042784,depression-postpartum,GCST90043894,prostate-cancer-1,0.2032,0.2824,0.7196,0.4718,0.0254,0.0035,1.043,0.014,-0.0024,0.0051,1.0,0.6492483276450511
GCST90275147,ADHD-age-sex-M1,GCST90275158,schizophrenia-M1,0.6074,0.0354,17.1772,3.9349999999999995e-66,0.1289,0.0126,1.0356,0.0084,0.3604,0.0065,1.1393309204373558e-63,1.3917473684210526e-64
GCST90275153,mdd-age-sex-M1,GCST90042699,intestinal-cancer-sibling,0.4232,0.1763,2.3996,0.0164,0.0022,0.0011,1.011,0.0062,9.6995e-05,0.0047,0.3916929939390789,0.04784717800289436
GCST90043889,breast-neoplasm-1,GCST90042672,lung-cancer-family-father,0.172,0.1025,1.6783,0.0933,0.0132,0.0018,0.9978,0.0081,-0.0061,0.0045,1.0,0.21015955307262568
GCST90011808,prostate-cancer-3,GCST90137412,squamous-carcinoma,0.0897,0.0478,1.8771,0.0605,0.0955,0.0119,0.7882,0.0191,0.0387,0.0063,1.0,0.14784
GCST90225528,anxiety-any,GCST009981,mdd-notrauma,0.6858,0.1646,4.1669,3.0877e-05,0.0321,0.0093,1.0148,0.0065,0.0395,0.0057,0.0011660942764602255,0.00014244400915331808
GCST90042843,anxiety-treatment-1,GCST90042685,intestinal-cancer-mother,0.3483,0.1338,2.6032,0.0092,0.0034,0.001,1.0087,0.0064,-0.0047,0.0047,0.2357664275365013,0.0288
GCST90042673,intestinal-cancer-father,GCST90043874,skin-carcinoma-face,0.1327,0.1991,0.6663,0.5052,0.0083,0.0014,1.0233,0.0079,0.0017,0.0049,1.0,0.6771829787234043
GCST90225527,anxiety-2,GCST006465,endometrial-carcinoma-1,-0.0176,0.1326,-0.1326,0.8945,0.0349,0.0095,1.0742,0.0084,0.0019,0.0056,1.0,0.9377597503900156
GCST90275156,schizo-age-sex-M1,GCST90041830,non-epithelial-carcinoma,0.0395,0.0656,0.6014,0.5476,0.017,0.0027,1.0272,0.0123,0.0002,0.0052,1.0,0.7082509300833868
GCST90275154,mdd-sex-M1,GCST004749,lung-carcinoma-smokers,0.2558,0.0785,3.2573,0.0011,0.1073,0.0265,1.0464,0.0096,-0.0059,0.0055,0.03312776445312154,0.004046715328467154
GCST90275150,autism-age-sex-M1,GCST004749,lung-carcinoma-smokers,0.0374,0.0661,0.5667,0.5709,0.1064,0.0265,1.0471,0.0096,-0.0043,0.0047,1.0,0.7254805293005672
GCST90041833,breast-neoplasm-2,GCST90042670,prostate-cancer-father,0.1556,0.1111,1.4002,0.1615,0.0065,0.0013,1.0204,0.0081,0.0051,0.0046,1.0,0.31920000000000004
GCST90042860,crc-benign-neoplasm,GCST90043894,prostate-cancer-1,0.0005,0.0835,0.0054,0.9957,0.0254,0.0035,1.0431,0.014,0.024,0.0059,1.0,0.9971839046199703
GCST90042860,crc-benign-neoplasm,GCST90275153,mdd-age-sex-M1,0.1867,0.0586,3.1855,0.0014,0.1074,0.0093,1.0215,0.0074,0.0115,0.0048,0.04140700698669736,0.005058064516129032
GCST009981,mdd-notrauma,GCST90011808,prostate-cancer-3,0.0583,0.1117,0.5222,0.6016,0.0335,0.0046,1.0524,0.0196,-0.0009,0.0055,1.0,0.7468137931034483
GCST90042686,breast-cancer-family-mother,GCST90043894,prostate-cancer-1,0.1128,0.0963,1.1709,0.2416,0.0254,0.0035,1.0431,0.014,0.0079,0.0049,1.0,0.42024641932700607
GCST90042786,depression-trauma,GCST004748,lung-carcinoma-1,0.4646,0.1268,3.6632,0.0002,0.0841,0.0167,1.0496,0.0119,-0.014,0.0055,0.006722464328943011,0.0008211812627291243
GCST90225529,anxiety-others,GCST90137412,squamous-carcinoma,0.1037,0.0498,2.082,0.0373,0.0957,0.0099,0.7881,0.0175,0.0317,0.0062,0.8142673839918053,0.09946666666666666
GCST90042700,breast-cancer-family-siblings,GCST005902,depression-broad,0.0281,0.0745,0.378,0.7055,0.0573,0.0029,1.0386,0.01,0.0142,0.0053,1.0,0.8188186528497409
GCST90275149,ADHD-1,GCST005902,depression-broad,0.4311,0.0368,11.7305,8.89e-32,0.0576,0.0028,1.0379,0.0097,0.0118,0.0067,1.2026020316062684e-29,1.4690360655737704e-30
GCST90042672,lung-cancer-family-father,GCST90013410,bcc-1,0.1,0.0523,1.9127,0.0558,0.0316,0.0044,1.0622,0.0173,0.0103,0.0058,1.0,0.138197542997543
GCST003740,adenocarcinoma-barret-oesophagus,GCST90275151,autism-sex-M1,0.0026,0.0675,0.0382,0.9695,0.1511,0.0117,1.0306,0.008,-0.0002,0.0053,1.0,0.9817747865394275
GCST90275154,mdd-sex-M1,GCST90275155,mdd-5,1.0025,0.0012,842.4912,0.0,0.1191,0.0091,1.0289,0.0076,1.0097,0.0075,0.0,0.0
GCST90275149,ADHD-1,GCST90042695,depression-family-sibling,0.2624,0.0521,5.04,4.6561e-07,0.0129,0.0015,1.0165,0.008,0.0086,0.0063,2.140463633083266e-05,2.6146789972144845e-06
GCST90042673,intestinal-cancer-father,GCST90041830,non-epithelial-carcinoma,0.0138,0.1515,0.0909,0.9276,0.0169,0.0027,1.028,0.0122,-0.0031,0.0047,1.0,0.9618755784061697
GCST90011804,breast-carcinoma-1,GCST90137411,bcc-2,0.2028,0.0453,4.4766,7.5837e-06,0.0703,0.0138,0.9721,0.025,0.0821,0.0065,0.00030526519501365744,3.728960780487805e-05
GCST90042844,anxiety-treatment-2,GCST90137412,squamous-carcinoma,-0.0986,0.049,-2.0112,0.0443,0.0961,0.0108,0.7865,0.0187,-0.0094,0.006,0.9349254370724942,0.11420562659846546
GCST90042784,depression-postpartum,GCST90275156,schizo-age-sex-M1,0.0127,0.224,0.0568,0.9547,0.1135,0.0122,1.0313,0.008,0.0113,0.0045,1.0,0.9759481518987342
GCST004744,adenocarcinoma-lung,GCST90225528,anxiety-any,-0.0572,0.0926,-0.6174,0.537,0.0092,0.001,1.0171,0.0071,0.0068,0.0058,1.0,0.7017506796116504
GCST90042778,anxiety-1,GCST009981,mdd-notrauma,0.8113,0.2502,3.2425,0.0012,0.0299,0.0093,1.0166,0.0065,0.0914,0.0053,0.035942613272352285,0.004390562613430127
GCST90255676,crc-cancer-2,GCST005903,mdd-2,0.1347,0.0533,2.5272,0.0115,0.0172,0.0021,1.0012,0.0065,0.0006,0.0054,0.28712855395897663,0.03507413010590015
GCST006465,endometrial-carcinoma-1,GCST90042670,prostate-cancer-father,-0.173,0.2199,-0.7865,0.4315,0.0052,0.0014,1.0328,0.0102,-0.0017,0.0065,1.0,0.6156433121019108
GCST90225528,anxiety-any,GCST90042844,anxiety-treatment-2,0.3957,0.0897,4.4131,1.0192e-05,0.027,0.004,0.9989,0.0061,0.0409,0.005,0.0004043394232250997,4.9392e-05
GCST90275152,autism-1,GCST90255675,crc-cancer-1,0.0372,0.0382,0.9739,0.3301,0.0886,0.0089,1.1716,0.0214,-0.0045,0.006,1.0,0.5182878504672898
GCST90042778,anxiety-1,GCST009980,mdd-trauma,0.4754,0.1804,2.6347,0.0084,0.1019,0.0168,1.0039,0.0067,0.1075,0.0046,0.21866034604331666,0.026710410094637226
GCST90275151,autism-sex-M1,GCST90042686,breast-cancer-family-mother,-0.1534,0.0827,-1.855,0.0636,0.0062,0.0014,1.0267,0.0093,0.0097,0.0055,1.0,0.1541076923076923
GCST90043894,prostate-cancer-1,GCST90041830,non-epithelial-carcinoma,0.0097,0.0692,0.1401,0.8886,0.0169,0.0027,1.0278,0.0122,0.0125,0.0056,1.0,0.9349107981220658
GCST90042860,crc-benign-neoplasm,GCST90011809,melanoma-1,0.0187,0.0838,0.2227,0.8238,0.0088,0.0023,1.0018,0.0089,0.0037,0.0053,1.0,0.9015726829268292
GCST009981,mdd-notrauma,GCST90275157,schizo-sex-M1,0.6436,0.1547,4.1609,3.1694e-05,0.1284,0.0125,1.0357,0.0084,-0.0028,0.0047,0.0011942161662190204,0.00014587923287671232
GCST90042670,prostate-cancer-father,GCST90275158,schizophrenia-M1,0.1347,0.0958,1.4056,0.1598,0.1264,0.0132,1.0382,0.0087,-0.0093,0.005,1.0,0.31708346456692915
GCST90041886,breast-carcinoma-2,GCST90275153,mdd-age-sex-M1,-0.0655,0.0723,-0.9053,0.3653,0.1074,0.0093,1.0215,0.0074,0.0016,0.0052,1.0,0.5574903860711582
GCST004744,adenocarcinoma-lung,GCST90042844,anxiety-treatment-2,-0.2065,0.0966,-2.1379,0.0325,0.0273,0.0039,0.9982,0.0063,0.0072,0.0051,0.7258032782754269,0.08866035182679297
GCST90041833,breast-neoplasm-2,GCST004749,lung-carcinoma-smokers,0.0793,0.0859,0.9231,0.356,0.1094,0.0264,1.0449,0.0098,0.0002,0.0048,1.0,0.5477491990846682
GCST003740,adenocarcinoma-barret-oesophagus,GCST009981,mdd-notrauma,0.0154,0.1334,0.1151,0.9083,0.0323,0.0092,1.0143,0.0066,0.0051,0.0051,1.0,0.9482821336095286
GCST90042784,depression-postpartum,GCST90275157,schizo-sex-M1,-0.0415,0.2202,-0.1882,0.8507,0.1259,0.0131,1.0384,0.0087,0.0102,0.0044,1.0,0.9146726399999999
GCST90275152,autism-1,GCST90042673,intestinal-cancer-father,0.0208,0.1499,0.1389,0.8896,0.0018,0.0011,1.0246,0.0067,0.0059,0.0053,1.0,0.9350540145985401
GCST90042860,crc-benign-neoplasm,GCST90041853,prostate-cancer-5,-0.0542,0.0908,-0.5963,0.551,0.018,0.0029,1.03,0.0107,0.0238,0.0051,1.0,0.7103018530351437
GCST90225527,anxiety-2,GCST005903,mdd-2,0.6466,0.0845,7.6496,2.0168e-14,0.0178,0.0021,0.9991,0.0068,0.1475,0.0048,1.4598491742935577e-12,1.7832757894736846e-13
GCST006464,endometrial-carcinoma-2,GCST90137411,bcc-2,-0.0237,0.0801,-0.2957,0.7675,0.0667,0.0143,0.9935,0.0306,0.0045,0.0072,1.0,0.8615144766146994
GCST90275147,ADHD-age-sex-M1,GCST90042686,breast-cancer-family-mother,-0.1483,0.0686,-2.1606,0.0307,0.0062,0.0014,1.0266,0.0093,0.0031,0.0055,0.6893361262257705,0.08420571428571429
GCST90041833,breast-neoplasm-2,GCST90275158,schizophrenia-M1,0.1738,0.0782,2.2223,0.0263,0.1264,0.0132,1.0383,0.0087,-0.0128,0.0054,0.6062094875624287,0.07405139664804469
GCST90042698,lung-cancer-family-sibling,GCST90011808,prostate-cancer-3,0.0673,0.12,0.5611,0.5748,0.0332,0.0046,1.0537,0.0197,-0.0037,0.0055,1.0,0.7278874371859296
GCST006464,endometrial-carcinoma-2,GCST90275156,schizo-age-sex-M1,0.2026,0.1079,1.878,0.0604,0.1149,0.012,1.0293,0.0089,-0.0051,0.0056,1.0,0.1477747572815534
GCST90041886,breast-carcinoma-2,GCST90042670,prostate-cancer-father,0.1973,0.1086,1.8159,0.0694,0.0065,0.0013,1.0204,0.0081,0.0015,0.0049,1.0,0.16421408450704225
GCST90255676,crc-cancer-2,GCST90042786,depression-trauma,0.0712,0.087,0.8193,0.4126,0.0211,0.0054,1.0116,0.0075,-0.0002,0.0061,1.0,0.6040679738562091
GCST90043889,breast-neoplasm-1,GCST004749,lung-carcinoma-smokers,0.0406,0.1172,0.3466,0.7289,0.1094,0.0264,1.0449,0.0098,0.0034,0.0054,1.0,0.8382557900741585
GCST90011816,cervical-cancer-2,GCST90275153,mdd-age-sex-M1,0.2572,0.099,2.599,0.0093,0.1085,0.0091,1.0201,0.0076,0.0012,0.0052,0.2375912450870934,0.029022910216718264
GCST90042844,anxiety-treatment-2,GCST90255676,crc-cancer-2,-0.0977,0.0657,-1.4867,0.1371,0.085,0.0097,1.1618,0.0209,-0.0033,0.0062,1.0,0.2855305785123967
GCST90043889,breast-neoplasm-1,GCST90043874,skin-carcinoma-face,-0.0194,0.1255,-0.1546,0.8772,0.0083,0.0014,1.0233,0.0079,0.0091,0.0052,1.0,0.9266841278156102
GCST90275154,mdd-sex-M1,GCST004750,lung-cancer-squamous,0.2934,0.0895,3.2791,0.001,0.055,0.0146,1.04,0.0092,-0.0041,0.0054,0.030281926472578147,0.0036990825688073396
GCST90042786,depression-trauma,GCST90042672,lung-cancer-family-father,0.2875,0.1224,2.3482,0.0189,0.0133,0.0018,0.9979,0.0082,0.0074,0.0048,0.4449628867771629,0.05435435092724679
GCST90275151,autism-sex-M1,GCST90042682,depression-family-mother,0.3736,0.0661,5.6557,1.5526e-08,0.0089,0.0013,1.0204,0.0076,0.0116,0.0055,8.13446567540382e-07,9.93664e-08
GCST90255676,crc-cancer-2,GCST90275154,mdd-sex-M1,0.0921,0.0391,2.3531,0.0186,0.119,0.0093,1.027,0.0076,-0.0043,0.0059,0.4397820754334164,0.0537214899713467
GCST003740,adenocarcinoma-barret-oesophagus,GCST90275153,mdd-age-sex-M1,0.1393,0.058,2.4037,0.0162,0.1075,0.0088,1.0213,0.0073,-0.005,0.0055,0.38747699829911947,0.04733217391304347
GCST90042684,lung-cancer-family-mother,GCST004749,lung-carcinoma-smokers,1.1792,0.1969,5.989,2.1119e-09,0.1094,0.0265,1.0449,0.0098,-0.0039,0.0057,1.1745931049449814e-07,1.4348218181818182e-08
GCST90275148,ADHD-sex-M1,GCST90275150,autism-age-sex-M1,0.451,0.0387,11.65,2.2934000000000003e-31,0.1446,0.0116,1.0325,0.008,0.4804,0.0065,3.00392624951229e-29,3.6694400000000004e-30
GCST009981,mdd-notrauma,GCST90042698,lung-cancer-family-sibling,0.4122,0.2507,1.6444,0.1001,0.0043,0.0014,1.0092,0.0067,0.0019,0.0047,1.0,0.22271576626240353
GCST009980,mdd-trauma,GCST90042698,lung-cancer-family-sibling,0.3996,0.1937,2.0631,0.0391,0.0043,0.0014,1.0091,0.0067,0.0037,0.0052,0.8435198851861492,0.10304
GCST90011808,prostate-cancer-3,GCST90275156,schizo-age-sex-M1,0.0142,0.0638,0.2233,0.8233,0.1169,0.0117,1.0277,0.0077,-0.0078,0.0049,1.0,0.9015726829268292
GCST90042699,intestinal-cancer-sibling,GCST90275157,schizo-sex-M1,0.5395,0.1944,2.7747,0.0055,0.126,0.0132,1.0383,0.0087,-0.0035,0.0046,0.14783399772239902,0.018058631921824105
GCST90275148,ADHD-sex-M1,GCST90275158,schizophrenia-M1,0.5985,0.0354,16.8937,5.0053e-64,0.1289,0.0126,1.0356,0.0084,0.357,0.0065,1.3323503061676049e-61,1.627529806451613e-62
GCST90042784,depression-postpartum,GCST90275158,schizophrenia-M1,-0.0424,0.2202,-0.1927,0.8472,0.1263,0.0131,1.0383,0.0087,0.0102,0.0044,1.0,0.9133450267379679
GCST90042841,anxiety-medication,GCST004748,lung-carcinoma-1,0.1158,0.0651,1.7799,0.0751,0.0841,0.0167,1.0497,0.0119,-0.0031,0.0051,1.0,0.1744258064516129
GCST90042778,anxiety-1,GCST005902,depression-broad,0.95,0.1586,5.9888,2.1138e-09,0.0575,0.0029,1.0376,0.0099,0.1253,0.0055,1.1745931049449814e-07,1.4348218181818182e-08
GCST009981,mdd-notrauma,GCST90275158,schizophrenia-M1,0.6408,0.1543,4.152,3.296e-05,0.1288,0.0125,1.0357,0.0084,-0.0028,0.0047,0.001233470071683029,0.00015067428571428573
GCST90225529,anxiety-others,GCST90011816,cervical-cancer-2,0.1373,0.1156,1.1876,0.235,0.0088,0.0025,1.0173,0.0079,0.0036,0.0051,1.0,0.41304272013949433
GCST90043889,breast-neoplasm-1,GCST006464,endometrial-carcinoma-2,0.4007,0.1738,2.3054,0.0211,0.0181,0.0045,1.0863,0.0097,0.0028,0.0056,0.49393902620058505,0.06033702127659575
GCST90275150,autism-age-sex-M1,GCST004748,lung-carcinoma-1,0.0185,0.058,0.3186,0.7501,0.0831,0.0159,1.0511,0.0115,-0.0023,0.0056,1.0,0.8490744525547446
GCST90275148,ADHD-sex-M1,GCST90137412,squamous-carcinoma,0.4407,0.0382,11.5399,8.2992e-31,0.096,0.0109,0.7879,0.0191,0.0096,0.0061,1.053593011375117e-28,1.2870144e-29
GCST90275152,autism-1,GCST006464,endometrial-carcinoma-2,-0.0321,0.0907,-0.3537,0.7236,0.0185,0.0046,1.0853,0.0101,0.0102,0.0061,1.0,0.8350186605609616
GCST90137411,bcc-2,GCST90137412,squamous-carcinoma,0.6081,0.0562,10.8256,2.6049e-27,0.0959,0.0109,0.7881,0.0191,0.5435,0.0197,3.048961538743848e-25,3.724452765957447e-26
GCST90255676,crc-cancer-2,GCST90275153,mdd-age-sex-M1,0.0809,0.0388,2.0851,0.0371,0.1086,0.0089,1.0196,0.0071,-0.0057,0.0056,0.8109740560427734,0.09906437086092716
GCST90275147,ADHD-age-sex-M1,GCST006465,endometrial-carcinoma-1,0.1014,0.087,1.1655,0.2438,0.0349,0.0098,1.0748,0.0093,0.0055,0.0067,1.0,0.42116606683804625
GCST90275152,autism-1,GCST90275158,schizophrenia-M1,0.6251,0.0424,14.7562,2.8053e-49,0.1287,0.0125,1.0358,0.0084,0.3401,0.0061,5.715764091576579e-47,6.98208e-48
GCST90225528,anxiety-any,GCST90041833,breast-neoplasm-2,0.0843,0.0837,1.0065,0.3142,0.0087,0.0014,1.0364,0.0098,0.0011,0.0051,1.0,0.5028800000000001
GCST90042778,anxiety-1,GCST90011808,prostate-cancer-3,-0.0405,0.1229,-0.3295,0.7417,0.0332,0.0046,1.0537,0.0197,0.0062,0.005,1.0,0.8462179966044143
GCST90042786,depression-trauma,GCST90042684,lung-cancer-family-mother,0.3043,0.2129,1.4293,0.1529,0.0036,0.0012,1.0165,0.0066,0.0027,0.0047,1.0,0.3079384615384616
GCST90225527,anxiety-2,GCST90275156,schizo-age-sex-M1,0.3884,0.0906,4.288,1.8032e-05,0.1149,0.0119,1.03,0.0079,0.0098,0.0057,0.0007051986149139179,8.61433933649289e-05
GCST90275150,autism-age-sex-M1,GCST004750,lung-cancer-squamous,0.0993,0.0821,1.209,0.2267,0.0549,0.0146,1.0401,0.0092,-0.0017,0.005,1.0,0.4030222222222222
GCST009979,mdd-1,GCST90042685,intestinal-cancer-mother,0.0625,0.1121,0.5575,0.5772,0.0034,0.001,1.0088,0.0064,0.0033,0.0051,1.0,0.7290947368421052
GCST90275147,ADHD-age-sex-M1,GCST90011808,prostate-cancer-3,-0.0367,0.0501,-0.7311,0.4647,0.0332,0.0046,1.0536,0.0196,-0.004,0.0056,1.0,0.6429891557995883
GCST90042844,anxiety-treatment-2,GCST90275155,mdd-5,0.2538,0.0769,3.3015,0.001,0.1182,0.0095,1.0301,0.0074,-0.0006,0.0054,0.030281926472578147,0.0036990825688073396
GCST90042700,breast-cancer-family-siblings,GCST90275156,schizo-age-sex-M1,0.1725,0.1169,1.4758,0.14,0.1136,0.0123,1.0312,0.008,0.0033,0.0051,1.0,0.2903703703703704
GCST90042860,crc-benign-neoplasm,GCST90011808,prostate-cancer-3,-0.021,0.0781,-0.2684,0.7884,0.0332,0.0046,1.0536,0.0197,0.0236,0.0061,1.0,0.878089895085588
GCST009980,mdd-trauma,GCST004750,lung-cancer-squamous,0.0937,0.119,0.7871,0.4312,0.0542,0.0146,1.0408,0.0093,0.01,0.0051,1.0,0.6156433121019108
GCST90275153,mdd-age-sex-M1,GCST006464,endometrial-carcinoma-2,0.0968,0.095,1.0196,0.3079,0.0186,0.0046,1.0852,0.0102,-0.0002,0.0062,1.0,0.49658112000000004
GCST90042841,anxiety-medication,GCST90013410,bcc-1,-0.0846,0.0552,-1.5324,0.1254,0.0316,0.0044,1.0623,0.0173,0.004,0.006,1.0,0.26527429171038824
GCST90275147,ADHD-age-sex-M1,GCST90042672,lung-cancer-family-father,0.4236,0.0465,9.1066,8.5036e-20,0.0132,0.0018,0.998,0.0082,0.0123,0.0054,7.668876367429371e-18,9.367900327868854e-19
GCST90225527,anxiety-2,GCST90255675,crc-cancer-1,0.0737,0.0534,1.3789,0.1679,0.0869,0.0089,1.1759,0.0235,0.0023,0.0061,1.0,0.3275512572533849
GCST90042784,depression-postpartum,GCST90013410,bcc-1,0.1101,0.1657,0.6645,0.5064,0.0316,0.0044,1.0619,0.0172,-0.0024,0.0052,1.0,0.6775257294429708
GCST90043894,prostate-cancer-1,GCST90042670,prostate-cancer-father,0.9456,0.1153,8.2045,2.3162e-16,0.0065,0.0013,1.0203,0.0081,0.0512,0.0085,1.864670924985517e-14,2.277784975609756e-15
GCST90275149,ADHD-1,GCST90042698,lung-cancer-family-sibling,0.5142,0.1135,4.5308,5.8767e-06,0.0042,0.0014,1.0095,0.0067,0.0136,0.0058,0.00024006683051797773,2.932531485148515e-05
GCST90275147,ADHD-age-sex-M1,GCST90011809,melanoma-1,-0.1718,0.0615,-2.7952,0.0052,0.0089,0.0023,1.0017,0.0089,0.0015,0.0058,0.14114963753830012,0.017242105263157895
GCST003769,depression-symptoms,GCST90275157,schizo-sex-M1,0.6353,0.0571,11.1236,9.6308e-29,0.1263,0.0126,1.0408,0.0086,0.0125,0.0056,1.1601704505277194e-26,1.4172038540145985e-27
GCST90042682,depression-family-mother,GCST006465,endometrial-carcinoma-1,-0.1194,0.1646,-0.7255,0.4682,0.0344,0.0098,1.0751,0.009,0.0004,0.006,1.0,0.6467482546201232
GCST90275154,mdd-sex-M1,GCST90042695,depression-family-sibling,0.7199,0.0705,10.2084,1.8185e-24,0.0129,0.0015,1.0163,0.0079,0.008,0.0055,1.9615612675332635e-22,2.3961411764705883e-23
GCST90042698,lung-cancer-family-sibling,GCST90042670,prostate-cancer-father,0.0602,0.1653,0.3638,0.716,0.0065,0.0013,1.0203,0.0081,-0.0102,0.005,1.0,0.8281445783132529
GCST90042700,breast-cancer-family-siblings,GCST90275155,mdd-5,0.0254,0.1079,0.2358,0.8136,0.118,0.0095,1.0303,0.0075,0.0003,0.0051,1.0,0.8967838162930564
GCST90275154,mdd-sex-M1,GCST90041853,prostate-cancer-5,0.0716,0.072,0.9954,0.3195,0.0178,0.0029,1.0303,0.0108,-0.0025,0.0053,1.0,0.5083756906077348
GCST90042699,intestinal-cancer-sibling,GCST90042698,lung-cancer-family-sibling,0.8322,0.3414,2.4375,0.0148,0.0043,0.0014,1.0091,0.0067,0.0708,0.0046,0.3576193542134925,0.04368491947291362
GCST90042860,crc-benign-neoplasm,GCST009981,mdd-notrauma,0.1926,0.1363,1.4131,0.1576,0.0298,0.0093,1.0168,0.0066,0.0162,0.0048,1.0,0.31395415019762846
GCST90011816,cervical-cancer-2,GCST90043874,skin-carcinoma-face,0.009,0.1319,0.0683,0.9456,0.0083,0.0014,1.023,0.0085,0.011,0.0045,1.0,0.9730285714285712
GCST90042778,anxiety-1,GCST006465,endometrial-carcinoma-1,-0.109,0.2044,-0.533,0.594,0.0343,0.0098,1.0752,0.0091,0.0007,0.0049,1.0,0.7404037059913527
GCST90225528,anxiety-any,GCST90275157,schizo-sex-M1,0.4368,0.0774,5.6438,1.6634e-08,0.1268,0.0128,1.0376,0.0088,0.0096,0.0057,8.687395977688334e-07,1.0612070886075949e-07
GCST009979,mdd-1,GCST90275158,schizophrenia-M1,0.6126,0.058,10.5614,4.5007e-26,0.1288,0.0125,1.0357,0.0084,0.0139,0.0052,5.087532686914192e-24,6.214665205479452e-25
GCST90275156,schizo-age-sex-M1,GCST90137412,squamous-carcinoma,0.2781,0.04,6.9537,3.5582e-12,0.0959,0.0109,0.788,0.0191,0.0043,0.0055,2.2499343744148093e-10,2.7484027586206896e-11
GCST90042695,depression-family-sibling,GCST90275157,schizo-sex-M1,0.6531,0.0826,7.9113,2.5476e-15,0.126,0.0132,1.0383,0.0087,0.0091,0.0053,1.9198492491068193e-13,2.345187945205479e-14
GCST004744,adenocarcinoma-lung,GCST90042778,anxiety-1,-0.0092,0.1275,-0.0724,0.9423,0.0272,0.0089,1.0037,0.0067,-0.0021,0.0049,1.0,0.9712049079754602
GCST90011816,cervical-cancer-2,GCST009980,mdd-trauma,0.2071,0.1478,1.4017,0.161,0.1055,0.0176,1.0018,0.007,-0.0006,0.005,1.0,0.31883693516699413
GCST90255676,crc-cancer-2,GCST90011809,melanoma-1,0.0123,0.0578,0.2123,0.8319,0.009,0.0023,1.0003,0.0085,0.0082,0.0063,1.0,0.904537358490566
GCST90042841,anxiety-medication,GCST90137412,squamous-carcinoma,0.0953,0.049,1.9457,0.0517,0.0961,0.0108,0.7865,0.0187,0.0053,0.0055,1.0,0.13021047381546136
GCST90275147,ADHD-age-sex-M1,GCST009981,mdd-notrauma,0.3658,0.1113,3.2851,0.001,0.0303,0.0093,1.0167,0.0067,4.3564e-05,0.0055,0.030281926472578147,0.0036990825688073396
GCST003740,adenocarcinoma-barret-oesophagus,GCST90275148,ADHD-sex-M1,0.1988,0.0504,3.9414,8.102e-05,0.239,0.0135,1.0729,0.0087,-0.0124,0.0062,0.002887960512160936,0.0003527782289416846
GCST90041833,breast-neoplasm-2,GCST90137412,squamous-carcinoma,0.1083,0.0549,1.97,0.0488,0.0961,0.0108,0.7865,0.0186,0.0288,0.0058,1.0,0.12421818181818182
GCST90225527,anxiety-2,GCST90043874,skin-carcinoma-face,-0.0007,0.0904,-0.0076,0.9939,0.0083,0.0014,1.0236,0.0084,-0.0007,0.0045,1.0,0.9969726504226754
GCST009980,mdd-trauma,GCST009981,mdd-notrauma,0.8784,0.1952,4.5012,6.7563e-06,0.0321,0.0092,1.0146,0.0066,0.0045,0.0047,0.00027329316177828546,3.3384070588235294e-05
GCST009981,mdd-notrauma,GCST90011809,melanoma-1,-0.2114,0.1382,-1.5302,0.126,0.009,0.0023,1.0002,0.009,0.0071,0.0049,1.0,0.2662641509433962
GCST009981,mdd-notrauma,GCST90042786,depression-trauma,-0.1922,0.2218,-0.8668,0.386,0.0205,0.0053,1.0121,0.0071,-0.0016,0.0048,1.0,0.5781396731054977
GCST90042841,anxiety-medication,GCST003769,depression-symptoms,0.807,0.0656,12.3027,8.7569e-35,0.0387,0.0034,1.0147,0.0075,0.067,0.006,1.2903643933089927e-32,1.576242e-33
GCST90275152,autism-1,GCST009980,mdd-trauma,0.2281,0.0764,2.9861,0.0028,0.1083,0.0169,1.0005,0.0067,0.0046,0.0052,0.07885703037057039,0.009632764505119453
GCST90225528,anxiety-any,GCST90042672,lung-cancer-family-father,0.1293,0.0721,1.7935,0.0729,0.0134,0.0018,0.9968,0.0085,0.009,0.0048,1.0,0.1708911627906977
GCST90042784,depression-postpartum,GCST90275154,mdd-sex-M1,0.1043,0.2139,0.4874,0.626,0.118,0.0094,1.0282,0.0074,0.0044,0.0048,1.0,0.7648581818181819
GCST90225528,anxiety-any,GCST90275154,mdd-sex-M1,0.5773,0.071,8.1301,4.2892e-16,0.1192,0.0095,1.0269,0.0081,0.0039,0.0054,3.386959582261689e-14,4.1373335885167465e-15
GCST90041886,breast-carcinoma-2,GCST005902,depression-broad,0.0565,0.0549,1.0308,0.3027,0.0573,0.0029,1.0385,0.01,-0.003,0.0052,1.0,0.49133913043478267
GCST90275150,autism-age-sex-M1,GCST009981,mdd-notrauma,0.5149,0.1276,4.0358,5.4417e-05,0.0304,0.0093,1.0166,0.0066,-0.0028,0.0055,0.0019825146095094155,0.00024217366887417215
GCST90042841,anxiety-medication,GCST006465,endometrial-carcinoma-1,-0.0255,0.1252,-0.2034,0.8388,0.0346,0.0098,1.0749,0.0091,0.0045,0.0056,1.0,0.9069839228295821
GCST90042673,intestinal-cancer-father,GCST90042684,lung-cancer-family-mother,-0.1993,0.2895,-0.6886,0.491,0.0036,0.0012,1.0164,0.0066,0.016,0.0048,1.0,0.6643328859060403
GCST009979,mdd-1,GCST90011809,melanoma-1,-0.1712,0.0742,-2.3071,0.0211,0.009,0.0023,1.0004,0.009,0.0031,0.0051,0.49393902620058505,0.06033702127659575
GCST90275149,ADHD-1,GCST90225529,anxiety-others,0.3155,0.0534,5.9108,3.4039e-09,0.0088,0.001,1.0171,0.0075,0.0064,0.006,1.8601580790862506e-07,2.2722723178807946e-08
GCST90042672,lung-cancer-family-father,GCST90041853,prostate-cancer-5,-0.1097,0.0913,-1.201,0.2298,0.018,0.0029,1.03,0.0107,0.001,0.0053,1.0,0.40673994732221247
GCST009981,mdd-notrauma,GCST90042695,depression-family-sibling,0.7486,0.1628,4.599,4.2462e-06,0.0127,0.0015,1.0179,0.008,0.0321,0.0055,0.00017696413717773846,2.1617018181818183e-05
GCST90042843,anxiety-treatment-1,GCST90041833,breast-neoplasm-2,-0.0065,0.0845,-0.0775,0.9382,0.0087,0.0014,1.0362,0.0094,0.0017,0.005,1.0,0.968960655737705
GCST90043889,breast-neoplasm-1,GCST90041833,breast-neoplasm-2,1.0827,0.0699,15.486,4.3098e-54,0.0087,0.0014,1.0364,0.0095,0.5836,0.0077,9.87880978580235e-52,1.206744e-52
GCST90225528,anxiety-any,GCST90275150,autism-age-sex-M1,0.2987,0.0708,4.2188,2.4565e-05,0.1446,0.0117,1.0326,0.0085,0.0021,0.0056,0.0009406314628083313,0.00011490264501160093
GCST90042686,breast-cancer-family-mother,GCST90042672,lung-cancer-family-father,0.0204,0.0989,0.2063,0.8366,0.0132,0.0018,0.9979,0.0081,-0.0016,0.0054,1.0,0.9062792047286404
GCST90011816,cervical-cancer-2,GCST90275156,schizo-age-sex-M1,0.4558,0.125,3.6479,0.0003,0.1175,0.0121,1.0277,0.0081,-0.0048,0.0047,0.00986273900053093,0.0012047808764940238
GCST90275150,autism-age-sex-M1,GCST90011804,breast-carcinoma-1,-0.0644,0.0588,-1.0955,0.2733,0.027,0.004,1.0623,0.0139,0.0041,0.0059,1.0,0.45497341040462425
GCST90043889,breast-neoplasm-1,GCST90137412,squamous-carcinoma,0.0027,0.0631,0.0431,0.9657,0.0961,0.0108,0.7865,0.0186,0.0305,0.0057,1.0,0.9812758064516129
GCST90225529,anxiety-others,GCST90255676,crc-cancer-2,0.0883,0.0499,1.77,0.0767,0.0856,0.0095,1.1593,0.0214,0.0005,0.0057,1.0,0.1775283582089552
GCST90042843,anxiety-treatment-1,GCST004749,lung-carcinoma-smokers,-0.0659,0.0831,-0.7932,0.4277,0.1094,0.0264,1.0448,0.0098,-0.0008,0.0051,1.0,0.612823880597015
GCST90042682,depression-family-mother,GCST004748,lung-carcinoma-1,-0.1176,0.0774,-1.5204,0.1284,0.0841,0.0167,1.0497,0.0119,0.0028,0.0053,1.0,0.2702029227557411
GCST90275148,ADHD-sex-M1,GCST90011816,cervical-cancer-2,0.3483,0.0932,3.7366,0.0002,0.0086,0.0024,1.0183,0.0079,0.0048,0.006,0.006722464328943011,0.0008211812627291243
GCST90042860,crc-benign-neoplasm,GCST90275157,schizo-sex-M1,0.2692,0.0662,4.0688,4.7264e-05,0.126,0.0132,1.0383,0.0087,0.0076,0.0054,0.0017372572609709663,0.00021221430734966594
GCST90042844,anxiety-treatment-2,GCST90137411,bcc-2,-0.023,0.0555,-0.4146,0.6785,0.0701,0.0119,0.9733,0.0228,0.0004,0.0059,1.0,0.8009831775700934
GCST90275152,autism-1,GCST90042684,lung-cancer-family-mother,-0.0546,0.1125,-0.4858,0.6271,0.0037,0.0012,1.016,0.0067,0.0137,0.0056,1.0,0.7652745762711864
GCST90255676,crc-cancer-2,GCST90275157,schizo-sex-M1,0.0891,0.0496,1.7963,0.0725,0.1288,0.0126,1.036,0.0088,0.0046,0.0061,1.0,0.17015133876600697
GCST004744,adenocarcinoma-lung,GCST90042860,crc-benign-neoplasm,0.1871,0.0879,2.1281,0.0333,0.0097,0.0014,1.0509,0.0095,0.0041,0.0053,0.7376799229363552,0.09011114093959734
GCST90225527,anxiety-2,GCST90011816,cervical-cancer-2,0.1504,0.1273,1.1811,0.2376,0.0088,0.0025,1.0173,0.0079,0.0017,0.0051,1.0,0.41543937554206417
GCST90042843,anxiety-treatment-1,GCST90043894,prostate-cancer-1,0.0238,0.0826,0.2883,0.7731,0.0254,0.0035,1.043,0.014,0.0039,0.005,1.0,0.8658720000000001
GCST90042843,anxiety-treatment-1,GCST90042669,depression-family-father,0.8509,0.1148,7.415,1.2166e-13,0.0069,0.0014,1.0111,0.0069,0.0497,0.005,8.331261619030508e-12,1.0177035684647304e-12
GCST90042669,depression-family-father,GCST90011808,prostate-cancer-3,0.0867,0.096,0.903,0.3665,0.0332,0.0046,1.0537,0.0197,-0.0005,0.0056,1.0,0.5587809523809524
GCST004744,adenocarcinoma-lung,GCST90275151,autism-sex-M1,0.0752,0.0652,1.153,0.2489,0.1491,0.0116,1.0329,0.0081,-0.0124,0.0055,1.0,0.4264944774851317
GCST90275151,autism-sex-M1,GCST90041833,breast-neoplasm-2,0.0111,0.0683,0.162,0.8713,0.0087,0.0014,1.037,0.01,-0.0018,0.0055,1.0,0.9246267997898056
GCST90042784,depression-postpartum,GCST90042673,intestinal-cancer-father,-0.1137,0.5142,-0.221,0.8251,0.0018,0.001,1.0241,0.0064,0.0088,0.0048,1.0,0.9015726829268292
GCST90011816,cervical-cancer-2,GCST90042786,depression-trauma,-0.0978,0.1832,-0.5339,0.5934,0.0202,0.0055,1.0128,0.0072,0.0121,0.0048,1.0,0.7404037059913527
GCST90042700,breast-cancer-family-siblings,GCST90043894,prostate-cancer-1,0.1851,0.1408,1.3151,0.1885,0.0254,0.0035,1.0432,0.014,0.0104,0.0055,1.0,0.35548737137511693
GCST90042778,anxiety-1,GCST005903,mdd-2,0.8233,0.1788,4.6053,4.1195e-06,0.0175,0.002,1.0004,0.0071,0.0468,0.0049,0.00017211844525712202,2.1025093670886077e-05
GCST90041833,breast-neoplasm-2,GCST90011816,cervical-cancer-2,0.2568,0.1206,2.1284,0.0333,0.0088,0.0025,1.0174,0.008,0.0181,0.0046,0.7376799229363552,0.09011114093959734
GCST90042841,anxiety-medication,GCST90275150,autism-age-sex-M1,0.2736,0.0702,3.8964,9.763e-05,0.143,0.0117,1.0344,0.0083,0.0077,0.0058,0.0034502170073387652,0.000421460556745182
GCST90042695,depression-family-sibling,GCST004749,lung-carcinoma-smokers,-0.1197,0.0806,-1.4856,0.1374,0.1094,0.0265,1.0449,0.0098,0.0021,0.0055,1.0,0.28586006191950464
GCST90225529,anxiety-others,GCST90011809,melanoma-1,-0.0384,0.0898,-0.4278,0.6688,0.009,0.0023,1.0007,0.0091,0.0039,0.0045,1.0,0.7981787234042553
GCST009981,mdd-notrauma,GCST90275154,mdd-sex-M1,0.6856,0.1451,4.7259,2.2909e-06,0.1191,0.0091,1.0268,0.0075,0.0083,0.0051,9.794873476434185e-05,1.1964907772020725e-05
GCST90255675,crc-cancer-1,GCST90275158,schizophrenia-M1,0.0654,0.0475,1.3749,0.1692,0.1293,0.0126,1.0359,0.0088,0.009,0.0062,1.0,0.3289365477338476
GCST90011816,cervical-cancer-2,GCST009981,mdd-notrauma,0.2751,0.1951,1.4101,0.1585,0.0321,0.0094,1.0148,0.0066,-0.0052,0.0052,1.0,0.3151242603550296
GCST009979,mdd-1,GCST003769,depression-symptoms,0.8572,0.0555,15.4435,8.342200000000001e-54,0.0384,0.0033,1.0157,0.0071,0.0662,0.0054,1.8859828551458916e-51,2.3038185205479455e-52
GCST90042841,anxiety-medication,GCST90275154,mdd-sex-M1,0.5307,0.0671,7.9048,2.6845e-15,0.1179,0.0094,1.0283,0.0075,0.0133,0.0051,2.0051561276234467e-13,2.4493943891402714e-14
GCST004744,adenocarcinoma-lung,GCST006465,endometrial-carcinoma-1,0.0864,0.1475,0.5859,0.5579,0.0354,0.01,1.0748,0.0096,0.0139,0.0056,1.0,0.7154748091603053
GCST90275151,autism-sex-M1,GCST006464,endometrial-carcinoma-2,-0.0566,0.095,-0.5957,0.5514,0.0185,0.0046,1.0853,0.0101,0.0108,0.0062,1.0,0.7103018530351437
GCST90042860,crc-benign-neoplasm,GCST009980,mdd-trauma,0.2485,0.1049,2.3697,0.0178,0.1018,0.0169,1.0039,0.0067,0.0058,0.0046,0.42207610446908134,0.05155862068965517
GCST90225529,anxiety-others,GCST006464,endometrial-carcinoma-2,0.0592,0.1187,0.4987,0.618,0.0184,0.0047,1.0852,0.0094,-0.0006,0.0061,1.0,0.7596878048780488
GCST003769,depression-symptoms,GCST90042699,intestinal-cancer-sibling,0.3438,0.1995,1.7227,0.0849,0.0022,0.0011,1.0122,0.0062,0.0047,0.0053,1.0,0.19405714285714284
GCST90042695,depression-family-sibling,GCST004748,lung-carcinoma-1,-0.0592,0.0675,-0.8773,0.3803,0.0841,0.0167,1.0497,0.0119,0.0024,0.0052,1.0,0.5717261744966443
GCST90041833,breast-neoplasm-2,GCST90042682,depression-family-mother,0.0792,0.1019,0.778,0.4366,0.0089,0.0013,1.0201,0.0077,-0.0037,0.0046,1.0,0.6211613267466478
GCST90275149,ADHD-1,GCST90255676,crc-cancer-2,0.1819,0.0362,5.0282,4.9523e-07,0.087,0.0095,1.1564,0.0197,-0.0009,0.0065,2.2703062648953075e-05,2.773288e-06
GCST90042686,breast-cancer-family-mother,GCST90137412,squamous-carcinoma,0.0781,0.0603,1.296,0.195,0.0961,0.0108,0.7865,0.0186,-0.0075,0.0058,1.0,0.36486233766233767
GCST90275148,ADHD-sex-M1,GCST90042669,depression-family-father,0.0224,0.0685,0.3268,0.7438,0.007,0.0014,1.011,0.0072,0.0049,0.006,1.0,0.8470158013544018
GCST004750,lung-cancer-squamous,GCST90042670,prostate-cancer-father,-0.238,0.1664,-1.4301,0.1527,0.006,0.0013,1.0233,0.0085,-0.001,0.0055,1.0,0.3079384615384616
GCST009981,mdd-notrauma,GCST90275155,mdd-5,0.7005,0.1475,4.7507,2.0274e-06,0.1194,0.0091,1.0286,0.0076,0.0084,0.0053,8.713411422688851e-05,1.064385e-05
GCST90042672,lung-cancer-family-father,GCST004749,lung-carcinoma-smokers,0.9961,0.0993,10.0282,1.1459e-23,0.1094,0.0265,1.0449,0.0098,-0.0049,0.0066,1.2045562071328267e-21,1.471423184713376e-22
GCST90041833,breast-neoplasm-2,GCST90255676,crc-cancer-2,0.0648,0.0588,1.1037,0.2697,0.0848,0.0098,1.1624,0.0211,0.0049,0.0059,1.0,0.4504682684341342
GCST004750,lung-cancer-squamous,GCST90275157,schizo-sex-M1,0.3303,0.1184,2.7907,0.0053,0.1232,0.0132,1.0402,0.0089,-0.0051,0.0053,0.14362782367166171,0.017544827586206898
GCST003769,depression-symptoms,GCST90042685,intestinal-cancer-mother,0.0847,0.1222,0.693,0.4883,0.0032,0.0011,1.0106,0.0068,0.0058,0.0052,1.0,0.6624581426648722
GCST90275152,autism-1,GCST90042682,depression-family-mother,0.36,0.0635,5.6716,1.4146e-08,0.0089,0.0013,1.0204,0.0076,0.0133,0.0055,7.458806130197902e-07,9.11128945686901e-08
GCST004748,lung-carcinoma-1,GCST004750,lung-cancer-squamous,0.9378,0.05,18.7548,1.7676000000000001e-78,0.0547,0.0146,1.0404,0.0092,0.657,0.0086,6.48263369154364e-76,7.918848e-77
GCST004744,adenocarcinoma-lung,GCST90042672,lung-cancer-family-father,0.7774,0.0839,9.2604,2.0367000000000002e-20,0.0132,0.0017,0.9986,0.008,-0.0008,0.0058,1.909828625423378e-18,2.332947272727273e-19
GCST003740,adenocarcinoma-barret-oesophagus,GCST90042844,anxiety-treatment-2,0.0647,0.0879,0.7365,0.4614,0.027,0.0039,0.9989,0.0063,-0.0037,0.0054,1.0,0.6412905712319339
GCST009980,mdd-trauma,GCST90013410,bcc-1,-0.0295,0.0727,-0.4058,0.6849,0.0315,0.0044,1.0628,0.0173,-0.0052,0.0047,1.0,0.8044051222351571
GCST90225528,anxiety-any,GCST006464,endometrial-carcinoma-2,0.0628,0.1159,0.5418,0.588,0.0184,0.0047,1.0852,0.0094,-0.0006,0.006,1.0,0.737444776119403
GCST90275149,ADHD-1,GCST90043874,skin-carcinoma-face,0.0284,0.0634,0.4482,0.654,0.0084,0.0014,1.0233,0.008,-0.0042,0.0057,1.0,0.7890269299820467
GCST90042700,breast-cancer-family-siblings,GCST90011808,prostate-cancer-3,0.2391,0.1241,1.926,0.0541,0.0332,0.0046,1.0537,0.0197,0.0063,0.0054,1.0,0.13514944237918217
GCST009979,mdd-1,GCST90042695,depression-family-sibling,0.7687,0.0695,11.0604,1.9518e-28,0.0127,0.0015,1.0178,0.008,0.0583,0.0052,2.3173974049353977e-26,2.8308120863309354e-27
GCST006465,endometrial-carcinoma-1,GCST90042696,prostate-cancer-sibling,0.2408,0.4311,0.5585,0.5765,0.0011,0.0012,1.0058,0.0075,0.0028,0.0057,1.0,0.7290947368421052
GCST90042784,depression-postpartum,GCST90275153,mdd-age-sex-M1,0.0918,0.2197,0.4177,0.6761,0.1077,0.0092,1.0211,0.0073,0.0061,0.0049,1.0,0.8009831775700934
GCST90041886,breast-carcinoma-2,GCST90041833,breast-neoplasm-2,1.0262,0.0464,22.1007,3.1092e-108,0.0087,0.0014,1.0364,0.0095,0.6143,0.0091,1.3868418474257916e-105,1.694093837837838e-106
GCST006465,endometrial-carcinoma-1,GCST90042672,lung-cancer-family-father,0.1616,0.1322,1.2219,0.2217,0.0129,0.0019,1.0012,0.0091,-0.0035,0.0059,1.0,0.39552849557522124
GCST004744,adenocarcinoma-lung,GCST90255676,crc-cancer-2,0.1619,0.057,2.8415,0.0045,0.0851,0.0094,1.1554,0.0201,0.0313,0.0056,0.12377737445666316,0.015119999999999998
GCST90041886,breast-carcinoma-2,GCST90042682,depression-family-mother,0.0698,0.1017,0.6861,0.4926,0.0089,0.0013,1.0201,0.0077,-0.0023,0.0056,1.0,0.6646731772575251
GCST90137411,bcc-2,GCST90041830,non-epithelial-carcinoma,0.9014,0.0266,33.8343,6.1693e-251,0.0164,0.0022,1.0244,0.0113,0.4977,0.0133,4.6279985226393465e-248,5.653322181818182e-249
GCST005902,depression-broad,GCST90042684,lung-cancer-family-mother,0.2488,0.0901,2.7597,0.0058,0.0035,0.0012,1.0171,0.0066,0.0171,0.0056,0.15488862391556554,0.01892038834951456
GCST90225527,anxiety-2,GCST90275150,autism-age-sex-M1,0.2457,0.0778,3.1584,0.0016,0.1446,0.0117,1.0326,0.0085,0.0052,0.0057,0.04698548022079741,0.0057395017793594304
GCST006464,endometrial-carcinoma-2,GCST90042696,prostate-cancer-sibling,0.3314,0.4282,0.774,0.4389,0.0011,0.0012,1.0058,0.0075,0.0016,0.006,1.0,0.62295960591133
GCST90225527,anxiety-2,GCST90042784,depression-postpartum,0.4449,0.278,1.6007,0.1094,0.01,0.0072,0.9964,0.006,0.0076,0.0045,1.0,0.23920867678958782
GCST003740,adenocarcinoma-barret-oesophagus,GCST90042841,anxiety-medication,0.0603,0.0802,0.7512,0.4525,0.0389,0.004,1.0082,0.0078,-0.0007,0.0054,1.0,0.6330603747397641
GCST90275147,ADHD-age-sex-M1,GCST006464,endometrial-carcinoma-2,0.0777,0.0838,0.9269,0.354,0.0186,0.0046,1.0851,0.0101,0.0118,0.007,1.0,0.5468689655172413
GCST90275156,schizo-age-sex-M1,GCST90043874,skin-carcinoma-face,0.0417,0.0841,0.4957,0.6201,0.0084,0.0014,1.0233,0.008,-0.0015,0.0057,1.0,0.7608774193548388
GCST90275154,mdd-sex-M1,GCST90013410,bcc-1,0.0238,0.0472,0.5039,0.6143,0.0316,0.0044,1.0623,0.0172,-0.0102,0.0057,1.0,0.7579123623011016
GCST90225527,anxiety-2,GCST90042669,depression-family-father,0.5738,0.1127,5.0931,3.522e-07,0.007,0.0013,1.0109,0.007,0.0492,0.0049,1.63274873721486e-05,1.9944808988764043e-06
GCST006464,endometrial-carcinoma-2,GCST90043894,prostate-cancer-1,-0.007,0.1378,-0.0511,0.9592,0.021,0.0042,1.066,0.0206,0.0055,0.007,1.0,0.977235371399697
GCST003740,adenocarcinoma-barret-oesophagus,GCST90011809,melanoma-1,-0.1056,0.0733,-1.4409,0.1496,0.009,0.0023,1.0001,0.0089,0.0036,0.0048,1.0,0.3031091457286432
GCST90042786,depression-trauma,GCST003769,depression-symptoms,0.0282,0.1108,0.2544,0.7992,0.0386,0.0034,1.0148,0.0075,-0.0188,0.0053,1.0,0.8862415841584159
GCST90043894,prostate-cancer-1,GCST90011809,melanoma-1,-0.0541,0.0994,-0.5442,0.5863,0.0088,0.0023,1.0018,0.0089,0.0158,0.0055,1.0,0.7364366355140187
GCST90275147,ADHD-age-sex-M1,GCST90275152,autism-1,0.4437,0.0381,11.6412,2.5455000000000003e-31,0.1633,0.0124,1.0316,0.0083,0.4726,0.0066,3.2820344445774595e-29,4.0091625e-30
GCST90042844,anxiety-treatment-2,GCST003769,depression-symptoms,0.4412,0.0851,5.1827,2.1872e-07,0.0387,0.0034,1.0147,0.0075,0.0257,0.0053,1.0313366606156712e-05,1.2598272e-06
GCST90275147,ADHD-age-sex-M1,GCST90255676,crc-cancer-2,0.1803,0.0364,4.9569,7.1639e-07,0.087,0.0095,1.1564,0.0197,0.0009,0.0066,3.195418857189511e-05,3.903357405405405e-06
GCST90042685,intestinal-cancer-mother,GCST90013410,bcc-1,0.1964,0.0938,2.0932,0.0363,0.0316,0.0044,1.0622,0.0173,-0.0054,0.005,0.7977130391081888,0.0974444740346205
GCST009980,mdd-trauma,GCST90137411,bcc-2,-0.013,0.0565,-0.2301,0.818,0.0697,0.0121,0.9759,0.0235,-0.0059,0.0049,1.0,0.8998860883797054
GCST90042670,prostate-cancer-father,GCST90275156,schizo-age-sex-M1,0.0833,0.0955,0.8723,0.383,0.1137,0.0123,1.0312,0.008,-0.0074,0.0048,1.0,0.5753561847988078
GCST009980,mdd-trauma,GCST90042670,prostate-cancer-father,-0.1096,0.1295,-0.8465,0.3973,0.0065,0.0013,1.0202,0.0081,-0.0001,0.0046,1.0,0.5889504775900074
GCST90042778,anxiety-1,GCST009979,mdd-1,0.7387,0.147,5.0258,5.0136e-07,0.0782,0.0059,1.0179,0.0076,0.164,0.0054,2.292041531213025e-05,2.799838670360111e-06
GCST90275149,ADHD-1,GCST90042682,depression-family-mother,0.1637,0.0584,2.8052,0.005,0.0089,0.0013,1.0202,0.0077,0.0144,0.0054,0.13616872877520703,0.016633663366336635
GCST90011816,cervical-cancer-2,GCST90137412,squamous-carcinoma,0.2286,0.0626,3.6498,0.0003,0.0958,0.0098,0.7877,0.0175,0.0924,0.0052,0.00986273900053093,0.0012047808764940238
GCST003740,adenocarcinoma-barret-oesophagus,GCST90275150,autism-age-sex-M1,0.0161,0.0681,0.2366,0.8129,0.1451,0.0117,1.0319,0.008,-0.0006,0.0053,1.0,0.8965024070021881
GCST90011809,melanoma-1,GCST90041830,non-epithelial-carcinoma,0.5313,0.1066,4.9818,6.2992e-07,0.0168,0.0026,1.0278,0.0121,0.0603,0.0069,2.8404314651271866e-05,3.4697232786885247e-06
GCST003769,depression-symptoms,GCST006464,endometrial-carcinoma-2,0.066,0.104,0.6351,0.5254,0.0183,0.0046,1.0873,0.0102,-0.0008,0.0059,1.0,0.6926870588235293
GCST90225528,anxiety-any,GCST90275152,autism-1,0.3036,0.0664,4.5712,4.849e-06,0.1631,0.0128,1.032,0.0089,-0.0003,0.0056,0.00020006549624678656,2.4438959999999998e-05
GCST006465,endometrial-carcinoma-1,GCST90275156,schizo-age-sex-M1,0.1395,0.114,1.2234,0.2212,0.1149,0.012,1.0293,0.0089,6.872e-05,0.0056,1.0,0.39533617021276596
GCST90275157,schizo-sex-M1,GCST90043874,skin-carcinoma-face,0.0108,0.0824,0.1313,0.8955,0.0084,0.0014,1.0233,0.008,0.0012,0.0057,1.0,0.9381469090909093
GCST90042778,anxiety-1,GCST90043874,skin-carcinoma-face,-0.016,0.1399,-0.1141,0.9091,0.0083,0.0014,1.0233,0.008,0.0039,0.0045,1.0,0.9486260869565217
GCST90275152,autism-1,GCST90137412,squamous-carcinoma,0.0648,0.0453,1.4295,0.1529,0.0959,0.0109,0.7882,0.0192,-0.0038,0.006,1.0,0.3079384615384616
GCST90043889,breast-neoplasm-1,GCST90011816,cervical-cancer-2,-0.004,0.1505,-0.0264,0.979,0.0088,0.0025,1.0174,0.008,0.0197,0.0046,1.0,0.9865403298350823
GCST003740,adenocarcinoma-barret-oesophagus,GCST003769,depression-symptoms,0.0569,0.0841,0.6766,0.4987,0.0382,0.0033,1.0166,0.0073,0.0084,0.0062,1.0,0.6698062624916722
GCST90275151,autism-sex-M1,GCST90042698,lung-cancer-family-sibling,0.0423,0.1011,0.4188,0.6754,0.0042,0.0014,1.0095,0.0068,0.0049,0.0051,1.0,0.8009449411764705
GCST90041886,breast-carcinoma-2,GCST90042860,crc-benign-neoplasm,0.2722,0.0873,3.1185,0.0018,0.0099,0.0013,1.049,0.0093,-0.0062,0.0049,0.05267122317304816,0.006434042553191489
GCST90042778,anxiety-1,GCST004748,lung-carcinoma-1,0.0405,0.0982,0.4122,0.6802,0.0841,0.0167,1.0497,0.0119,0.0009,0.0049,1.0,0.8009831775700934
GCST90275151,autism-sex-M1,GCST90042784,depression-postpartum,0.0861,0.1996,0.4312,0.6663,0.0087,0.0076,0.9982,0.0064,0.005,0.005,1.0,0.7967145907473309
GCST009981,mdd-notrauma,GCST90013410,bcc-1,-0.0428,0.092,-0.465,0.642,0.0315,0.0044,1.0625,0.0173,-0.0019,0.0055,1.0,0.7772544691061788
GCST90042700,breast-cancer-family-siblings,GCST005903,mdd-2,0.1506,0.123,1.2247,0.2207,0.0175,0.002,1.0003,0.007,0.006,0.0044,1.0,0.39515031055900623
GCST90042841,anxiety-medication,GCST90255675,crc-cancer-1,0.0205,0.0459,0.4462,0.6554,0.0862,0.0092,1.1789,0.0228,0.0033,0.0061,1.0,0.7892989247311828
GCST90042778,anxiety-1,GCST90042669,depression-family-father,0.9709,0.2199,4.4163,1.0039e-05,0.0069,0.0014,1.011,0.0069,0.0185,0.0044,0.0003992292569222302,4.876776867469879e-05
GCST90225528,anxiety-any,GCST004750,lung-cancer-squamous,0.095,0.0933,1.0176,0.3089,0.056,0.0149,1.0384,0.0092,0.0092,0.0056,1.0,0.49716201117318437
GCST90042843,anxiety-treatment-1,GCST90137412,squamous-carcinoma,-0.0031,0.0546,-0.0573,0.9543,0.0961,0.0108,0.7865,0.0187,-0.0024,0.0061,1.0,0.9759481518987342
GCST006464,endometrial-carcinoma-2,GCST90275158,schizophrenia-M1,0.2356,0.1052,2.2398,0.0251,0.1264,0.013,1.0374,0.0097,-0.0048,0.0056,0.5793588995547311,0.07077146853146853
GCST90275149,ADHD-1,GCST90043889,breast-neoplasm-1,-0.0462,0.0732,-0.6314,0.5278,0.0048,0.0011,1.0123,0.008,0.0032,0.0057,1.0,0.6936406779661017
GCST006464,endometrial-carcinoma-2,GCST90042670,prostate-cancer-father,-0.2188,0.2153,-1.0159,0.3097,0.0052,0.0014,1.0328,0.0102,0.0006,0.0067,1.0,0.49749418326693223
GCST90255676,crc-cancer-2,GCST90011808,prostate-cancer-3,0.0436,0.057,0.7646,0.4445,0.0332,0.0047,1.0537,0.0192,0.0197,0.0097,1.0,0.6258878661087866
GCST90042843,anxiety-treatment-1,GCST005903,mdd-2,0.6,0.083,7.2273,4.9272e-13,0.0176,0.002,1.0,0.0071,0.0719,0.005,3.2397125068944005e-11,3.95746422310757e-12
GCST90042696,prostate-cancer-sibling,GCST90137411,bcc-2,0.4557,0.2969,1.5349,0.1248,0.0701,0.0119,0.9732,0.0229,0.0033,0.0058,1.0,0.2645602523659306
GCST90275148,ADHD-sex-M1,GCST90043894,prostate-cancer-1,-0.0302,0.0528,-0.5732,0.5665,0.0252,0.0035,1.0435,0.0141,-0.007,0.0058,1.0,0.7233356962025316
GCST90275148,ADHD-sex-M1,GCST90042685,intestinal-cancer-mother,0.2678,0.0976,2.7441,0.0061,0.0034,0.001,1.0083,0.0063,0.0005,0.0056,0.16263693789674644,0.019866882067851373
GCST90013410,bcc-1,GCST90137411,bcc-2,0.9092,0.0156,58.1084,0.0,0.07,0.0113,0.9736,0.0232,0.6879,0.0167,0.0,0.0
GCST90275149,ADHD-1,GCST90013410,bcc-1,0.011,0.0424,0.2584,0.7961,0.0317,0.0044,1.0621,0.0172,-0.006,0.0066,1.0,0.8832898183819483
GCST004749,lung-carcinoma-smokers,GCST90013410,bcc-1,0.2515,0.0668,3.7635,0.0002,0.0312,0.0043,1.061,0.0169,0.0015,0.0068,0.006722464328943011,0.0008211812627291243
GCST90042696,prostate-cancer-sibling,GCST90275156,schizo-age-sex-M1,-0.1399,0.2213,-0.6322,0.5273,0.1137,0.0123,1.0312,0.008,0.0135,0.005,1.0,0.6934356164383562
GCST90011804,breast-carcinoma-1,GCST90137412,squamous-carcinoma,0.1717,0.0431,3.9863,6.7113e-05,0.0961,0.012,0.7866,0.0189,0.0528,0.0066,0.0024130925001917317,0.0002947708235294118
GCST003740,adenocarcinoma-barret-oesophagus,GCST90042682,depression-family-mother,0.0237,0.0831,0.2852,0.7755,0.0091,0.0013,1.0183,0.0075,-0.0017,0.0054,1.0,0.8680777345918933
GCST90275150,autism-age-sex-M1,GCST90255675,crc-cancer-1,0.0497,0.0406,1.2249,0.2206,0.0886,0.0089,1.1716,0.0214,-0.0033,0.006,1.0,0.39515031055900623
GCST90042700,breast-cancer-family-siblings,GCST90275153,mdd-age-sex-M1,0.0345,0.112,0.3083,0.7579,0.1074,0.0093,1.0214,0.0074,-0.001,0.0051,1.0,0.8540673001676914
GCST90042860,crc-benign-neoplasm,GCST90042670,prostate-cancer-father,0.1043,0.1108,0.941,0.3467,0.0065,0.0013,1.0204,0.0081,-0.0039,0.005,1.0,0.5380655889145497
GCST90042695,depression-family-sibling,GCST90042669,depression-family-father,0.9086,0.1093,8.3131,9.32e-17,0.0069,0.0014,1.0111,0.0069,0.1282,0.0054,7.652438672876291e-15,9.347820895522388e-16
GCST90225529,anxiety-others,GCST004750,lung-cancer-squamous,0.1132,0.0946,1.197,0.2313,0.056,0.0149,1.0384,0.0092,0.0067,0.0056,1.0,0.40867730061349694
GCST90275149,ADHD-1,GCST90041833,breast-neoplasm-2,0.0679,0.051,1.331,0.1832,0.0086,0.0014,1.0372,0.01,-0.0121,0.0053,1.0,0.3487546742209632
GCST90275155,mdd-5,GCST004750,lung-cancer-squamous,0.2862,0.0897,3.1921,0.0014,0.055,0.0146,1.04,0.0092,-0.0029,0.0053,0.04140700698669736,0.005058064516129032
GCST90011808,prostate-cancer-3,GCST90275158,schizophrenia-M1,0.0399,0.0619,0.6453,0.5188,0.1295,0.0124,1.0348,0.0083,-0.0104,0.005,1.0,0.687905325443787
GCST90042786,depression-trauma,GCST90042698,lung-cancer-family-sibling,0.1184,0.1997,0.5927,0.5534,0.0043,0.0014,1.0091,0.0067,0.0139,0.0045,1.0,0.7110608030592733
GCST90041833,breast-neoplasm-2,GCST004748,lung-carcinoma-1,0.0987,0.0719,1.3723,0.17,0.0841,0.0167,1.0496,0.0119,0.002,0.0049,1.0,0.3298556304138595
GCST90275151,autism-sex-M1,GCST90042669,depression-family-father,0.3593,0.0751,4.7839,1.7193e-06,0.007,0.0014,1.0109,0.0072,0.0017,0.0056,7.427938565561641e-05,9.073583246073299e-06
GCST005903,mdd-2,GCST004750,lung-cancer-squamous,0.2122,0.1128,1.8818,0.0599,0.0539,0.0147,1.0408,0.0093,0.0028,0.0053,1.0,0.1467295261239368
GCST90225529,anxiety-others,GCST90042699,intestinal-cancer-sibling,0.4792,0.1926,2.4883,0.0128,0.0023,0.0011,1.0107,0.0066,-0.0009,0.0049,0.31576490145396885,0.03857219730941704
GCST90041833,breast-neoplasm-2,GCST005903,mdd-2,0.0376,0.0912,0.4128,0.6798,0.0175,0.002,1.0004,0.007,-0.0016,0.0049,1.0,0.8009831775700934
GCST90042786,depression-trauma,GCST90043874,skin-carcinoma-face,-0.0216,0.1385,-0.1557,0.8763,0.0083,0.0014,1.0235,0.008,0.0038,0.0047,1.0,0.9266841278156102
GCST90042841,anxiety-medication,GCST90042700,breast-cancer-family-siblings,0.0268,0.1159,0.2311,0.8172,0.0043,0.0012,1.0078,0.0065,0.0039,0.0047,1.0,0.8997679956308029
GCST90042669,depression-family-father,GCST90041830,non-epithelial-carcinoma,0.0918,0.0795,1.1546,0.2482,0.0169,0.0027,1.028,0.0122,-0.0013,0.0051,1.0,0.42584782978723407
GCST90042699,intestinal-cancer-sibling,GCST90042696,prostate-cancer-sibling,0.3748,0.5081,0.7376,0.4608,0.0015,0.0011,1.0024,0.0063,0.0387,0.0045,1.0,0.6412905712319339
GCST90011816,cervical-cancer-2,GCST90043894,prostate-cancer-1,0.0919,0.1156,0.7954,0.4264,0.0256,0.0036,1.0426,0.0142,-0.0046,0.0056,1.0,0.6113957325746799
GCST90011804,breast-carcinoma-1,GCST90042784,depression-postpartum,-0.2447,0.2096,-1.1673,0.2431,0.0104,0.0079,0.9958,0.0067,0.0076,0.0045,1.0,0.42102386266094416
GCST90275149,ADHD-1,GCST90041853,prostate-cancer-5,-0.0439,0.063,-0.6972,0.4857,0.0178,0.0029,1.0305,0.0108,-0.0008,0.006,1.0,0.6607093117408906
GCST90275151,autism-sex-M1,GCST90042700,breast-cancer-family-siblings,0.2005,0.1139,1.7603,0.0784,0.0041,0.0012,1.009,0.0066,0.0089,0.0054,1.0,0.18063359999999998
GCST003740,adenocarcinoma-barret-oesophagus,GCST90275154,mdd-sex-M1,0.1602,0.0549,2.9213,0.0035,0.1182,0.0091,1.0278,0.0076,-0.0076,0.0055,0.09757225463926152,0.011918918918918919
GCST90042778,anxiety-1,GCST90042673,intestinal-cancer-father,0.2631,0.3306,0.7958,0.4262,0.0018,0.001,1.0241,0.0064,-0.0025,0.0046,1.0,0.6113957325746799
GCST90041886,breast-carcinoma-2,GCST90041853,prostate-cancer-5,0.0216,0.1021,0.2117,0.8323,0.018,0.0029,1.03,0.0107,-0.001,0.0054,1.0,0.904537358490566
GCST90043889,breast-neoplasm-1,GCST90042696,prostate-cancer-sibling,0.2869,0.2766,1.0371,0.2997,0.0015,0.0011,1.0022,0.0063,0.0004,0.0045,1.0,0.4876474576271187
GCST90275148,ADHD-sex-M1,GCST90042684,lung-cancer-family-mother,0.608,0.1125,5.4031,6.5508e-08,0.0037,0.0012,1.0159,0.0067,0.0201,0.0053,3.198583134480115e-06,3.907222721893491e-07
GCST003769,depression-symptoms,GCST90042684,lung-cancer-family-mother,0.5349,0.1533,3.4885,0.0005,0.0032,0.0013,1.022,0.007,0.015,0.0055,0.015991908844530126,0.0019534883720930232
GCST90042786,depression-trauma,GCST90275154,mdd-sex-M1,-0.12,0.1039,-1.1547,0.2482,0.1177,0.0094,1.0285,0.0074,0.0035,0.0049,1.0,0.42584782978723407
GCST90042841,anxiety-medication,GCST90042669,depression-family-father,0.8578,0.1137,7.5447,4.5323e-14,0.0069,0.0014,1.0111,0.0069,0.0407,0.0048,3.1560967327703767e-12,3.855323544303797e-13
GCST009979,mdd-1,GCST90275157,schizo-sex-M1,0.6139,0.0581,10.5655,4.3074e-26,0.1283,0.0125,1.0358,0.0084,0.0139,0.0052,4.902608392962124e-24,5.988771310344828e-25
GCST90042778,anxiety-1,GCST004750,lung-cancer-squamous,-0.0996,0.161,-0.6187,0.5361,0.0559,0.0151,1.0382,0.0096,0.0048,0.005,1.0,0.7014790395846853
GCST009980,mdd-trauma,GCST90042699,intestinal-cancer-sibling,0.449,0.2454,1.8295,0.0673,0.0022,0.0011,1.0113,0.0062,-0.0015,0.0045,1.0,0.16152
GCST90275151,autism-sex-M1,GCST90042672,lung-cancer-family-father,-0.0231,0.0645,-0.3575,0.7207,0.0132,0.0018,0.9981,0.0083,0.0066,0.0049,1.0,0.8321484536082474
GCST90042860,crc-benign-neoplasm,GCST004749,lung-carcinoma-smokers,0.201,0.0836,2.4037,0.0162,0.1094,0.0264,1.0449,0.0098,-0.0003,0.0055,0.38747699829911947,0.04733217391304347
GCST009979,mdd-1,GCST90043894,prostate-cancer-1,0.0054,0.0623,0.0869,0.9308,0.0254,0.0035,1.0433,0.014,-0.0014,0.0051,1.0,0.9629243076923077
GCST90275147,ADHD-age-sex-M1,GCST90275150,autism-age-sex-M1,0.4445,0.0386,11.5155,1.1026000000000001e-30,0.1446,0.0116,1.0325,0.008,0.4907,0.0065,1.389078199245973e-28,1.6968256488549621e-29
GCST90042778,anxiety-1,GCST90255676,crc-cancer-2,-0.0964,0.0896,-1.0759,0.282,0.085,0.0097,1.1617,0.0209,0.0036,0.0049,1.0,0.46561179361179356
GCST90043889,breast-neoplasm-1,GCST90042786,depression-trauma,-0.1036,0.162,-0.6395,0.5225,0.0205,0.0053,1.0121,0.0071,0.0012,0.0049,1.0,0.6913888524590165
GCST90275155,mdd-5,GCST90042698,lung-cancer-family-sibling,0.4452,0.1278,3.4839,0.0005,0.0042,0.0014,1.0095,0.0068,0.008,0.0049,0.015991908844530126,0.0019534883720930232
GCST90013410,bcc-1,GCST90011809,melanoma-1,0.5123,0.0938,5.4617,4.7165e-08,0.0089,0.0023,1.0016,0.009,0.0768,0.0077,2.3659411818636347e-06,2.890110638297872e-07
GCST009981,mdd-notrauma,GCST003769,depression-symptoms,0.9757,0.153,6.3785,1.7882e-10,0.0384,0.0033,1.0157,0.0071,0.0277,0.0052,1.057771569908746e-08,1.2921187096774193e-09
GCST90041886,breast-carcinoma-2,GCST90043874,skin-carcinoma-face,-0.1172,0.0922,-1.2716,0.2035,0.0083,0.0014,1.0233,0.0079,0.0106,0.0054,1.0,0.3746630136986301
GCST005903,mdd-2,GCST90043874,skin-carcinoma-face,0.1551,0.088,1.7622,0.078,0.0083,0.0014,1.023,0.0079,-0.0031,0.005,1.0,0.17991762013729978
GCST90042700,breast-cancer-family-siblings,GCST90042684,lung-cancer-family-mother,0.2527,0.1906,1.3252,0.1851,0.0036,0.0012,1.0165,0.0066,0.0135,0.0041,1.0,0.3510457196613358
GCST009980,mdd-trauma,GCST90043894,prostate-cancer-1,-0.0378,0.0916,-0.4123,0.6801,0.0254,0.0035,1.0433,0.0139,0.0014,0.0051,1.0,0.8009831775700934
GCST90275148,ADHD-sex-M1,GCST90041833,breast-neoplasm-2,0.0581,0.051,1.1402,0.2542,0.0086,0.0014,1.0372,0.01,-0.0109,0.0052,1.0,0.4320971332209106
GCST004744,adenocarcinoma-lung,GCST90042784,depression-postpartum,0.0272,0.2484,0.1095,0.9128,0.0091,0.0074,0.9984,0.0064,0.0047,0.0051,1.0,0.9519942058975684
GCST003769,depression-symptoms,GCST004750,lung-cancer-squamous,0.2076,0.1117,1.8581,0.0632,0.0561,0.0135,1.0414,0.0089,0.0084,0.0065,1.0,0.15332274368231047
GCST90225528,anxiety-any,GCST004749,lung-carcinoma-smokers,-0.0513,0.0866,-0.5927,0.5534,0.1098,0.0289,1.044,0.0104,0.0125,0.0053,1.0,0.7110608030592733
GCST90275155,mdd-5,GCST90137412,squamous-carcinoma,0.3018,0.0348,8.6693,4.346e-18,0.0959,0.0109,0.7881,0.0191,0.004,0.0057,3.659431764548695e-16,4.4701714285714286e-17
GCST90042695,depression-family-sibling,GCST90275158,schizophrenia-M1,0.6525,0.0823,7.9293,2.2041e-15,0.1264,0.0132,1.0383,0.0087,0.009,0.0053,1.6686098534552373e-13,2.038286972477064e-14
GCST90041833,breast-neoplasm-2,GCST90011808,prostate-cancer-3,0.0856,0.0755,1.1337,0.2569,0.0332,0.0046,1.0536,0.0197,-7.2851e-05,0.0058,1.0,0.4359515151515152
GCST009980,mdd-trauma,GCST006464,endometrial-carcinoma-2,0.1277,0.1479,0.8633,0.388,0.0187,0.0046,1.0848,0.01,-0.0024,0.0059,1.0,0.5802729970326409
GCST009980,mdd-trauma,GCST90042682,depression-family-mother,0.4493,0.1092,4.115,3.8722e-05,0.0089,0.0013,1.0201,0.0077,0.0363,0.0047,0.0014393115596729464,0.0001758188108108108
GCST90275152,autism-1,GCST90011809,melanoma-1,-0.1114,0.0784,-1.4201,0.1556,0.0089,0.0023,1.0015,0.0089,-0.0005,0.0057,1.0,0.3115090367428004
GCST90275152,autism-1,GCST90275155,mdd-5,0.6201,0.0405,15.3077,6.7882e-53,0.1194,0.0091,1.0286,0.0076,0.4234,0.0062,1.4937343525097262e-50,1.82466816e-51
GCST90041886,breast-carcinoma-2,GCST90042684,lung-cancer-family-mother,0.0895,0.1481,0.6043,0.5457,0.0036,0.0012,1.0165,0.0066,0.0006,0.0047,1.0,0.7074798713826367
GCST90042778,anxiety-1,GCST90042670,prostate-cancer-father,-0.3206,0.1964,-1.6325,0.1026,0.0065,0.0013,1.0202,0.0081,0.0079,0.0048,1.0,0.22729846153846153
GCST90042672,lung-cancer-family-father,GCST90041830,non-epithelial-carcinoma,0.1567,0.0609,2.5736,0.0101,0.0169,0.0027,1.028,0.0122,0.008,0.0056,0.25723281522886793,0.03142222222222222
GCST90042686,breast-cancer-family-mother,GCST90042695,depression-family-sibling,0.065,0.0869,0.7483,0.4543,0.0127,0.0015,1.0179,0.0079,0.0009,0.0045,1.0,0.6349562326869805
GCST90275151,autism-sex-M1,GCST90041886,breast-carcinoma-2,-0.1077,0.064,-1.6832,0.0923,0.0079,0.0015,1.0415,0.0104,0.0083,0.0051,1.0,0.20813959731543621
GCST90225529,anxiety-others,GCST90042778,anxiety-1,1.0841,0.2194,4.9404,7.7978e-07,0.0259,0.009,1.0041,0.0068,0.0551,0.0046,3.4501919947745064e-05,4.214575013404826e-06
GCST90043889,breast-neoplasm-1,GCST90042700,breast-cancer-family-siblings,0.9466,0.2176,4.3494,1.3649e-05,0.0043,0.0012,1.0081,0.0065,0.0464,0.0059,0.000536329328240951,6.55152e-05
GCST90275154,mdd-sex-M1,GCST90137412,squamous-carcinoma,0.3012,0.035,8.605,7.6309e-18,0.0959,0.0109,0.7881,0.0191,0.0028,0.0056,6.39277676305483e-16,7.809083451776651e-17
GCST003769,depression-symptoms,GCST90042672,lung-cancer-family-father,0.2929,0.0798,3.6698,0.0002,0.0132,0.0019,1.0004,0.0088,0.0185,0.0057,0.006722464328943011,0.0008211812627291243
GCST90043894,prostate-cancer-1,GCST90011808,prostate-cancer-3,0.9231,0.019,48.5869,0.0,0.0332,0.0046,1.0537,0.0197,0.8489,0.0167,0.0,0.0
GCST90255675,crc-cancer-1,GCST90042696,prostate-cancer-sibling,0.3355,0.2011,1.6682,0.0953,0.0014,0.0011,1.0026,0.0062,0.0054,0.0063,1.0,0.2137094549499444
GCST003740,adenocarcinoma-barret-oesophagus,GCST009979,mdd-1,0.0438,0.0598,0.7325,0.4639,0.0781,0.0059,1.0178,0.0074,0.0035,0.0047,1.0,0.6423230769230769
GCST90275150,autism-age-sex-M1,GCST90042699,intestinal-cancer-sibling,0.3324,0.1774,1.8735,0.061,0.0022,0.0011,1.0111,0.0062,-0.0058,0.0049,1.0,0.1488813559322034
GCST90275153,mdd-age-sex-M1,GCST90042682,depression-family-mother,0.5511,0.0744,7.4115,1.2483e-13,0.0089,0.0013,1.0202,0.0077,0.0162,0.0055,8.51301909279629e-12,1.0399061157024796e-12
GCST90255675,crc-cancer-1,GCST90275156,schizo-age-sex-M1,0.0543,0.0474,1.1456,0.252,0.1172,0.0117,1.0281,0.0079,0.0073,0.006,1.0,0.43053559322033896
GCST90255675,crc-cancer-1,GCST90042672,lung-cancer-family-father,0.1797,0.0522,3.446,0.0006,0.0132,0.0018,0.9985,0.0084,0.0041,0.0058,0.01896971256040815,0.0023172413793103447
GCST90042699,intestinal-cancer-sibling,GCST004748,lung-carcinoma-1,0.5055,0.1997,2.5311,0.0114,0.0841,0.0167,1.0497,0.0119,-0.0022,0.0051,0.2854956133143066,0.03487465857359636
GCST006465,endometrial-carcinoma-1,GCST90275157,schizo-sex-M1,0.1914,0.1121,1.7071,0.0878,0.126,0.013,1.0374,0.0096,-0.0003,0.0057,1.0,0.198881797752809
GCST90042778,anxiety-1,GCST90042843,anxiety-treatment-1,0.9475,0.1382,6.8542,7.1725e-12,0.0365,0.0044,0.9995,0.0073,0.4437,0.0052,4.400462048527468e-10,5.375375464684015e-11
GCST009981,mdd-notrauma,GCST90275156,schizo-age-sex-M1,0.7032,0.1666,4.2206,2.4362e-05,0.1162,0.0119,1.0286,0.0078,-0.0043,0.005,0.0009350277198490631,0.00011421812093023257
GCST90042778,anxiety-1,GCST90042784,depression-postpartum,0.6029,0.4696,1.2838,0.1992,0.0088,0.0076,0.9981,0.0065,0.0129,0.0045,1.0,0.3691058823529412
GCST90275155,mdd-5,GCST90137411,bcc-2,0.0144,0.038,0.3784,0.7051,0.0698,0.0121,0.9761,0.0236,-0.0069,0.005,1.0,0.8188186528497409
GCST90042695,depression-family-sibling,GCST90042670,prostate-cancer-father,0.0793,0.1027,0.7721,0.4401,0.0065,0.0013,1.0203,0.0081,0.0076,0.0052,1.0,0.6230629213483145
GCST90225527,anxiety-2,GCST90275157,schizo-sex-M1,0.402,0.0892,4.5078,6.5494e-06,0.1268,0.0128,1.0376,0.0088,0.0107,0.0058,0.0002662290759495796,3.252115862068966e-05
GCST90042843,anxiety-treatment-1,GCST90275150,autism-age-sex-M1,0.2793,0.0724,3.8591,0.0001,0.143,0.0117,1.0344,0.0083,0.0011,0.005,0.0034598846808291594,0.00042264150943396227
GCST90225527,anxiety-2,GCST90042843,anxiety-treatment-1,0.8156,0.092,8.8608,7.944300000000001e-19,0.0361,0.0042,1.0006,0.0076,0.0746,0.0054,6.828643027056037e-17,8.341515e-18
GCST90275150,autism-age-sex-M1,GCST90137411,bcc-2,-0.0899,0.0524,-1.7159,0.0862,0.0698,0.0121,0.9761,0.0236,-0.0011,0.0066,1.0,0.19591792559188276
GCST90275147,ADHD-age-sex-M1,GCST003769,depression-symptoms,0.4756,0.0515,9.2389,2.4893e-20,0.0384,0.0033,1.0159,0.0072,0.0116,0.0061,2.308007627228252e-18,2.81934202247191e-19
GCST90042696,prostate-cancer-sibling,GCST90041830,non-epithelial-carcinoma,0.3233,0.2071,1.5612,0.1185,0.0169,0.0027,1.0279,0.0122,0.0006,0.0048,1.0,0.2544153354632588
GCST90043889,breast-neoplasm-1,GCST90275158,schizophrenia-M1,0.0465,0.0957,0.4857,0.6271,0.1264,0.0132,1.0383,0.0087,-0.0037,0.0052,1.0,0.7652745762711864
GCST009980,mdd-trauma,GCST90042696,prostate-cancer-sibling,0.0463,0.2931,0.1579,0.8745,0.0014,0.0011,1.0025,0.0063,0.0051,0.005,1.0,0.9259411764705883
GCST90042778,anxiety-1,GCST004749,lung-carcinoma-smokers,-0.1308,0.1399,-0.9353,0.3496,0.1095,0.0264,1.0448,0.0097,0.0047,0.005,1.0,0.5421489230769231
GCST90042843,anxiety-treatment-1,GCST90042695,depression-family-sibling,0.6464,0.0795,8.136,4.0857e-16,0.0126,0.0015,1.018,0.0079,0.0707,0.0055,3.257437802367721e-14,3.97911652173913e-15
GCST90255676,crc-cancer-2,GCST009981,mdd-notrauma,0.0183,0.0838,0.218,0.8274,0.0317,0.0092,1.0155,0.0065,0.0066,0.0053,1.0,0.9026181818181818
GCST005902,depression-broad,GCST90042685,intestinal-cancer-mother,0.1641,0.0818,2.007,0.0448,0.0034,0.001,1.0083,0.0064,0.0007,0.0054,0.9442701363403168,0.1153471264367816
GCST003740,adenocarcinoma-barret-oesophagus,GCST90137412,squamous-carcinoma,0.1473,0.051,2.8874,0.0039,0.0958,0.0109,0.7885,0.0191,0.0078,0.0065,0.1085400248186591,0.013258684654300168
GCST006464,endometrial-carcinoma-2,GCST90042698,lung-cancer-family-sibling,0.3248,0.2002,1.6229,0.1046,0.0043,0.0015,1.0084,0.0079,0.0043,0.0059,1.0,0.23096779846659365
GCST90042686,breast-cancer-family-mother,GCST90275157,schizo-sex-M1,-0.0978,0.0876,-1.1166,0.2642,0.126,0.0132,1.0383,0.0087,-6.951e-05,0.0047,1.0,0.443856
GCST90255675,crc-cancer-1,GCST90042699,intestinal-cancer-sibling,0.8399,0.2117,3.9677,7.258e-05,0.0023,0.0011,1.0107,0.006,0.0373,0.0067,0.0025983403725421874,0.00031739973969631234
GCST90011816,cervical-cancer-2,GCST90042669,depression-family-father,0.102,0.1436,0.7105,0.4774,0.007,0.0013,1.0108,0.007,-0.0026,0.005,1.0,0.6542413043478261
GCST90275152,autism-1,GCST004748,lung-carcinoma-1,0.0474,0.0535,0.8851,0.3761,0.0831,0.0159,1.0511,0.0115,-0.0058,0.0057,1.0,0.5678299401197605
GCST90255675,crc-cancer-1,GCST004749,lung-carcinoma-smokers,0.2617,0.0587,4.4607,8.1684e-06,0.1072,0.0282,1.0455,0.0099,0.0229,0.0058,0.000326412624862569,3.987286779661017e-05
GCST90042686,breast-cancer-family-mother,GCST90042699,intestinal-cancer-sibling,-0.0512,0.2374,-0.2155,0.8294,0.0022,0.0011,1.0114,0.0062,0.0005,0.005,1.0,0.9037692058346839
GCST90042786,depression-trauma,GCST90275155,mdd-5,-0.1353,0.1027,-1.3174,0.1877,0.118,0.0095,1.0302,0.0074,0.0039,0.0048,1.0,0.3549748592870544
GCST005902,depression-broad,GCST90013410,bcc-1,-0.085,0.0345,-2.4638,0.0137,0.0316,0.0044,1.0621,0.0171,0.0143,0.0058,0.33545994659867173,0.04097804154302671
GCST90042684,lung-cancer-family-mother,GCST90041830,non-epithelial-carcinoma,0.1255,0.1128,1.1124,0.2659,0.0169,0.0027,1.0279,0.0122,0.0094,0.0051,1.0,0.44596871880199673
GCST90275153,mdd-age-sex-M1,GCST90137411,bcc-2,0.0284,0.0394,0.7218,0.4704,0.0698,0.0121,0.9761,0.0236,-0.0098,0.0052,1.0,0.6482066985645933
GCST003769,depression-symptoms,GCST90042695,depression-family-sibling,0.7165,0.0768,9.3279,1.0796e-20,0.0135,0.0015,1.0146,0.0084,0.0364,0.0052,1.0358918873132834e-18,1.2653916279069766e-19
GCST90225527,anxiety-2,GCST90225528,anxiety-any,0.9741,0.0151,64.4686,0.0,0.009,0.001,1.0177,0.0073,0.8824,0.0068,0.0,0.0
GCST90042843,anxiety-treatment-1,GCST90042786,depression-trauma,-0.0282,0.1312,-0.2149,0.8298,0.0205,0.0053,1.012,0.0071,-0.0709,0.0047,1.0,0.9037692058346839
GCST90011809,melanoma-1,GCST90137412,squamous-carcinoma,0.4323,0.0788,5.489,4.0427e-08,0.0958,0.0098,0.7877,0.0175,0.099,0.0084,2.0529017096039066e-06,2.5077179076923074e-07
GCST004744,adenocarcinoma-lung,GCST90275158,schizophrenia-M1,0.2707,0.0719,3.7678,0.0002,0.1299,0.0128,1.0354,0.0085,-0.0004,0.0052,0.006722464328943011,0.0008211812627291243
GCST90042669,depression-family-father,GCST90043874,skin-carcinoma-face,0.0836,0.1149,0.7271,0.4672,0.0083,0.0014,1.0233,0.0079,-0.0028,0.0051,1.0,0.6460049382716049
GCST90042684,lung-cancer-family-mother,GCST90275158,schizophrenia-M1,0.4807,0.1342,3.5811,0.0003,0.1264,0.0132,1.0383,0.0087,0.0049,0.0055,0.00986273900053093,0.0012047808764940238
GCST90275147,ADHD-age-sex-M1,GCST90275156,schizo-age-sex-M1,0.6009,0.0389,15.4356,9.430600000000001e-54,0.1165,0.0119,1.0283,0.0077,0.3248,0.0063,2.1032340676594734e-51,2.5692012972972973e-52
GCST90042784,depression-postpartum,GCST90042786,depression-trauma,0.5248,0.4177,1.2565,0.2089,0.0204,0.0053,1.0123,0.0072,-0.0065,0.0048,1.0,0.3804357723577236
GCST90042672,lung-cancer-family-father,GCST004750,lung-cancer-squamous,1.0762,0.1117,9.637,5.5797e-22,0.0557,0.0152,1.0385,0.0097,-0.002,0.0066,5.5140967365736e-20,6.73573365269461e-21
GCST90011808,prostate-cancer-3,GCST90137411,bcc-2,0.1601,0.0531,3.0165,0.0026,0.0698,0.0137,0.9747,0.0253,0.0792,0.0062,0.0737276457244729,0.009006185567010308
GCST90043874,skin-carcinoma-face,GCST90041830,non-epithelial-carcinoma,0.9572,0.0489,19.5905,1.8647e-85,0.0169,0.0027,1.0279,0.0122,0.4387,0.0087,6.994171822707268e-83,8.543716363636364e-84
GCST90275152,autism-1,GCST90041830,non-epithelial-carcinoma,0.0142,0.0665,0.2137,0.8308,0.017,0.0027,1.0274,0.0123,-0.0076,0.0064,1.0,0.9043697624190065
GCST90042686,breast-cancer-family-mother,GCST004750,lung-cancer-squamous,-0.0043,0.1113,-0.0383,0.9695,0.0557,0.0152,1.0385,0.0097,-0.0088,0.0049,1.0,0.9817747865394275
GCST003740,adenocarcinoma-barret-oesophagus,GCST90042700,breast-cancer-family-siblings,0.098,0.1264,0.7753,0.4382,0.0043,0.0012,1.0079,0.0064,-0.0045,0.0049,1.0,0.62295960591133
GCST90275149,ADHD-1,GCST90043894,prostate-cancer-1,-0.0175,0.0536,-0.3264,0.7441,0.0252,0.0035,1.0435,0.0141,-0.0067,0.0059,1.0,0.8470158013544018
GCST006465,endometrial-carcinoma-1,GCST90042684,lung-cancer-family-mother,-0.3315,0.2621,-1.2649,0.2059,0.0027,0.0012,1.0262,0.0068,0.0157,0.0062,1.0,0.3770158038147139
GCST90042843,anxiety-treatment-1,GCST90275153,mdd-age-sex-M1,0.4641,0.0716,6.4856,8.8358e-11,0.1076,0.0092,1.0212,0.0074,0.0121,0.0048,5.283440218474321e-09,6.453975652173913e-10
GCST90042669,depression-family-father,GCST004748,lung-carcinoma-1,-0.227,0.1026,-2.2114,0.027,0.0841,0.0167,1.0497,0.0119,0.0029,0.0056,0.6171725042160491,0.07539058171745153
GCST90275148,ADHD-sex-M1,GCST009979,mdd-1,0.4189,0.0461,9.084,1.0469e-19,0.0781,0.006,1.0184,0.0075,0.014,0.0056,9.289070488794315e-18,1.1347045161290323e-18
GCST90255675,crc-cancer-1,GCST005902,depression-broad,0.0029,0.0292,0.0995,0.9207,0.0573,0.0029,1.039,0.0099,0.0042,0.0061,1.0,0.9582504904491481
GCST90275147,ADHD-age-sex-M1,GCST90275148,ADHD-sex-M1,0.9998,0.0002,4330.0752,0.0,0.238,0.0136,1.0739,0.0087,1.0672,0.0086,0.0,0.0
GCST90042699,intestinal-cancer-sibling,GCST90043874,skin-carcinoma-face,0.115,0.2026,0.5675,0.5703,0.0083,0.0014,1.0233,0.0079,0.0035,0.0051,1.0,0.7254805293005672
GCST90011816,cervical-cancer-2,GCST90255675,crc-cancer-1,0.0812,0.0745,1.0912,0.2752,0.0866,0.0089,1.1764,0.0233,0.0169,0.0058,1.0,0.45717034596375616
GCST90275149,ADHD-1,GCST90011804,breast-carcinoma-1,0.0184,0.046,0.3999,0.6893,0.027,0.004,1.0623,0.0138,-0.006,0.0061,1.0,0.8062831981460024
GCST90275155,mdd-5,GCST90043894,prostate-cancer-1,0.0454,0.0602,0.7539,0.4509,0.0253,0.0035,1.0434,0.0141,-0.0064,0.0055,1.0,0.63126
GCST90225529,anxiety-others,GCST90275153,mdd-age-sex-M1,0.5175,0.0749,6.9062,4.9794e-12,0.1095,0.0093,1.0189,0.0078,0.0061,0.0053,3.0894088138822487e-10,3.773861052631579e-11
GCST90042841,anxiety-medication,GCST90137411,bcc-2,-0.0444,0.0463,-0.9585,0.3378,0.0701,0.0119,0.9733,0.0228,-0.0061,0.006,1.0,0.5275017815646785
GCST90043889,breast-neoplasm-1,GCST90043894,prostate-cancer-1,0.222,0.11,2.0183,0.0436,0.0254,0.0035,1.0431,0.014,-0.0057,0.0051,0.9236959394626469,0.11283388960205391
GCST90043889,breast-neoplasm-1,GCST90042698,lung-cancer-family-sibling,0.0712,0.1719,0.414,0.6789,0.0043,0.0014,1.0091,0.0067,-0.0018,0.0047,1.0,0.8009831775700934
GCST90042784,depression-postpartum,GCST004750,lung-cancer-squamous,0.231,0.2532,0.9122,0.3617,0.0556,0.0151,1.0386,0.0096,-0.0012,0.0048,1.0,0.5532528072837634
GCST90275147,ADHD-age-sex-M1,GCST90042669,depression-family-father,0.0208,0.068,0.3059,0.7597,0.007,0.0014,1.011,0.0072,0.0059,0.0059,1.0,0.8541858337981038
GCST90042686,breast-cancer-family-mother,GCST009981,mdd-notrauma,0.0664,0.1731,0.3839,0.7011,0.0298,0.0093,1.0168,0.0066,-0.0033,0.0052,1.0,0.8160609699769052
GCST003740,adenocarcinoma-barret-oesophagus,GCST90043894,prostate-cancer-1,0.1283,0.0793,1.6188,0.1055,0.0253,0.0035,1.0436,0.0142,-0.0058,0.0054,1.0,0.23244590163934428
GCST90275150,autism-age-sex-M1,GCST90011808,prostate-cancer-3,-0.1401,0.0618,-2.2678,0.0233,0.0331,0.0046,1.0537,0.0196,0.0059,0.0056,0.5438968080792554,0.06643960396039604
GCST90043889,breast-neoplasm-1,GCST90042669,depression-family-father,-0.137,0.1275,-1.0742,0.2827,0.0069,0.0014,1.0111,0.0069,-0.0007,0.0046,1.0,0.46638559738134205
GCST90225527,anxiety-2,GCST90042786,depression-trauma,0.1177,0.144,0.8168,0.414,0.0201,0.0055,1.0131,0.0073,-0.0186,0.0051,1.0,0.6048
GCST006464,endometrial-carcinoma-2,GCST90041830,non-epithelial-carcinoma,-0.1856,0.0857,-2.1657,0.0303,0.0169,0.0026,1.0296,0.0145,0.005,0.0059,0.6812814615870835,0.08322179836512263
GCST004749,lung-carcinoma-smokers,GCST90043874,skin-carcinoma-face,0.1904,0.0969,1.9644,0.0495,0.0083,0.0014,1.0227,0.0077,0.0042,0.0061,1.0,0.1255245283018868
GCST90042860,crc-benign-neoplasm,GCST90042669,depression-family-father,0.0977,0.0925,1.0559,0.291,0.0069,0.0014,1.0111,0.0069,0.014,0.0049,1.0,0.47695609756097557
GCST90041886,breast-carcinoma-2,GCST90137412,squamous-carcinoma,0.0811,0.0526,1.5414,0.1232,0.0961,0.0108,0.7865,0.0186,0.026,0.0059,1.0,0.26171886195995786
GCST90042669,depression-family-father,GCST90042684,lung-cancer-family-mother,0.0551,0.1806,0.3049,0.7604,0.0036,0.0012,1.0165,0.0066,-0.0081,0.005,1.0,0.854496321070234
GCST90275151,autism-sex-M1,GCST90042673,intestinal-cancer-father,0.0531,0.1559,0.3404,0.7335,0.0018,0.0011,1.0246,0.0067,0.0046,0.0052,1.0,0.8416054607508532
GCST004744,adenocarcinoma-lung,GCST90275150,autism-age-sex-M1,0.0561,0.0672,0.8346,0.4039,0.1429,0.0116,1.0345,0.0081,-0.0094,0.0055,1.0,0.5956564740307242
GCST90042700,breast-cancer-family-siblings,GCST90042784,depression-postpartum,0.6218,0.472,1.3173,0.1877,0.0088,0.0076,0.9981,0.0065,-0.0059,0.0042,1.0,0.3549748592870544
GCST90042699,intestinal-cancer-sibling,GCST90275156,schizo-age-sex-M1,0.4817,0.1966,2.4506,0.0143,0.1137,0.0123,1.0312,0.008,-0.0025,0.0049,0.3475731869868009,0.04245773195876289
GCST90042670,prostate-cancer-father,GCST90013410,bcc-1,0.1235,0.0823,1.5012,0.1333,0.0316,0.0044,1.0621,0.0173,0.0115,0.0058,1.0,0.278479585492228
GCST90042843,anxiety-treatment-1,GCST90275152,autism-1,0.2557,0.0688,3.7158,0.0002,0.1626,0.0127,1.0327,0.0087,0.0017,0.005,0.006722464328943011,0.0008211812627291243
GCST90042698,lung-cancer-family-sibling,GCST004748,lung-carcinoma-1,0.83,0.1596,5.2002,1.9909e-07,0.0841,0.0167,1.0497,0.0119,0.0141,0.0055,9.468909694746232e-06,1.1566727377521612e-06
GCST90275147,ADHD-age-sex-M1,GCST90042698,lung-cancer-family-sibling,0.519,0.114,4.5525,5.3015e-06,0.0042,0.0014,1.0095,0.0067,0.0138,0.0057,0.00021764701515157543,2.6586626865671645e-05
GCST90042682,depression-family-mother,GCST90275157,schizo-sex-M1,0.4621,0.079,5.8456,5.0485e-09,0.126,0.0132,1.0383,0.0087,0.0211,0.0056,2.722832570564113e-07,3.3260705882352935e-08
GCST009979,mdd-1,GCST006465,endometrial-carcinoma-1,0.0915,0.099,0.9246,0.3552,0.0352,0.01,1.0744,0.0091,-0.0013,0.0056,1.0,0.5474642201834863
GCST004744,adenocarcinoma-lung,GCST009980,mdd-trauma,0.0465,0.1051,0.4421,0.6584,0.1018,0.0172,1.0033,0.0071,0.0044,0.0049,1.0,0.7910216924910607
GCST90275154,mdd-sex-M1,GCST90042684,lung-cancer-family-mother,0.4939,0.12,4.1163,3.85e-05,0.0037,0.0012,1.0161,0.0067,0.0037,0.0051,0.0014342901178574965,0.00017520541760722346
GCST90275147,ADHD-age-sex-M1,GCST90042841,anxiety-medication,0.2723,0.0548,4.9679,6.7687e-07,0.039,0.004,1.0085,0.0076,0.0151,0.0057,3.0355504148000585e-05,3.708070434782609e-06
GCST004744,adenocarcinoma-lung,GCST90255675,crc-cancer-1,0.183,0.0535,3.4173,0.0006,0.0868,0.0087,1.1712,0.0219,0.0303,0.0058,0.01896971256040815,0.0023172413793103447
GCST90042843,anxiety-treatment-1,GCST90275156,schizo-age-sex-M1,0.3302,0.0706,4.6748,2.9418e-06,0.1137,0.0122,1.0311,0.008,0.0081,0.0051,0.00012448830091508093,1.5206843076923078e-05
GCST90275148,ADHD-sex-M1,GCST90137411,bcc-2,-0.0128,0.0308,-0.4145,0.6785,0.0698,0.0121,0.976,0.0236,-0.0063,0.0061,1.0,0.8009831775700934
GCST90042786,depression-trauma,GCST90011808,prostate-cancer-3,-0.2221,0.1076,-2.0628,0.0391,0.0332,0.0046,1.0535,0.0196,0.0015,0.005,0.8435198851861492,0.10304
GCST90137411,bcc-2,GCST90043874,skin-carcinoma-face,0.8501,0.0432,19.692,2.5248e-86,0.0082,0.0012,1.0207,0.0079,0.3953,0.0095,9.690329148160718e-84,1.1837201860465115e-84
GCST005903,mdd-2,GCST90043894,prostate-cancer-1,0.0562,0.0799,0.7034,0.4818,0.0254,0.0035,1.0431,0.014,0.0008,0.0048,1.0,0.6584780487804878
GCST90225529,anxiety-others,GCST90043874,skin-carcinoma-face,0.0268,0.0854,0.3135,0.7539,0.0083,0.0014,1.0236,0.0084,-0.0029,0.0043,1.0,0.8514635294117647
GCST90042686,breast-cancer-family-mother,GCST90275155,mdd-5,-0.1308,0.0859,-1.5218,0.128,0.118,0.0095,1.0303,0.0075,0.0016,0.0052,1.0,0.26964263322884013
GCST90225528,anxiety-any,GCST90042669,depression-family-father,0.5878,0.1096,5.3647,8.1097e-08,0.007,0.0013,1.0109,0.007,0.0548,0.0049,3.915515073455614e-06,4.78298947368421e-07
GCST90041833,breast-neoplasm-2,GCST90042860,crc-benign-neoplasm,0.1658,0.0864,1.9181,0.0551,0.0099,0.0013,1.049,0.0093,0.0034,0.0051,1.0,0.13696868064118373
GCST90225528,anxiety-any,GCST90275155,mdd-5,0.568,0.0701,8.1046,5.2932e-16,0.1198,0.0096,1.0281,0.0079,0.005,0.0054,4.140147857655668e-14,5.057389194312796e-15
GCST90042784,depression-postpartum,GCST90042695,depression-family-sibling,0.1328,0.2331,0.5696,0.569,0.0127,0.0015,1.0178,0.008,0.0168,0.0048,1.0,0.7250973451327433
GCST90042860,crc-benign-neoplasm,GCST90255676,crc-cancer-2,0.8271,0.0615,13.4589,2.7283e-41,0.0848,0.0098,1.1624,0.0211,0.0671,0.0109,4.4144027546420154e-39,5.392404705882353e-40
GCST004750,lung-cancer-squamous,GCST90041830,non-epithelial-carcinoma,0.3313,0.0897,3.694,0.0002,0.0169,0.0027,1.0263,0.0122,-0.0103,0.0056,0.006722464328943011,0.0008211812627291243
GCST90042860,crc-benign-neoplasm,GCST90043874,skin-carcinoma-face,-0.0841,0.0784,-1.0729,0.2833,0.0083,0.0014,1.0233,0.0079,0.0122,0.0051,1.0,0.46661176470588234
GCST90042841,anxiety-medication,GCST90042684,lung-cancer-family-mother,0.0332,0.1192,0.2782,0.7808,0.0036,0.0012,1.0165,0.0066,0.0119,0.0046,1.0,0.8720008854454896
GCST90225527,anxiety-2,GCST90011809,melanoma-1,-0.0304,0.0952,-0.3194,0.7495,0.009,0.0023,1.0007,0.0091,0.0008,0.0046,1.0,0.8490744525547446
GCST003769,depression-symptoms,GCST90011808,prostate-cancer-3,0.0002,0.0667,0.0027,0.9978,0.0328,0.0048,1.0596,0.0216,0.0016,0.0059,1.0,0.9982951861042184
GCST90042841,anxiety-medication,GCST90042695,depression-family-sibling,0.6794,0.0773,8.7915,1.4757e-18,0.0126,0.0015,1.018,0.0079,0.0653,0.0051,1.2618878859115566e-16,1.5414565803108807e-17
GCST90042700,breast-cancer-family-siblings,GCST004748,lung-carcinoma-1,0.1282,0.1166,1.0997,0.2715,0.0841,0.0167,1.0497,0.0119,0.0065,0.0051,1.0,0.45289131513647646
GCST90275148,ADHD-sex-M1,GCST90225527,anxiety-2,0.2891,0.0579,4.9922,5.9691e-07,0.0075,0.0009,1.0195,0.0071,0.0065,0.0059,2.7138274595749063e-05,3.3150704132231406e-06
GCST90042844,anxiety-treatment-2,GCST90042685,intestinal-cancer-mother,-0.0833,0.147,-0.5666,0.571,0.0034,0.001,1.0087,0.0064,0.0052,0.0047,1.0,0.7254805293005672
GCST90275149,ADHD-1,GCST006464,endometrial-carcinoma-2,0.0903,0.0836,1.0795,0.2804,0.0186,0.0046,1.0851,0.0101,0.011,0.007,1.0,0.46427586206896554
GCST90275149,ADHD-1,GCST90011808,prostate-cancer-3,-0.0322,0.0507,-0.636,0.5248,0.0332,0.0046,1.0536,0.0196,-0.0032,0.0059,1.0,0.6925382198952881
GCST90255675,crc-cancer-1,GCST90042684,lung-cancer-family-mother,0.1842,0.093,1.9807,0.0476,0.0035,0.0011,1.0163,0.0063,0.0131,0.0061,0.9943971348754713,0.12147037974683544
GCST003769,depression-symptoms,GCST90042669,depression-family-father,0.6147,0.0872,7.0457,1.8458e-12,0.0067,0.0014,1.0138,0.0071,0.0335,0.0052,1.1807146138093484e-10,1.442299534883721e-11
GCST90275153,mdd-age-sex-M1,GCST90041853,prostate-cancer-5,0.0666,0.0719,0.9257,0.3546,0.0178,0.0029,1.0303,0.0108,-0.0016,0.0052,1.0,0.5472661055853099
GCST90275150,autism-age-sex-M1,GCST90042685,intestinal-cancer-mother,0.2452,0.1237,1.9816,0.0475,0.0034,0.001,1.0083,0.0064,-0.008,0.0058,0.993565743420617,0.12136882129277567
GCST90042682,depression-family-mother,GCST90043894,prostate-cancer-1,-0.0602,0.0907,-0.6641,0.5066,0.0254,0.0035,1.0431,0.014,0.0105,0.0053,1.0,0.6775257294429708
GCST004744,adenocarcinoma-lung,GCST90042698,lung-cancer-family-sibling,0.5256,0.1454,3.615,0.0003,0.0047,0.0014,1.0059,0.0068,0.0069,0.0051,0.00986273900053093,0.0012047808764940238
GCST90011809,melanoma-1,GCST90043874,skin-carcinoma-face,0.3786,0.1119,3.3834,0.0007,0.0083,0.0014,1.023,0.0085,0.0364,0.0055,0.021797273489223706,0.0026626415094339623
GCST005902,depression-broad,GCST90042670,prostate-cancer-father,0.0103,0.0572,0.18,0.8572,0.0065,0.0013,1.0202,0.0081,0.0054,0.0056,1.0,0.9196994145822246
GCST90255676,crc-cancer-2,GCST90043894,prostate-cancer-1,0.0016,0.0615,0.0261,0.9792,0.0251,0.0036,1.0443,0.0138,0.0176,0.0082,1.0,0.9865403298350823
GCST90225529,anxiety-others,GCST90275151,autism-sex-M1,0.2774,0.0694,3.9956,6.4523e-05,0.1503,0.0118,1.0313,0.0086,0.0024,0.0056,0.002325032760427155,0.000284013903930131
GCST90042686,breast-cancer-family-mother,GCST90042698,lung-cancer-family-sibling,0.1289,0.1619,0.796,0.426,0.0043,0.0014,1.0092,0.0067,-0.0031,0.005,1.0,0.6113957325746799
GCST90275154,mdd-sex-M1,GCST90042670,prostate-cancer-father,-0.0021,0.0834,-0.0254,0.9797,0.0065,0.0013,1.0205,0.0083,-0.0016,0.0048,1.0,0.9865510489510491
GCST90011816,cervical-cancer-2,GCST005903,mdd-2,0.1908,0.1188,1.6057,0.1083,0.0177,0.002,0.9994,0.0068,0.0107,0.0048,1.0,0.23731826086956517
GCST90275153,mdd-age-sex-M1,GCST90137412,squamous-carcinoma,0.2911,0.0359,8.1126,4.9549e-16,0.0959,0.0109,0.7881,0.0191,-0.0005,0.0055,3.893996906002034e-14,4.7567039999999994e-15
GCST90042673,intestinal-cancer-father,GCST90042670,prostate-cancer-father,0.7242,0.2821,2.5673,0.0102,0.0065,0.0013,1.0203,0.0081,0.0034,0.0051,0.2581859344494815,0.03153865030674847
GCST90041833,breast-neoplasm-2,GCST90275153,mdd-age-sex-M1,0.0051,0.0681,0.0752,0.94,0.1074,0.0093,1.0215,0.0074,-0.0056,0.0048,1.0,0.9703225806451612
GCST003740,adenocarcinoma-barret-oesophagus,GCST90011808,prostate-cancer-3,0.1545,0.0754,2.0481,0.0405,0.0334,0.0046,1.0529,0.0195,-0.0043,0.0055,0.8680491195662093,0.10603636363636364
GCST006464,endometrial-carcinoma-2,GCST90043874,skin-carcinoma-face,-0.1761,0.1264,-1.3925,0.1638,0.0082,0.0013,1.0253,0.0095,-0.0002,0.0054,1.0,0.32216663414634145
GCST90042670,prostate-cancer-father,GCST90011809,melanoma-1,0.0564,0.118,0.4782,0.6325,0.0088,0.0023,1.0017,0.0089,0.01,0.005,1.0,0.7690936708860759
GCST90275151,autism-sex-M1,GCST004748,lung-carcinoma-1,0.0383,0.0558,0.6866,0.4923,0.0831,0.0159,1.0511,0.0115,-0.005,0.0056,1.0,0.6646731772575251
GCST90225527,anxiety-2,GCST006464,endometrial-carcinoma-2,0.0171,0.1269,0.1348,0.8927,0.0184,0.0047,1.0852,0.0094,-0.0014,0.006,1.0,0.9368470588235295
GCST90011804,breast-carcinoma-1,GCST009980,mdd-trauma,0.0973,0.0862,1.1293,0.2588,0.1061,0.0171,1.0018,0.0068,-0.0005,0.0054,1.0,0.4377020134228187
GCST90042672,lung-cancer-family-father,GCST90275158,schizophrenia-M1,0.2356,0.0789,2.9857,0.0028,0.1264,0.0132,1.0383,0.0086,0.0123,0.0056,0.07885703037057039,0.009632764505119453
GCST009981,mdd-notrauma,GCST90041853,prostate-cancer-5,0.0343,0.1319,0.2599,0.7949,0.0179,0.0029,1.0302,0.0107,0.0021,0.0049,1.0,0.8824440528634362
GCST90275153,mdd-age-sex-M1,GCST90275154,mdd-sex-M1,0.9974,0.004,251.9519,0.0,0.1184,0.0091,1.0275,0.0075,0.9643,0.0073,0.0,0.0
GCST90275155,mdd-5,GCST90041830,non-epithelial-carcinoma,0.1256,0.0532,2.363,0.0181,0.017,0.0027,1.0274,0.0123,-0.0105,0.0051,0.4285739794673561,0.052352367288378776
GCST90042670,prostate-cancer-father,GCST90041853,prostate-cancer-5,0.9972,0.1318,7.5642,3.9035e-14,0.018,0.0029,1.03,0.0107,0.0419,0.0075,2.776810236733246e-12,3.3920068965517244e-13
GCST90041886,breast-carcinoma-2,GCST90042696,prostate-cancer-sibling,0.2563,0.2407,1.0646,0.287,0.0015,0.0011,1.0022,0.0063,0.0034,0.0048,1.0,0.47155012224938875
GCST90042669,depression-family-father,GCST90042696,prostate-cancer-sibling,0.1126,0.2642,0.4262,0.6699,0.0015,0.0011,1.0022,0.0063,0.0113,0.0047,1.0,0.7981787234042553
GCST90275149,ADHD-1,GCST90042696,prostate-cancer-sibling,0.1002,0.1653,0.606,0.5445,0.0014,0.0011,1.0031,0.0063,0.0053,0.0057,1.0,0.7068332260141661
GCST004744,adenocarcinoma-lung,GCST004749,lung-carcinoma-smokers,0.8795,0.0512,17.1903,3.1401999999999995e-66,0.112,0.0269,1.0392,0.0094,0.6218,0.0079,9.422683909546997e-64,1.1510260363636362e-64
GCST009981,mdd-notrauma,GCST004748,lung-carcinoma-1,0.1556,0.1133,1.3738,0.1695,0.083,0.0159,1.0515,0.0116,0.0022,0.0052,1.0,0.32920231213872836
GCST90042685,intestinal-cancer-mother,GCST90042698,lung-cancer-family-sibling,-0.1056,0.2231,-0.4735,0.6359,0.0043,0.0014,1.0092,0.0067,0.0173,0.0048,1.0,0.772273734939759
GCST90043889,breast-neoplasm-1,GCST90013410,bcc-1,0.0992,0.0869,1.1418,0.2535,0.0316,0.0044,1.0621,0.0173,0.0369,0.006,1.0,0.432
GCST90043889,breast-neoplasm-1,GCST009981,mdd-notrauma,-0.1047,0.1726,-0.607,0.5438,0.0298,0.0093,1.0168,0.0066,0.0113,0.0047,1.0,0.7063793814432989
GCST90225527,anxiety-2,GCST90042682,depression-family-mother,0.662,0.1025,6.4567,1.0701e-10,0.0087,0.0012,1.0216,0.0077,0.0481,0.0051,6.375651908836355e-09,7.788164620938628e-10
GCST90042843,anxiety-treatment-1,GCST006465,endometrial-carcinoma-1,-0.0057,0.1297,-0.0439,0.965,0.0346,0.0098,1.0749,0.0091,-0.0021,0.0059,1.0,0.9810590015128592
GCST90275153,mdd-age-sex-M1,GCST004749,lung-carcinoma-smokers,0.2903,0.0856,3.3919,0.0007,0.1073,0.0265,1.0464,0.0096,-0.01,0.0057,0.021797273489223706,0.0026626415094339623
GCST90043889,breast-neoplasm-1,GCST90042670,prostate-cancer-father,0.0541,0.1288,0.4201,0.6744,0.0065,0.0013,1.0204,0.0081,0.0121,0.0043,1.0,0.8008197879858657
GCST009980,mdd-trauma,GCST90042784,depression-postpartum,0.5039,0.3408,1.4785,0.1393,0.0088,0.0076,0.998,0.0065,0.0268,0.0049,1.0,0.28921606591143156
GCST90042844,anxiety-treatment-2,GCST90011816,cervical-cancer-2,0.158,0.1227,1.287,0.1981,0.0088,0.0025,1.017,0.008,-0.002,0.0052,1.0,0.3691058823529412
GCST90275148,ADHD-sex-M1,GCST90041853,prostate-cancer-5,-0.0499,0.0617,-0.8091,0.4185,0.0178,0.0029,1.0305,0.0108,-0.0012,0.0059,1.0,0.6087131560028756
GCST90255676,crc-cancer-2,GCST009980,mdd-trauma,0.0266,0.0662,0.4017,0.6879,0.1086,0.0176,1.0002,0.0073,0.0074,0.0059,1.0,0.8053463414634146
GCST90225529,anxiety-others,GCST90041833,breast-neoplasm-2,0.1189,0.0836,1.4225,0.1549,0.0087,0.0014,1.0364,0.0098,0.0004,0.0051,1.0,0.31072477611940297
GCST003740,adenocarcinoma-barret-oesophagus,GCST90042696,prostate-cancer-sibling,-0.0342,0.2268,-0.1506,0.8803,0.0013,0.0011,1.0039,0.0062,0.005,0.0051,1.0,0.9286681318681319
GCST009980,mdd-trauma,GCST90042684,lung-cancer-family-mother,0.2586,0.151,1.7126,0.0868,0.0036,0.0012,1.0167,0.0066,0.0072,0.0047,1.0,0.19705945945945946
GCST90255675,crc-cancer-1,GCST009980,mdd-trauma,0.0102,0.0606,0.1681,0.8665,0.109,0.0176,1.0001,0.0073,0.0084,0.0058,1.0,0.9238048574445619
GCST90275152,autism-1,GCST90275156,schizo-age-sex-M1,0.6398,0.044,14.5425,6.5142e-48,0.1163,0.0118,1.0284,0.0077,0.3312,0.0059,1.2357250156101076e-45,1.5094973793103447e-46
GCST90225528,anxiety-any,GCST90042684,lung-cancer-family-mother,0.2679,0.1288,2.0802,0.0375,0.0035,0.0012,1.0173,0.0067,0.0041,0.0046,0.8164734462840579,0.09973614775725594
GCST005902,depression-broad,GCST90275154,mdd-sex-M1,0.6861,0.0404,16.9763,1.2306e-64,0.1179,0.0094,1.0284,0.0075,0.0217,0.006,3.3848986001415493e-62,4.134816e-63
GCST90042844,anxiety-treatment-2,GCST90042696,prostate-cancer-sibling,0.2594,0.2752,0.9425,0.3459,0.0015,0.0011,1.0022,0.0063,-0.0043,0.0047,1.0,0.5372375963020031
GCST90041833,breast-neoplasm-2,GCST003769,depression-symptoms,0.1359,0.0661,2.0564,0.0397,0.0387,0.0034,1.0147,0.0075,-0.0017,0.0051,0.8553458252270719,0.1044845953002611
GCST90042843,anxiety-treatment-1,GCST90042682,depression-family-mother,0.7562,0.1001,7.5508,4.326e-14,0.0089,0.0013,1.0202,0.0077,0.0642,0.0053,3.0510593840428768e-12,3.7270153846153844e-13
GCST90042700,breast-cancer-family-siblings,GCST90042672,lung-cancer-family-father,0.0733,0.118,0.621,0.5346,0.0132,0.0018,0.9979,0.0081,0.0169,0.0049,1.0,0.7008187134502925
GCST003740,adenocarcinoma-barret-oesophagus,GCST90041853,prostate-cancer-5,0.047,0.0889,0.5285,0.5971,0.018,0.0029,1.0301,0.0108,0.0027,0.0052,1.0,0.7425993830968537
GCST004748,lung-carcinoma-1,GCST90043894,prostate-cancer-1,-0.0733,0.0815,-0.9001,0.368,0.0264,0.0035,1.0402,0.0137,0.009,0.0064,1.0,0.5599154716981132
GCST90275157,schizo-sex-M1,GCST90137412,squamous-carcinoma,0.2841,0.0411,6.9065,4.9681e-12,0.0959,0.0109,0.788,0.0191,0.0063,0.006,3.0894088138822487e-10,3.773861052631579e-11
GCST90275157,schizo-sex-M1,GCST90275158,schizophrenia-M1,1.0,1.2834e-05,77922.0797,0.0,0.129,0.0125,1.0356,0.0084,1.0355,0.0084,0.0,0.0
GCST90255676,crc-cancer-2,GCST90137412,squamous-carcinoma,0.1105,0.0335,3.3024,0.001,0.0956,0.0104,0.7887,0.0176,0.0305,0.0066,0.030281926472578147,0.0036990825688073396
GCST90275150,autism-age-sex-M1,GCST90043889,breast-neoplasm-1,-0.1082,0.0919,-1.1771,0.2391,0.0048,0.0011,1.0124,0.008,0.0037,0.0049,1.0,0.4176998266897747
GCST004744,adenocarcinoma-lung,GCST90137411,bcc-2,0.1341,0.0557,2.4075,0.0161,0.0696,0.0118,0.9745,0.0231,0.0242,0.0067,0.38620459859540257,0.04717674418604651
GCST90042844,anxiety-treatment-2,GCST004748,lung-carcinoma-1,-0.2801,0.0938,-2.9856,0.0028,0.0841,0.0167,1.0497,0.0119,0.0043,0.0053,0.07885703037057039,0.009632764505119453
GCST90042843,anxiety-treatment-1,GCST009981,mdd-notrauma,0.9153,0.1606,5.6981,1.2115e-08,0.0296,0.0093,1.0169,0.0066,0.1693,0.0052,6.428994175959161e-07,7.853324758842443e-08
GCST009981,mdd-notrauma,GCST006464,endometrial-carcinoma-2,0.2669,0.1847,1.4448,0.1485,0.0186,0.0046,1.0851,0.0099,-0.0052,0.0056,1.0,0.3014864048338368
GCST90042778,anxiety-1,GCST90011816,cervical-cancer-2,0.2839,0.1983,1.4315,0.1523,0.0088,0.0025,1.0172,0.008,-0.0003,0.005,1.0,0.3079384615384616
GCST90275151,autism-sex-M1,GCST90275154,mdd-sex-M1,0.6201,0.0439,14.1341,2.3400000000000002e-45,0.1187,0.0091,1.0272,0.0075,0.3891,0.0062,4.022764669841554e-43,4.914e-44
GCST90042669,depression-family-father,GCST004750,lung-cancer-squamous,-0.2511,0.1375,-1.8254,0.0679,0.0557,0.0152,1.0385,0.0097,0.0022,0.0057,1.0,0.16256528925619834
GCST90041886,breast-carcinoma-2,GCST90011816,cervical-cancer-2,0.3373,0.1329,2.5388,0.0111,0.0088,0.0025,1.0174,0.008,0.0086,0.0047,0.27925383261564257,0.034112195121951225
GCST90225527,anxiety-2,GCST90041833,breast-neoplasm-2,0.2004,0.0919,2.1805,0.0292,0.0087,0.0014,1.0364,0.0098,-0.0008,0.0053,0.6592429246027478,0.0805296853625171
GCST90041886,breast-carcinoma-2,GCST90042698,lung-cancer-family-sibling,0.2871,0.1569,1.8295,0.0673,0.0043,0.0014,1.0091,0.0067,-0.0058,0.0053,1.0,0.16152
GCST90042786,depression-trauma,GCST004750,lung-cancer-squamous,0.416,0.1552,2.6809,0.0073,0.0557,0.0151,1.0385,0.0096,-0.0036,0.0055,0.1918417905591595,0.0234343949044586
GCST90275152,autism-1,GCST005903,mdd-2,0.2803,0.0643,4.357,1.3185e-05,0.0172,0.0021,1.0012,0.0068,0.0045,0.005,0.000519333232207193,6.343904534606206e-05
GCST90225528,anxiety-any,GCST009979,mdd-1,0.6981,0.0706,9.8817,4.9989e-23,0.0781,0.006,1.0181,0.0077,0.063,0.0061,5.061355559684364e-21,6.182688588957054e-22
GCST90011816,cervical-cancer-2,GCST90041853,prostate-cancer-5,-0.0008,0.1239,-0.0068,0.9945,0.0182,0.003,1.0291,0.0112,0.0005,0.0051,1.0,0.9969726504226754
GCST90275154,mdd-sex-M1,GCST90042673,intestinal-cancer-father,0.1669,0.1555,1.0732,0.2832,0.0018,0.0011,1.0246,0.0067,0.0048,0.0053,1.0,0.46661176470588234
GCST005903,mdd-2,GCST90041853,prostate-cancer-5,0.0513,0.0927,0.5537,0.5798,0.018,0.0029,1.0301,0.0107,0.0013,0.0052,1.0,0.7319203506574828
GCST90043894,prostate-cancer-1,GCST90137411,bcc-2,0.1056,0.0547,1.93,0.0536,0.0701,0.0119,0.9733,0.0229,0.0445,0.0058,1.0,0.13440000000000002
GCST90042844,anxiety-treatment-2,GCST90042786,depression-trauma,-0.0757,0.1535,-0.4933,0.6218,0.0205,0.0053,1.012,0.0071,-0.0296,0.0049,1.0,0.7619672131147541
GCST90042844,anxiety-treatment-2,GCST90043874,skin-carcinoma-face,-0.0918,0.1024,-0.8969,0.3698,0.0083,0.0014,1.0233,0.008,0.004,0.0049,1.0,0.5613831325301205
GCST90042684,lung-cancer-family-mother,GCST90011808,prostate-cancer-3,-0.0936,0.1272,-0.736,0.4617,0.0332,0.0046,1.0536,0.0197,0.0041,0.0055,1.0,0.6412905712319339
GCST90275151,autism-sex-M1,GCST90042685,intestinal-cancer-mother,0.2359,0.1193,1.9778,0.0479,0.0034,0.001,1.0083,0.0064,-0.0078,0.0057,0.999399281327293,0.12208141592920353
GCST90042673,intestinal-cancer-father,GCST90275158,schizophrenia-M1,-0.0873,0.1755,-0.4973,0.619,0.1264,0.0132,1.0382,0.0087,0.0142,0.0054,1.0,0.7601130328867234
GCST90275156,schizo-age-sex-M1,GCST90275158,schizophrenia-M1,0.9952,0.0035,281.5187,0.0,0.129,0.0125,1.0356,0.0084,0.9877,0.0079,0.0,0.0
GCST90042843,anxiety-treatment-1,GCST90011809,melanoma-1,0.0705,0.0911,0.7737,0.4391,0.0088,0.0023,1.0016,0.009,-0.0064,0.005,1.0,0.62295960591133
GCST90042684,lung-cancer-family-mother,GCST90042672,lung-cancer-family-father,1.0833,0.1824,5.9399,2.8522e-09,0.0132,0.0018,0.9979,0.0081,0.0419,0.0057,1.5690570107790876e-07,1.9166784e-08
GCST004744,adenocarcinoma-lung,GCST90275153,mdd-age-sex-M1,0.1817,0.0748,2.4275,0.0152,0.1093,0.009,1.0198,0.0072,-0.0038,0.0057,0.3667477761678909,0.0448
GCST90225527,anxiety-2,GCST90042695,depression-family-sibling,0.5998,0.085,7.059,1.6769e-12,0.0128,0.0015,1.0175,0.008,0.0525,0.0049,1.0810535376373881e-10,1.3205587500000001e-11
GCST90042670,prostate-cancer-father,GCST90137411,bcc-2,0.1426,0.0699,2.0384,0.0415,0.0701,0.0119,0.9732,0.0228,0.014,0.0058,0.8871780725304874,0.10837305699481865
GCST90275154,mdd-sex-M1,GCST90137411,bcc-2,0.0124,0.038,0.3259,0.7445,0.0698,0.0121,0.9761,0.0236,-0.0073,0.005,1.0,0.8470158013544018
GCST004744,adenocarcinoma-lung,GCST90043894,prostate-cancer-1,0.0144,0.0858,0.1678,0.8667,0.026,0.0035,1.0417,0.0138,0.0074,0.006,1.0,0.9238048574445619
GCST90275150,autism-age-sex-M1,GCST90255676,crc-cancer-2,0.0452,0.0431,1.0475,0.2949,0.0869,0.0095,1.1564,0.0196,-0.0041,0.0061,1.0,0.4817815235008104
GCST90225528,anxiety-any,GCST90011809,melanoma-1,-0.0253,0.0911,-0.2772,0.7816,0.009,0.0023,1.0007,0.0091,0.0011,0.0047,1.0,0.8720008854454896
GCST90041833,breast-neoplasm-2,GCST009979,mdd-1,0.0104,0.0641,0.1629,0.8706,0.078,0.0059,1.0181,0.0076,0.0061,0.0048,1.0,0.9246267997898056
GCST90042669,depression-family-father,GCST90042670,prostate-cancer-father,0.321,0.1306,2.4571,0.014,0.0065,0.0013,1.0203,0.0081,-0.0123,0.0045,0.3412867045580078,0.04168980797636632
GCST90275151,autism-sex-M1,GCST90255675,crc-cancer-1,0.0432,0.0396,1.091,0.2753,0.0886,0.0089,1.1716,0.0214,-0.0038,0.006,1.0,0.45717034596375616
GCST90225528,anxiety-any,GCST90042784,depression-postpartum,0.3519,0.2342,1.5024,0.133,0.01,0.0072,0.9964,0.006,0.0115,0.0046,1.0,0.2781410788381743
GCST004744,adenocarcinoma-lung,GCST90041853,prostate-cancer-5,-0.0532,0.0976,-0.5452,0.5856,0.0188,0.003,1.0281,0.0107,0.0105,0.0055,1.0,0.7364366355140187
GCST90255675,crc-cancer-1,GCST90137412,squamous-carcinoma,0.0981,0.0325,3.0216,0.0025,0.0956,0.0104,0.7886,0.0176,0.041,0.007,0.0716304250327912,0.00875
GCST90042843,anxiety-treatment-1,GCST90013410,bcc-1,-0.1236,0.0596,-2.0719,0.0383,0.0316,0.0044,1.0623,0.0173,0.0022,0.0058,0.8306041947770828,0.10146228646517741
GCST90042686,breast-cancer-family-mother,GCST90275156,schizo-age-sex-M1,-0.1115,0.0911,-1.2241,0.2209,0.1136,0.0123,1.0313,0.008,-0.0004,0.0048,1.0,0.39515031055900623
GCST90042684,lung-cancer-family-mother,GCST90275157,schizo-sex-M1,0.4819,0.1344,3.5864,0.0003,0.126,0.0132,1.0383,0.0087,0.005,0.0055,0.00986273900053093,0.0012047808764940238
GCST90225527,anxiety-2,GCST90042778,anxiety-1,0.9614,0.2087,4.6077,4.0709e-06,0.0259,0.009,1.0041,0.0068,0.0496,0.0046,0.00017051956469564474,2.0829782741116755e-05
GCST90275152,autism-1,GCST005902,depression-broad,0.3762,0.0389,9.6705,4.0231999999999997e-22,0.0576,0.0028,1.0379,0.0097,0.0045,0.006,3.9998484571409415e-20,4.886006746987951e-21
GCST90225528,anxiety-any,GCST90042686,breast-cancer-family-mother,0.0063,0.0989,0.0635,0.9493,0.0064,0.0014,1.0255,0.0092,-0.0054,0.0052,1.0,0.9746395112016294
GCST009980,mdd-trauma,GCST90043874,skin-carcinoma-face,0.1415,0.0969,1.461,0.144,0.0083,0.0014,1.0236,0.008,-0.0086,0.0045,1.0,0.29552960325534083
GCST90041833,breast-neoplasm-2,GCST004750,lung-cancer-squamous,0.0484,0.0968,0.5005,0.6167,0.0556,0.0152,1.0386,0.0096,0.0018,0.0052,1.0,0.7594790470372633
GCST90042700,breast-cancer-family-siblings,GCST004750,lung-cancer-squamous,0.0973,0.181,0.5377,0.5908,0.0556,0.0152,1.0386,0.0096,0.0032,0.0049,1.0,0.7388665012406948
GCST90042778,anxiety-1,GCST90275152,autism-1,0.0958,0.1191,0.8045,0.4211,0.1626,0.0127,1.0327,0.0087,0.0058,0.0046,1.0,0.6098689655172413
GCST006465,endometrial-carcinoma-1,GCST90011808,prostate-cancer-3,-0.1392,0.1369,-1.0165,0.3094,0.0283,0.0057,1.0774,0.0278,0.0106,0.0074,1.0,0.4974086124401914
GCST009979,mdd-1,GCST004748,lung-carcinoma-1,0.15,0.0608,2.4675,0.0136,0.083,0.0159,1.0514,0.0116,0.0078,0.0056,0.3335061500962098,0.04073937592867756
GCST90275153,mdd-age-sex-M1,GCST90042673,intestinal-cancer-father,0.2301,0.1662,1.3844,0.1662,0.0018,0.0011,1.0246,0.0067,0.0018,0.0051,1.0,0.32561632653061223
GCST90042841,anxiety-medication,GCST009980,mdd-trauma,0.7072,0.0961,7.3614,1.8196e-13,0.1015,0.0168,1.0041,0.0067,0.2015,0.0053,1.2207333905763919e-11,1.4911843902439023e-12
GCST90255675,crc-cancer-1,GCST003769,depression-symptoms,0.0074,0.0441,0.1669,0.8674,0.0382,0.0035,1.0167,0.0073,0.0164,0.0054,1.0,0.9238048574445619
GCST003740,adenocarcinoma-barret-oesophagus,GCST004748,lung-carcinoma-1,0.1504,0.0706,2.1295,0.0332,0.0828,0.0158,1.0508,0.0115,0.0423,0.0058,0.7374443843806582,0.09008236877523554
GCST90275149,ADHD-1,GCST003769,depression-symptoms,0.4606,0.0506,9.0945,9.5005e-20,0.0384,0.0033,1.0159,0.0072,0.012,0.0061,8.475293304688495e-18,1.0352977297297298e-18
GCST90041886,breast-carcinoma-2,GCST90041830,non-epithelial-carcinoma,0.045,0.0687,0.6558,0.512,0.0169,0.0027,1.0279,0.0122,0.0142,0.0051,1.0,0.6817648612945839
GCST90042843,anxiety-treatment-1,GCST90041886,breast-carcinoma-2,-0.0445,0.0837,-0.5322,0.5946,0.008,0.0015,1.0405,0.0105,0.0054,0.0049,1.0,0.7404037059913527
GCST90011804,breast-carcinoma-1,GCST90042698,lung-cancer-family-sibling,0.2515,0.118,2.1309,0.0331,0.0043,0.0014,1.0085,0.0069,-0.0052,0.0048,0.7374443843806582,0.09008236877523554
GCST90041886,breast-carcinoma-2,GCST90043889,breast-neoplasm-1,1.0678,0.0731,14.6069,2.5379e-48,0.0049,0.0011,1.0112,0.0081,0.5484,0.0078,4.986263470374056e-46,6.090960000000001e-47
GCST90042673,intestinal-cancer-father,GCST004748,lung-carcinoma-1,0.0933,0.1329,0.7016,0.4829,0.0841,0.0167,1.0497,0.0119,0.0104,0.0052,1.0,0.6586782138024357
GCST90275153,mdd-age-sex-M1,GCST90042698,lung-cancer-family-sibling,0.4815,0.1276,3.7744,0.0002,0.0042,0.0014,1.0095,0.0068,0.0043,0.0049,0.006722464328943011,0.0008211812627291243
GCST90041833,breast-neoplasm-2,GCST90275156,schizo-age-sex-M1,0.1562,0.0794,1.969,0.049,0.1136,0.0123,1.0313,0.008,-0.0123,0.0054,1.0,0.12441309823677582
GCST90011804,breast-carcinoma-1,GCST90042786,depression-trauma,-0.0775,0.1119,-0.6924,0.4887,0.0198,0.0055,1.0132,0.0073,-0.002,0.0051,1.0,0.6625549428379287
GCST90225528,anxiety-any,GCST90042685,intestinal-cancer-mother,0.1514,0.1282,1.1814,0.2374,0.0035,0.0011,1.0079,0.0065,0.0036,0.0053,1.0,0.41543937554206417
GCST90042682,depression-family-mother,GCST90042698,lung-cancer-family-sibling,-0.0717,0.1479,-0.4844,0.6281,0.0043,0.0014,1.0092,0.0067,0.0031,0.0052,1.0,0.7660312159709618
GCST90275154,mdd-sex-M1,GCST90275157,schizo-sex-M1,0.8772,0.0376,23.3518,1.3205000000000001e-120,0.1283,0.0125,1.0358,0.0084,0.4542,0.0057,6.810334290417655e-118,8.31915e-119
GCST90042700,breast-cancer-family-siblings,GCST90042682,depression-family-mother,-0.0738,0.1288,-0.573,0.5667,0.0089,0.0013,1.0201,0.0077,0.0016,0.0045,1.0,0.7233356962025316
GCST90275152,autism-1,GCST90011804,breast-carcinoma-1,-0.0569,0.0566,-1.0062,0.3143,0.027,0.004,1.0623,0.0139,0.0026,0.0059,1.0,0.5028800000000001
GCST009981,mdd-notrauma,GCST90042699,intestinal-cancer-sibling,0.4418,0.312,1.416,0.1568,0.0022,0.0011,1.0112,0.0063,-0.0086,0.0045,1.0,0.3132891972249752
GCST006464,endometrial-carcinoma-2,GCST90013410,bcc-1,-0.0173,0.0837,-0.2073,0.8358,0.0302,0.0048,1.0752,0.0226,0.0052,0.0067,1.0,0.9058993548387098
GCST90255676,crc-cancer-2,GCST90042673,intestinal-cancer-father,1.1628,0.341,3.4097,0.0007,0.0018,0.0011,1.0238,0.0064,0.0349,0.0073,0.021797273489223706,0.0026626415094339623
GCST90042778,anxiety-1,GCST90137412,squamous-carcinoma,0.2761,0.0904,3.0524,0.0023,0.0961,0.0108,0.7865,0.0188,0.0013,0.0054,0.06612960772365281,0.008078048780487805
GCST90275152,autism-1,GCST009979,mdd-1,0.439,0.0536,8.1962,2.4819e-16,0.0781,0.0061,1.0184,0.0075,0.0049,0.0056,1.9883693570484937e-14,2.42888854368932e-15
GCST90042672,lung-cancer-family-father,GCST90043894,prostate-cancer-1,-0.0686,0.0845,-0.8111,0.4173,0.0254,0.0035,1.0432,0.014,-0.0047,0.0054,1.0,0.6082984815618222
GCST90042686,breast-cancer-family-mother,GCST90042784,depression-postpartum,0.1096,0.3126,0.3505,0.7259,0.0088,0.0076,0.998,0.0065,-0.0072,0.0047,1.0,0.8362367999999999
GCST90011816,cervical-cancer-2,GCST90011809,melanoma-1,-0.0583,0.1214,-0.4802,0.6311,0.009,0.0023,1.0004,0.0088,0.0122,0.0047,1.0,0.7685391304347826
GCST90225528,anxiety-any,GCST90042843,anxiety-treatment-1,0.8721,0.0865,10.0777,6.9301e-24,0.0361,0.0042,1.0006,0.0076,0.0825,0.0053,7.3788351201902915e-22,9.013601032258063e-23
GCST90275147,ADHD-age-sex-M1,GCST90255675,crc-cancer-1,0.1671,0.0337,4.9529,7.3124e-07,0.0886,0.0089,1.1716,0.0214,-0.0007,0.0065,3.252864952297947e-05,3.973530566037736e-06
GCST004744,adenocarcinoma-lung,GCST90042684,lung-cancer-family-mother,1.0483,0.1872,5.6013,2.1277e-08,0.0036,0.0012,1.0166,0.007,-0.0016,0.0051,1.1042394953100303e-06,1.3488815094339623e-07
GCST90042698,lung-cancer-family-sibling,GCST90041830,non-epithelial-carcinoma,0.0847,0.1184,0.7149,0.4747,0.0169,0.0027,1.0279,0.0122,0.0072,0.0055,1.0,0.6521787465940054
GCST004750,lung-cancer-squamous,GCST90043874,skin-carcinoma-face,0.2513,0.1186,2.1186,0.0341,0.008,0.0013,1.0242,0.0079,-0.002,0.0063,0.7513677737378218,0.09178317757009345
GCST90042699,intestinal-cancer-sibling,GCST90043894,prostate-cancer-1,-0.0264,0.1554,-0.1696,0.8653,0.0254,0.0035,1.0432,0.014,-0.0008,0.0047,1.0,0.9238048574445619
GCST90275147,ADHD-age-sex-M1,GCST90042843,anxiety-treatment-1,0.1383,0.0611,2.2645,0.0235,0.0363,0.0043,1.0001,0.007,0.0124,0.0058,0.5477906402507693,0.06691525423728814
GCST003740,adenocarcinoma-barret-oesophagus,GCST90042684,lung-cancer-family-mother,0.2244,0.1369,1.639,0.1012,0.0036,0.0012,1.0169,0.0067,-0.0007,0.0053,1.0,0.22444356435643567
GCST004744,adenocarcinoma-lung,GCST90275154,mdd-sex-M1,0.1487,0.0688,2.1597,0.0308,0.1205,0.0092,1.0252,0.0075,-8.6675e-05,0.0056,0.6906418719683382,0.08436521739130436
GCST90011816,cervical-cancer-2,GCST004749,lung-carcinoma-smokers,0.2797,0.1438,1.9452,0.0518,0.109,0.0268,1.0444,0.0104,-0.0004,0.0054,1.0,0.13021047381546136
GCST90275154,mdd-sex-M1,GCST90041830,non-epithelial-carcinoma,0.1164,0.0524,2.2209,0.0264,0.017,0.0027,1.0274,0.0123,-0.0093,0.0052,0.6076657713911496,0.07422928870292886
GCST90225527,anxiety-2,GCST003769,depression-symptoms,0.7028,0.0758,9.2748,1.7799000000000002e-20,0.0384,0.0034,1.0155,0.0075,0.0561,0.0053,1.6882095693135236e-18,2.0622289655172417e-19
GCST004749,lung-carcinoma-smokers,GCST90042696,prostate-cancer-sibling,-0.1715,0.2413,-0.7108,0.4772,0.0013,0.0011,1.0024,0.0065,0.0022,0.005,1.0,0.6542413043478261
GCST90275151,autism-sex-M1,GCST90042786,depression-trauma,-0.2075,0.1111,-1.8686,0.0617,0.02,0.0054,1.013,0.0071,0.0042,0.0056,1.0,0.15040773881499395
GCST90225527,anxiety-2,GCST90011804,breast-carcinoma-1,0.0622,0.0805,0.7729,0.4396,0.0272,0.0039,1.0611,0.014,0.0022,0.0053,1.0,0.6230629213483145
GCST90042672,lung-cancer-family-father,GCST90042696,prostate-cancer-sibling,-0.028,0.1929,-0.1452,0.8845,0.0015,0.0011,1.0024,0.0063,0.0123,0.005,1.0,0.9321233664401464
GCST005903,mdd-2,GCST90042670,prostate-cancer-father,-0.1869,0.1009,-1.8521,0.064,0.0065,0.0013,1.0202,0.0081,-0.0012,0.0047,1.0,0.154890756302521
GCST90275148,ADHD-sex-M1,GCST009981,mdd-notrauma,0.373,0.1126,3.3124,0.0009,0.0303,0.0093,1.0167,0.0067,-0.0006,0.0055,0.027659748481935906,0.0033787709497206703
GCST90042784,depression-postpartum,GCST003769,depression-symptoms,0.3618,0.2657,1.3615,0.1734,0.0386,0.0034,1.0148,0.0075,0.0122,0.0052,1.0,0.33420114722753347
GCST90041886,breast-carcinoma-2,GCST90275158,schizophrenia-M1,0.1084,0.076,1.4266,0.1537,0.1264,0.0132,1.0383,0.0087,-0.0069,0.0054,1.0,0.30893240279162515
GCST90275149,ADHD-1,GCST90042672,lung-cancer-family-father,0.4146,0.0464,8.9354,4.0584e-19,0.0132,0.0018,0.998,0.0082,0.0129,0.0055,3.5251796245257673e-17,4.306176e-18
GCST90275155,mdd-5,GCST90042699,intestinal-cancer-sibling,0.5048,0.1797,2.8089,0.005,0.0022,0.0011,1.011,0.0062,-0.0012,0.0048,0.13616872877520703,0.016633663366336635
GCST90042685,intestinal-cancer-mother,GCST90275158,schizophrenia-M1,0.2876,0.1173,2.4526,0.0142,0.1264,0.0132,1.0383,0.0086,-0.0061,0.0052,0.34565166514938395,0.04222300884955753
GCST90042699,intestinal-cancer-sibling,GCST90011809,melanoma-1,-0.1844,0.1858,-0.9925,0.321,0.0088,0.0023,1.0018,0.0089,0.0004,0.0048,1.0,0.5095559055118111
GCST90042686,breast-cancer-family-mother,GCST006464,endometrial-carcinoma-2,0.1785,0.1565,1.1404,0.2541,0.0182,0.0045,1.0862,0.0097,0.0072,0.0058,1.0,0.4320971332209106
GCST90275149,ADHD-1,GCST90275150,autism-age-sex-M1,0.4548,0.0387,11.7485,7.189199999999999e-32,0.1446,0.0116,1.0325,0.008,0.4621,0.0065,9.805623145386698e-30,1.1978039008264462e-30
GCST90042844,anxiety-treatment-2,GCST004749,lung-carcinoma-smokers,-0.2973,0.1071,-2.7759,0.0055,0.1094,0.0264,1.0448,0.0098,0.002,0.0055,0.14783399772239902,0.018058631921824105
GCST009979,mdd-1,GCST90042684,lung-cancer-family-mother,0.2517,0.106,2.3734,0.0176,0.0036,0.0012,1.0166,0.0067,0.0131,0.005,0.4185363670388611,0.051126224783861675
GCST90255675,crc-cancer-1,GCST90042682,depression-family-mother,0.0434,0.0633,0.6857,0.4929,0.009,0.0012,1.0191,0.0073,-0.0074,0.0061,1.0,0.6646731772575251
GCST90042698,lung-cancer-family-sibling,GCST90011809,melanoma-1,0.107,0.1344,0.7961,0.426,0.0088,0.0023,1.0018,0.0089,-0.0021,0.0047,1.0,0.6113957325746799
GCST90042843,anxiety-treatment-1,GCST90275154,mdd-sex-M1,0.4829,0.0685,7.0507,1.7801e-12,0.1179,0.0094,1.0283,0.0075,0.0125,0.0047,1.1431185694957516e-10,1.3963741634241244e-11
GCST90042843,anxiety-treatment-1,GCST90255676,crc-cancer-2,-0.0637,0.0496,-1.2841,0.1991,0.085,0.0097,1.1618,0.0209,0.0034,0.0054,1.0,0.3691058823529412
GCST90011804,breast-carcinoma-1,GCST90255675,crc-cancer-1,0.061,0.048,1.2705,0.2039,0.0873,0.0088,1.1768,0.0231,0.0218,0.0065,1.0,0.37505693430656933
GCST90042841,anxiety-medication,GCST90043874,skin-carcinoma-face,-0.0538,0.0906,-0.5944,0.5523,0.0083,0.0014,1.0233,0.008,0.0017,0.0055,1.0,0.7110068965517241
GCST90275149,ADHD-1,GCST90042685,intestinal-cancer-mother,0.243,0.097,2.5048,0.0123,0.0034,0.001,1.0083,0.0063,0.0032,0.0056,0.30617631087319397,0.03740090497737556
GCST90042844,anxiety-treatment-2,GCST90011808,prostate-cancer-3,0.0453,0.0907,0.499,0.6178,0.0332,0.0046,1.0535,0.0196,-0.0029,0.0049,1.0,0.7596878048780488
GCST90275154,mdd-sex-M1,GCST90042685,intestinal-cancer-mother,0.1673,0.1064,1.5719,0.116,0.0034,0.001,1.0082,0.0064,-0.0009,0.0051,1.0,0.25011336898395725
GCST006464,endometrial-carcinoma-2,GCST90042699,intestinal-cancer-sibling,0.1259,0.2979,0.4226,0.6726,0.002,0.0011,1.0138,0.0072,0.0033,0.0058,1.0,0.8004495867768595
GCST006464,endometrial-carcinoma-2,GCST90011809,melanoma-1,-0.1387,0.1187,-1.1685,0.2426,0.0088,0.0024,1.0011,0.0106,0.0039,0.0057,1.0,0.4208963855421687
GCST90255676,crc-cancer-2,GCST90042682,depression-family-mother,0.0531,0.0661,0.8036,0.4216,0.009,0.0013,1.0191,0.0074,-0.008,0.0064,1.0,0.6101470967741935
GCST90042786,depression-trauma,GCST90137412,squamous-carcinoma,0.2735,0.0882,3.1007,0.0019,0.0961,0.0108,0.7864,0.0188,-0.0004,0.006,0.055400944986492354,0.006767491166077739
GCST90275150,autism-age-sex-M1,GCST90042860,crc-benign-neoplasm,0.2781,0.0574,4.847,1.2533e-06,0.0099,0.0014,1.0491,0.0092,-0.0068,0.0048,5.486478635067584e-05,6.7019968169761265e-06
GCST90042841,anxiety-medication,GCST90042844,anxiety-treatment-2,0.6885,0.0642,10.7271,7.597e-27,0.0274,0.0039,0.9979,0.0062,0.2707,0.0053,8.829452711241974e-25,1.07856e-25
GCST90042695,depression-family-sibling,GCST006465,endometrial-carcinoma-1,0.011,0.1267,0.0872,0.9305,0.0345,0.0098,1.0751,0.0091,-0.0005,0.0058,1.0,0.9629243076923077
GCST009979,mdd-1,GCST009980,mdd-trauma,0.8585,0.0509,16.8581,9.149e-64,0.1094,0.0165,0.9999,0.0066,0.5506,0.0056,2.3592483310500237e-61,2.881935e-62
GCST90011804,breast-carcinoma-1,GCST90042699,intestinal-cancer-sibling,0.3302,0.1634,2.0208,0.0433,0.0022,0.0011,1.0113,0.0065,-0.0051,0.0051,0.9197014695793249,0.11234594594594595
GCST90275147,ADHD-age-sex-M1,GCST90225529,anxiety-others,0.3299,0.0544,6.0695,1.2834e-09,0.0088,0.001,1.0171,0.0075,0.0061,0.006,7.380064221959652e-08,9.015102439024389e-09
GCST90225528,anxiety-any,GCST90255676,crc-cancer-2,0.0993,0.0491,2.0242,0.0429,0.0856,0.0095,1.1593,0.0214,0.0006,0.0056,0.9123796158403524,0.11145154639175259
GCST90041833,breast-neoplasm-2,GCST006464,endometrial-carcinoma-2,0.5015,0.1477,3.3962,0.0007,0.0181,0.0045,1.0863,0.0097,-0.0008,0.0063,0.021797273489223706,0.0026626415094339623
GCST90255675,crc-cancer-1,GCST009979,mdd-1,-0.0062,0.046,-0.1356,0.8921,0.0789,0.0062,1.0169,0.0081,0.0151,0.0065,1.0,0.9368470588235295
GCST004744,adenocarcinoma-lung,GCST90275156,schizo-age-sex-M1,0.3066,0.0792,3.8697,0.0001,0.117,0.0121,1.0281,0.0078,-0.0038,0.0054,0.0034598846808291594,0.00042264150943396227
GCST90011816,cervical-cancer-2,GCST90137411,bcc-2,0.0391,0.0693,0.5642,0.5726,0.07,0.0113,0.9737,0.0232,0.0261,0.0059,1.0,0.7260135849056604
GCST90275153,mdd-age-sex-M1,GCST90042684,lung-cancer-family-mother,0.4787,0.119,4.0227,5.7545e-05,0.0037,0.0012,1.0161,0.0067,0.0036,0.005,0.002091855804143519,0.00025553022026431716
GCST003740,adenocarcinoma-barret-oesophagus,GCST90042843,anxiety-treatment-1,-0.0517,0.1003,-0.5149,0.6066,0.0365,0.0043,0.9996,0.0072,0.0043,0.0061,1.0,0.7502488343558282
GCST003740,adenocarcinoma-barret-oesophagus,GCST006464,endometrial-carcinoma-2,0.1645,0.1234,1.3328,0.1826,0.0188,0.0045,1.0845,0.01,0.0367,0.0068,1.0,0.3482701986754967
GCST90225529,anxiety-others,GCST90043894,prostate-cancer-1,0.0598,0.0705,0.8488,0.396,0.0254,0.0036,1.0434,0.0143,0.0062,0.0052,1.0,0.5883095062638173
GCST90225528,anxiety-any,GCST005903,mdd-2,0.6868,0.0743,9.2483,2.2800000000000002e-20,0.0178,0.0021,0.9991,0.0068,0.1623,0.005,2.1258938889731985e-18,2.5968813559322037e-19
GCST90042784,depression-postpartum,GCST90042685,intestinal-cancer-mother,0.3897,0.4035,0.9658,0.3341,0.0034,0.001,1.0086,0.0064,0.0047,0.0048,1.0,0.522533436772692
GCST90042672,lung-cancer-family-father,GCST90275156,schizo-age-sex-M1,0.2428,0.0827,2.936,0.0033,0.1136,0.0122,1.0313,0.008,0.0107,0.0058,0.09215236000157664,0.011256852791878172
GCST90042786,depression-trauma,GCST005903,mdd-2,-0.0345,0.1247,-0.2766,0.7821,0.0175,0.002,1.0002,0.007,-0.0192,0.0047,1.0,0.8720761061946902
GCST90041853,prostate-cancer-5,GCST90011809,melanoma-1,-0.0457,0.1174,-0.3897,0.6968,0.0088,0.0023,1.0018,0.0089,0.0125,0.0054,1.0,0.8121067590987868
GCST90042670,prostate-cancer-father,GCST90041830,non-epithelial-carcinoma,0.1224,0.0992,1.2339,0.2172,0.0169,0.0027,1.0279,0.0122,0.0035,0.0056,1.0,0.3923806797853309
GCST90275150,autism-age-sex-M1,GCST005903,mdd-2,0.3244,0.0675,4.8029,1.5639e-06,0.0172,0.0021,1.0012,0.0068,0.0025,0.005,6.792120558343e-05,8.296901052631578e-06
GCST90225527,anxiety-2,GCST90041886,breast-carcinoma-2,0.0806,0.0928,0.8689,0.3849,0.008,0.0014,1.0404,0.0105,0.0006,0.0053,1.0,0.5769207434944239
GCST90042698,lung-cancer-family-sibling,GCST004750,lung-cancer-squamous,0.8624,0.1771,4.8703,1.114e-06,0.0556,0.0152,1.0386,0.0096,0.0138,0.0048,4.889645217897972e-05,5.972936170212767e-06
GCST90225529,anxiety-others,GCST90042672,lung-cancer-family-father,0.0876,0.0699,1.2536,0.21,0.0134,0.0018,0.9968,0.0085,0.0085,0.0048,1.0,0.3817493237150586
GCST006464,endometrial-carcinoma-2,GCST90042685,intestinal-cancer-mother,0.0464,0.2018,0.2299,0.8182,0.0037,0.0011,1.0052,0.0076,0.0086,0.006,1.0,0.8998860883797054
GCST009980,mdd-trauma,GCST90275156,schizo-age-sex-M1,0.361,0.0871,4.1426,3.4343e-05,0.1165,0.0119,1.0283,0.0078,0.0142,0.005,0.0012823186639412318,0.00015664137556561084
GCST90225529,anxiety-others,GCST90137411,bcc-2,-0.0192,0.0558,-0.3436,0.7312,0.0699,0.0113,0.9741,0.0233,0.0065,0.0063,1.0,0.8402678815489749
GCST90043889,breast-neoplasm-1,GCST005902,depression-broad,-0.0499,0.0693,-0.7203,0.4713,0.0573,0.0029,1.0385,0.01,0.0021,0.0052,1.0,0.6490032786885246
GCST90275154,mdd-sex-M1,GCST90043894,prostate-cancer-1,0.0585,0.0599,0.9769,0.3286,0.0253,0.0035,1.0434,0.0141,-0.0061,0.0054,1.0,0.517545
GCST90042786,depression-trauma,GCST005902,depression-broad,-0.1569,0.0807,-1.9436,0.0519,0.0574,0.0029,1.0384,0.01,-0.0439,0.0057,1.0,0.13029937733499378
GCST90042844,anxiety-treatment-2,GCST90041830,non-epithelial-carcinoma,-0.077,0.0741,-1.0396,0.2985,0.0169,0.0027,1.0282,0.0122,0.0071,0.0055,1.0,0.4860872374798061
GCST90275151,autism-sex-M1,GCST009981,mdd-notrauma,0.5411,0.1285,4.2098,2.5563e-05,0.0304,0.0093,1.0166,0.0066,-0.0043,0.0055,0.0009743251803651057,0.00011901849422632794
GCST90042841,anxiety-medication,GCST90041853,prostate-cancer-5,0.0258,0.0814,0.317,0.7513,0.0179,0.0029,1.0302,0.0107,0.0072,0.0054,1.0,0.8494788558609085
GCST90275154,mdd-sex-M1,GCST90011808,prostate-cancer-3,0.0223,0.0545,0.409,0.6825,0.0332,0.0046,1.0536,0.0197,-0.0074,0.0052,1.0,0.8032224168126094
GCST90042682,depression-family-mother,GCST90042695,depression-family-sibling,1.0444,0.0894,11.6757,1.6966e-31,0.0127,0.0015,1.0179,0.0079,0.1562,0.0053,2.2400073973671972e-29,2.73627648e-30
GCST90041833,breast-neoplasm-2,GCST90043874,skin-carcinoma-face,0.0021,0.0853,0.0247,0.9803,0.0083,0.0014,1.0233,0.0079,0.0138,0.0051,1.0,0.9866624063904142
GCST004744,adenocarcinoma-lung,GCST006464,endometrial-carcinoma-2,0.1682,0.1465,1.1484,0.2508,0.0193,0.0048,1.0852,0.0105,0.0094,0.0058,1.0,0.4290198473282443
GCST90042860,crc-benign-neoplasm,GCST90042685,intestinal-cancer-mother,0.5906,0.1401,4.2151,2.4971e-05,0.0034,0.001,1.0086,0.0064,0.0692,0.0052,0.0009539644498633754,0.00011653133333333333
GCST90042686,breast-cancer-family-mother,GCST90255676,crc-cancer-2,0.1256,0.0755,1.6626,0.0964,0.0848,0.0097,1.1624,0.0211,-0.0025,0.006,1.0,0.21569633740288569
GCST90042700,breast-cancer-family-siblings,GCST90137412,squamous-carcinoma,0.2583,0.0908,2.8454,0.0044,0.0961,0.0108,0.7864,0.0186,0.0041,0.0058,0.12122881415900234,0.014808681135225377
GCST90041833,breast-neoplasm-2,GCST005902,depression-broad,0.0732,0.0501,1.4595,0.1444,0.0573,0.0029,1.0385,0.01,-0.0093,0.005,1.0,0.2958439024390244
GCST90255675,crc-cancer-1,GCST90042685,intestinal-cancer-mother,0.7649,0.1405,5.4435,5.2233e-08,0.0033,0.001,1.0094,0.0065,0.0359,0.0071,2.596491405620437e-06,3.171738795180723e-07
GCST004744,adenocarcinoma-lung,GCST009981,mdd-notrauma,0.2793,0.1342,2.0819,0.0374,0.0294,0.0096,1.0175,0.0066,-0.0015,0.0045,0.815371872246447,0.09960158520475562
GCST90042844,anxiety-treatment-2,GCST90275153,mdd-age-sex-M1,0.2256,0.0784,2.877,0.004,0.1076,0.0092,1.0212,0.0074,0.0009,0.0052,0.11094890707600061,0.013552941176470589
GCST90225527,anxiety-2,GCST90042672,lung-cancer-family-father,0.0559,0.0773,0.7226,0.4699,0.0134,0.0018,0.9968,0.0085,0.0096,0.0048,1.0,0.6479606019151847
GCST90275148,ADHD-sex-M1,GCST90042860,crc-benign-neoplasm,0.3634,0.0497,7.3173,2.53e-13,0.0099,0.0014,1.0491,0.0092,0.0038,0.0051,1.6836384805126766e-11,2.0566451612903224e-12
GCST90225529,anxiety-others,GCST009979,mdd-1,0.6874,0.0668,10.2932,7.561500000000001e-25,0.0781,0.006,1.0181,0.0077,0.0642,0.0057,8.319489928480521e-23,1.0162656e-23
GCST90042841,anxiety-medication,GCST90275152,autism-1,0.2511,0.0662,3.7908,0.0002,0.1626,0.0127,1.0327,0.0087,0.0062,0.0056,0.006722464328943011,0.0008211812627291243
GCST90225529,anxiety-others,GCST90042844,anxiety-treatment-2,0.3878,0.0886,4.3761,1.2083e-05,0.027,0.004,0.9989,0.0061,0.0425,0.0048,0.0004770660336714071,5.8275904306220096e-05
GCST90042841,anxiety-medication,GCST90042696,prostate-cancer-sibling,0.4116,0.2626,1.5675,0.117,0.0015,0.0011,1.0022,0.0063,0.0008,0.0048,1.0,0.252
GCST009980,mdd-trauma,GCST90011809,melanoma-1,-0.2022,0.1039,-1.9471,0.0515,0.009,0.0023,1.0006,0.009,-0.0029,0.0047,1.0,0.1299424280350438
GCST90275151,autism-sex-M1,GCST90275152,autism-1,1.0047,0.0014,713.2713,0.0,0.1633,0.0124,1.0316,0.0083,1.0044,0.0081,0.0,0.0
GCST90275148,ADHD-sex-M1,GCST003769,depression-symptoms,0.459,0.0511,8.9808,2.6869000000000003e-19,0.0384,0.0033,1.0159,0.0072,0.0119,0.0061,2.371318555633571e-17,2.8966793582887706e-18
GCST90255675,crc-cancer-1,GCST006464,endometrial-carcinoma-2,0.1627,0.1007,1.6157,0.1062,0.0188,0.0046,1.0838,0.0094,0.0553,0.0077,1.0,0.23347786259541986
GCST90042686,breast-cancer-family-mother,GCST90042860,crc-benign-neoplasm,0.1488,0.1169,1.2726,0.2031,0.0099,0.0013,1.0489,0.0093,0.0026,0.0052,1.0,0.3744526508226691
GCST90275152,autism-1,GCST009981,mdd-notrauma,0.4885,0.1215,4.0204,5.8093e-05,0.0304,0.0093,1.0166,0.0066,-0.0031,0.0055,0.0021071352422889185,0.00025739667692307696
GCST005902,depression-broad,GCST006465,endometrial-carcinoma-1,0.091,0.0782,1.1641,0.2444,0.0346,0.0097,1.075,0.009,-0.0099,0.0068,1.0,0.42184109589041097
GCST90275152,autism-1,GCST90275154,mdd-sex-M1,0.6163,0.041,15.0329,4.4678e-51,0.1187,0.0091,1.0272,0.0075,0.4228,0.0063,9.453206044401364e-49,1.1547544615384615e-49
GCST90042695,depression-family-sibling,GCST90013410,bcc-1,0.0215,0.054,0.3978,0.6908,0.0316,0.0044,1.0621,0.0173,0.0033,0.0054,1.0,0.8063999999999999
GCST90041886,breast-carcinoma-2,GCST90275154,mdd-sex-M1,-0.0717,0.0721,-0.9937,0.3204,0.1177,0.0095,1.0285,0.0075,0.0023,0.0054,1.0,0.5094056782334385
GCST009979,mdd-1,GCST009981,mdd-notrauma,1.0202,0.085,12.0037,3.3984000000000004e-33,0.0321,0.0092,1.0146,0.0066,0.6284,0.0057,4.83500033739683e-31,5.906184827586208e-32
GCST90042843,anxiety-treatment-1,GCST90042672,lung-cancer-family-father,0.0287,0.0663,0.4337,0.6645,0.0133,0.0018,0.9979,0.0081,-0.0009,0.0047,1.0,0.7952731157270029
GCST90042844,anxiety-treatment-2,GCST90275157,schizo-sex-M1,0.2342,0.0848,2.7635,0.0057,0.1261,0.0131,1.0381,0.0087,0.0022,0.006,0.15246483725618157,0.018624311183144247
GCST90043889,breast-neoplasm-1,GCST90042860,crc-benign-neoplasm,0.1343,0.1079,1.2447,0.2132,0.0099,0.0013,1.049,0.0093,-0.0032,0.0052,1.0,0.3868687668766877
GCST90042672,lung-cancer-family-father,GCST90137412,squamous-carcinoma,0.3636,0.0427,8.5238,1.5439e-17,0.0961,0.0108,0.7865,0.0186,0.0306,0.0056,1.2868679355127426e-15,1.571970909090909e-16
GCST90043889,breast-neoplasm-1,GCST90042685,intestinal-cancer-mother,-0.0077,0.1899,-0.0407,0.9675,0.0034,0.001,1.0086,0.0064,0.004,0.0047,1.0,0.9817747865394275
GCST90042844,anxiety-treatment-2,GCST90043889,breast-neoplasm-1,0.0651,0.1102,0.5914,0.5543,0.0049,0.0011,1.011,0.0081,0.0074,0.0046,1.0,0.7117635668789809
GCST90042786,depression-trauma,GCST90042682,depression-family-mother,-0.0409,0.1397,-0.2926,0.7698,0.0089,0.0013,1.0202,0.0077,-0.0131,0.0046,1.0,0.8636153589315526
GCST90275147,ADHD-age-sex-M1,GCST90042684,lung-cancer-family-mother,0.61,0.1118,5.456,4.8687e-08,0.0037,0.0012,1.0159,0.0067,0.0202,0.0052,2.434888497039014e-06,2.974333090909091e-07
GCST90011804,breast-carcinoma-1,GCST90042670,prostate-cancer-father,0.2011,0.0919,2.1876,0.0287,0.0065,0.0013,1.0198,0.0083,0.0057,0.0052,0.6488421272888097,0.07925917808219178
GCST90225528,anxiety-any,GCST005902,depression-broad,0.8055,0.0506,15.9309,3.8670000000000005e-57,0.0577,0.0029,1.0361,0.0101,0.1533,0.0067,9.525315562665008e-55,1.1635629850746272e-55
GCST006465,endometrial-carcinoma-1,GCST004749,lung-carcinoma-smokers,0.1991,0.1939,1.0268,0.3045,0.0878,0.0299,1.0647,0.0119,-0.0031,0.0065,1.0,0.4926741573033708
GCST004750,lung-cancer-squamous,GCST90043894,prostate-cancer-1,-0.1213,0.1148,-1.0571,0.2904,0.0247,0.0035,1.0437,0.0141,0.0038,0.0061,1.0,0.47635996745321396
GCST90225529,anxiety-others,GCST90042860,crc-benign-neoplasm,0.2637,0.0778,3.3916,0.0007,0.0099,0.0014,1.0489,0.0089,0.0271,0.0048,0.021797273489223706,0.0026626415094339623
GCST90255676,crc-cancer-2,GCST90041853,prostate-cancer-5,0.0369,0.0682,0.5401,0.5891,0.0177,0.003,1.0309,0.0109,0.009,0.0073,1.0,0.7381141081417029
GCST90042860,crc-benign-neoplasm,GCST90042673,intestinal-cancer-father,1.1772,0.363,3.2426,0.0012,0.0018,0.001,1.024,0.0064,0.0649,0.0057,0.035942613272352285,0.004390562613430127
GCST90275150,autism-age-sex-M1,GCST90013410,bcc-1,-0.0565,0.0563,-1.0041,0.3153,0.0317,0.0044,1.0619,0.0172,0.0004,0.0059,1.0,0.5036805071315372
GCST90042673,intestinal-cancer-father,GCST90137411,bcc-2,0.1659,0.1053,1.5748,0.1153,0.0701,0.0119,0.9733,0.0229,-0.0028,0.0049,1.0,0.24962060085836912
GCST90275150,autism-age-sex-M1,GCST90275156,schizo-age-sex-M1,0.635,0.0476,13.3396,1.3624e-40,0.1163,0.0118,1.0284,0.0077,0.2782,0.0059,2.1619781405097166e-38,2.6409599999999998e-39
GCST003740,adenocarcinoma-barret-oesophagus,GCST90275152,autism-1,0.008,0.0662,0.1202,0.9043,0.1647,0.0125,1.0303,0.0083,-0.0025,0.0054,1.0,0.9455751037344399
GCST005902,depression-broad,GCST90275153,mdd-age-sex-M1,0.6685,0.0427,15.6677,2.5145e-55,0.1072,0.0092,1.0218,0.0073,0.0226,0.0059,6.0142648902662715e-53,7.346713043478261e-54
GCST90275152,autism-1,GCST90043894,prostate-cancer-1,-0.0754,0.0659,-1.1447,0.2523,0.0252,0.0035,1.0436,0.0141,0.0022,0.0059,1.0,0.43068314987298906
GCST90041853,prostate-cancer-5,GCST90137412,squamous-carcinoma,0.0168,0.0528,0.3172,0.7511,0.0961,0.0108,0.7865,0.0186,0.0148,0.0057,1.0,0.8494788558609085
GCST005903,mdd-2,GCST004749,lung-carcinoma-smokers,0.1644,0.0908,1.8107,0.0702,0.1046,0.0263,1.0479,0.0097,0.0058,0.0049,1.0,0.16571803278688524
GCST90225529,anxiety-others,GCST004749,lung-carcinoma-smokers,-0.0717,0.0889,-0.8067,0.4198,0.1098,0.0289,1.044,0.0104,0.0119,0.0055,1.0,0.6087131560028756
GCST90275148,ADHD-sex-M1,GCST006465,endometrial-carcinoma-1,0.096,0.0869,1.1053,0.269,0.0349,0.0098,1.0748,0.0093,0.005,0.0068,1.0,0.44983880597014925
GCST90011816,cervical-cancer-2,GCST90042784,depression-postpartum,0.192,0.2937,0.6537,0.5133,0.0103,0.0073,0.9961,0.006,-0.0058,0.0042,1.0,0.6825941952506597
GCST90275155,mdd-5,GCST003769,depression-symptoms,0.801,0.0598,13.3892,6.9889e-41,0.0384,0.0033,1.0159,0.0072,0.0101,0.006,1.1198287279484444e-38,1.3679245048543689e-39
GCST90042841,anxiety-medication,GCST90042786,depression-trauma,0.0036,0.1229,0.029,0.9768,0.0205,0.0053,1.012,0.0071,-0.0844,0.0048,1.0,0.9860935403104656
GCST90042673,intestinal-cancer-father,GCST004749,lung-carcinoma-smokers,0.0649,0.1627,0.3987,0.6901,0.1094,0.0264,1.0449,0.0098,0.0096,0.005,1.0,0.8062831981460024
GCST005902,depression-broad,GCST90137412,squamous-carcinoma,0.1427,0.027,5.2818,1.2795e-07,0.0959,0.0109,0.7877,0.0191,0.0328,0.0066,6.138494209972889e-06,7.49846511627907e-07
GCST90225529,anxiety-others,GCST90042786,depression-trauma,0.1994,0.1365,1.4608,0.1441,0.0201,0.0055,1.0131,0.0073,-0.0231,0.005,1.0,0.29552960325534083
GCST90275151,autism-sex-M1,GCST009980,mdd-trauma,0.2371,0.0781,3.037,0.0024,0.1083,0.0169,1.0005,0.0067,0.0051,0.0052,0.06888479969762125,0.008414608695652174
GCST90042778,anxiety-1,GCST90275150,autism-age-sex-M1,0.1103,0.1233,0.8949,0.3708,0.143,0.0116,1.0344,0.0082,0.0064,0.0046,1.0,0.5620547368421053
GCST90042860,crc-benign-neoplasm,GCST90137412,squamous-carcinoma,0.0747,0.0452,1.6509,0.0988,0.0961,0.0108,0.7865,0.0186,0.055,0.0055,1.0,0.2205767441860465
GCST90275148,ADHD-sex-M1,GCST90275155,mdd-5,0.5736,0.0337,17.0155,6.303199999999999e-65,0.1192,0.0091,1.0287,0.0076,0.4538,0.0062,1.7935483831614697e-62,2.1909053793103448e-63
GCST90041886,breast-carcinoma-2,GCST009980,mdd-trauma,-0.0463,0.1098,-0.4216,0.6733,0.1019,0.0169,1.0039,0.0067,0.0029,0.0053,1.0,0.8005754716981132
GCST90275155,mdd-5,GCST004749,lung-carcinoma-smokers,0.2441,0.0791,3.0865,0.002,0.1073,0.0265,1.0464,0.0096,-0.0052,0.0055,0.05800931433235533,0.007086115992970123
GCST005902,depression-broad,GCST90011808,prostate-cancer-3,-0.0093,0.0478,-0.1939,0.8463,0.0335,0.0046,1.0523,0.0194,-2.1086e-05,0.0064,1.0,0.9128629213483146
GCST90043889,breast-neoplasm-1,GCST90042686,breast-cancer-family-mother,1.2074,0.1665,7.2526,4.0884e-13,0.0063,0.0014,1.0263,0.0094,0.0438,0.007,2.6989408945526496e-11,3.29688576e-12
GCST90042860,crc-benign-neoplasm,GCST005903,mdd-2,0.1612,0.079,2.04,0.0414,0.0175,0.002,1.0004,0.007,0.027,0.0046,0.8861882062266936,0.10825214007782101
GCST90275148,ADHD-sex-M1,GCST005903,mdd-2,0.5611,0.056,10.0287,1.1399e-23,0.0172,0.0021,1.0016,0.0068,0.0048,0.0052,1.2045562071328267e-21,1.471423184713376e-22
GCST90225527,anxiety-2,GCST90042684,lung-cancer-family-mother,0.2919,0.1374,2.1251,0.0336,0.0035,0.0012,1.0173,0.0067,-0.0003,0.0047,0.7423328481470562,0.09067951807228915
GCST90041833,breast-neoplasm-2,GCST90042686,breast-cancer-family-mother,0.9321,0.111,8.4008,4.435e-17,0.0063,0.0014,1.0263,0.0094,0.0651,0.0082,3.6596843714353414e-15,4.47048e-16
GCST90275154,mdd-sex-M1,GCST90042672,lung-cancer-family-father,0.1626,0.0672,2.4197,0.0155,0.0132,0.0018,0.998,0.0083,0.0113,0.0054,0.37289588028732346,0.045551020408163265
GCST90042700,breast-cancer-family-siblings,GCST90041830,non-epithelial-carcinoma,0.2832,0.1093,2.5914,0.0096,0.0169,0.0027,1.0279,0.0122,-0.007,0.0046,0.24487641314455774,0.029912828438948994
GCST003769,depression-symptoms,GCST90042698,lung-cancer-family-sibling,0.3563,0.1284,2.7761,0.0055,0.0046,0.0014,1.0082,0.007,0.0167,0.0049,0.14783399772239902,0.018058631921824105
GCST90225528,anxiety-any,GCST90043874,skin-carcinoma-face,0.0287,0.0845,0.34,0.7339,0.0083,0.0014,1.0236,0.0084,-0.001,0.0044,1.0,0.8416054607508532
GCST90275149,ADHD-1,GCST90011816,cervical-cancer-2,0.3472,0.0937,3.7037,0.0002,0.0086,0.0024,1.0183,0.0079,0.0058,0.0062,0.006722464328943011,0.0008211812627291243
GCST009979,mdd-1,GCST90013410,bcc-1,-0.0839,0.0462,-1.815,0.0695,0.0315,0.0044,1.0626,0.0173,-0.0012,0.0057,1.0,0.16425791324736225
GCST90225529,anxiety-others,GCST90042684,lung-cancer-family-mother,0.2145,0.1323,1.6211,0.105,0.0035,0.0012,1.0173,0.0067,0.0034,0.0046,1.0,0.23159737417943108
GCST90042860,crc-benign-neoplasm,GCST90275155,mdd-5,0.2502,0.0546,4.5812,4.6235e-06,0.1181,0.0095,1.0302,0.0075,0.0081,0.0049,0.00019123966275701995,2.3360842105263156e-05
GCST90275151,autism-sex-M1,GCST90011809,melanoma-1,-0.1337,0.0829,-1.6123,0.1069,0.0089,0.0023,1.0015,0.0089,-0.0005,0.0058,1.0,0.2347607843137255
GCST90042699,intestinal-cancer-sibling,GCST90041830,non-epithelial-carcinoma,0.3376,0.1676,2.0138,0.044,0.0169,0.0027,1.0279,0.0122,-0.0108,0.0055,0.9309751241184924,0.11372307692307693
GCST90275152,autism-1,GCST90042696,prostate-cancer-sibling,-0.1957,0.1716,-1.1405,0.2541,0.0014,0.0011,1.0029,0.0063,0.0101,0.0049,1.0,0.4320971332209106
GCST90042841,anxiety-medication,GCST004750,lung-cancer-squamous,0.0911,0.0993,0.9172,0.359,0.0557,0.0151,1.0385,0.0096,0.0003,0.0052,1.0,0.5503756653992395
GCST90275148,ADHD-sex-M1,GCST90275152,autism-1,0.4515,0.038,11.8667,1.7618999999999998e-32,0.1633,0.0124,1.0316,0.0083,0.4805,0.0066,2.443510992215068e-30,2.9848658823529407e-31
GCST90225529,anxiety-others,GCST90041886,breast-carcinoma-2,0.0121,0.0841,0.1435,0.8859,0.008,0.0014,1.0404,0.0105,0.0007,0.0052,1.0,0.9330448041775458
GCST90043889,breast-neoplasm-1,GCST90275156,schizo-age-sex-M1,0.0797,0.0996,0.8005,0.4234,0.1136,0.0123,1.0313,0.008,-0.0041,0.0052,1.0,0.6106997858672377
GCST90275152,autism-1,GCST90275153,mdd-age-sex-M1,0.6373,0.0421,15.151,7.463599999999999e-52,0.1076,0.0087,1.0211,0.0073,0.4097,0.0061,1.6207452842013177e-49,1.9798181052631575e-50
GCST90042700,breast-cancer-family-siblings,GCST90275158,schizophrenia-M1,0.2098,0.1138,1.8426,0.0654,0.1264,0.0132,1.0383,0.0087,0.0014,0.0052,1.0,0.15789988023952095
GCST90011804,breast-carcinoma-1,GCST90043874,skin-carcinoma-face,0.0045,0.0744,0.0609,0.9515,0.0085,0.0013,1.0219,0.0078,0.0218,0.0052,1.0,0.9759481518987342
GCST90042843,anxiety-treatment-1,GCST009979,mdd-1,0.8695,0.0547,15.8989,6.443900000000001e-57,0.078,0.0059,1.0181,0.0076,0.3138,0.0054,1.563939261296651e-54,1.910426823529412e-55
GCST90275152,autism-1,GCST90042698,lung-cancer-family-sibling,0.0325,0.0993,0.3269,0.7437,0.0042,0.0014,1.0095,0.0068,0.0059,0.0051,1.0,0.8470158013544018
GCST003769,depression-symptoms,GCST90011809,melanoma-1,0.0907,0.0774,1.1723,0.2411,0.0092,0.0022,1.0008,0.0094,-0.0116,0.0057,1.0,0.4201016421780467
GCST003740,adenocarcinoma-barret-oesophagus,GCST90042699,intestinal-cancer-sibling,0.1783,0.1876,0.9504,0.3419,0.0021,0.0011,1.012,0.0064,0.0015,0.0051,1.0,0.5319006939090208
GCST90275154,mdd-sex-M1,GCST90043874,skin-carcinoma-face,0.0713,0.0723,0.9866,0.3239,0.0084,0.0014,1.0233,0.0081,-0.0032,0.0053,1.0,0.5121430588235294
GCST90043894,prostate-cancer-1,GCST90013410,bcc-1,0.0831,0.0641,1.2961,0.195,0.0316,0.0044,1.0621,0.0173,0.057,0.0059,1.0,0.36486233766233767
GCST90042841,anxiety-medication,GCST90042784,depression-postpartum,0.4354,0.2829,1.5391,0.1238,0.0088,0.0076,0.9981,0.0065,0.041,0.005,1.0,0.26271663157894737
GCST90042696,prostate-cancer-sibling,GCST90042670,prostate-cancer-father,0.9964,0.4442,2.2434,0.0249,0.0065,0.0013,1.0203,0.0081,0.0435,0.0055,0.5771641617923058,0.07050337078651685
GCST90275148,ADHD-sex-M1,GCST90042673,intestinal-cancer-father,1.6911e-06,0.1175,1.4396e-05,1.0,0.0018,0.0011,1.0246,0.0067,0.0085,0.0055,1.0,1.0
GCST90042682,depression-family-mother,GCST90042696,prostate-cancer-sibling,0.101,0.233,0.4334,0.6647,0.0015,0.0011,1.002,0.0063,0.0049,0.0053,1.0,0.7952731157270029
GCST005902,depression-broad,GCST90042682,depression-family-mother,0.6875,0.047,14.64,1.561e-48,0.0089,0.0013,1.0201,0.0077,0.1066,0.0058,3.103879221314879e-46,3.7915373493975903e-47
GCST90275147,ADHD-age-sex-M1,GCST90043894,prostate-cancer-1,-0.0214,0.0527,-0.4053,0.6853,0.0252,0.0035,1.0435,0.0141,-0.0084,0.0059,1.0,0.8044051222351571
GCST90042844,anxiety-treatment-2,GCST90041886,breast-carcinoma-2,-0.0172,0.0911,-0.1889,0.8502,0.008,0.0015,1.0405,0.0105,0.0035,0.0047,1.0,0.9146726399999999
GCST005902,depression-broad,GCST90042672,lung-cancer-family-father,0.1441,0.0479,3.0083,0.0026,0.0132,0.0017,0.9982,0.008,0.0203,0.0053,0.0737276457244729,0.009006185567010308
GCST90042778,anxiety-1,GCST90137411,bcc-2,0.1054,0.0828,1.2725,0.2032,0.0701,0.0119,0.9732,0.0229,-0.0031,0.0056,1.0,0.3744526508226691
GCST90042685,intestinal-cancer-mother,GCST90042670,prostate-cancer-father,0.586,0.1823,3.2149,0.0013,0.0065,0.0013,1.0203,0.0081,0.0041,0.0048,0.03865719802850742,0.004722162162162162
GCST90042784,depression-postpartum,GCST90042699,intestinal-cancer-sibling,-0.734,0.5582,-1.3151,0.1885,0.0022,0.0011,1.0114,0.0062,0.008,0.0044,1.0,0.35548737137511693
GCST90011804,breast-carcinoma-1,GCST90042673,intestinal-cancer-father,0.2117,0.1931,1.0962,0.273,0.0016,0.0011,1.0256,0.0065,-0.0004,0.0048,1.0,0.45484958677685955
GCST90255675,crc-cancer-1,GCST90042670,prostate-cancer-father,0.0605,0.0723,0.8363,0.403,0.0066,0.0013,1.0188,0.008,-0.0066,0.0069,1.0,0.5952000000000001
GCST90275154,mdd-sex-M1,GCST006465,endometrial-carcinoma-1,0.042,0.1009,0.416,0.6774,0.0348,0.0098,1.0749,0.0093,0.0044,0.0059,1.0,0.8009831775700934
GCST90042786,depression-trauma,GCST90275153,mdd-age-sex-M1,-0.1245,0.1089,-1.1429,0.2531,0.1075,0.0092,1.0214,0.0074,0.0048,0.0049,1.0,0.4316832487309645
GCST90042841,anxiety-medication,GCST004749,lung-carcinoma-smokers,0.0301,0.0797,0.3784,0.7051,0.1094,0.0264,1.0448,0.0098,0.0003,0.0054,1.0,0.8188186528497409
GCST009979,mdd-1,GCST005902,depression-broad,0.8638,0.0353,24.4379,6.775699999999999e-132,0.0572,0.0028,1.0395,0.01,0.2521,0.0063,3.855992441866725e-129,4.710279724137931e-130
GCST90275153,mdd-age-sex-M1,GCST90042685,intestinal-cancer-mother,0.1583,0.1075,1.4723,0.1409,0.0034,0.001,1.0082,0.0064,-0.0006,0.0051,1.0,0.29074145342886387
GCST005902,depression-broad,GCST90275157,schizo-sex-M1,0.5969,0.0466,12.8036,1.5661e-37,0.1279,0.0131,1.0363,0.0089,0.0127,0.0061,2.3931820510688917e-35,2.9233866666666668e-36
GCST90225529,anxiety-others,GCST009981,mdd-notrauma,0.6701,0.1612,4.1573,3.2196e-05,0.0321,0.0093,1.0148,0.0065,0.0399,0.0056,0.0012103679113156349,0.00014785224601366744
GCST90042778,anxiety-1,GCST90042844,anxiety-treatment-2,0.6748,0.1579,4.2738,1.9215e-05,0.0274,0.0039,0.998,0.0062,0.1048,0.0044,0.0007479189465989884,9.136188679245283e-05
GCST009980,mdd-trauma,GCST90042672,lung-cancer-family-father,0.3207,0.0963,3.3302,0.0009,0.0133,0.0018,0.9978,0.0081,-0.0019,0.0049,0.027659748481935906,0.0033787709497206703
GCST009979,mdd-1,GCST90042670,prostate-cancer-father,0.0056,0.0875,0.0642,0.9488,0.0065,0.0013,1.0202,0.0081,-0.0062,0.0046,1.0,0.9746395112016294
GCST90275151,autism-sex-M1,GCST005903,mdd-2,0.3112,0.0679,4.5853,4.5334e-06,0.0172,0.0021,1.0012,0.0068,0.0021,0.005,0.00018845754806442883,2.302099345088161e-05
GCST90275151,autism-sex-M1,GCST90043894,prostate-cancer-1,-0.0907,0.0683,-1.3272,0.1844,0.0252,0.0035,1.0436,0.0141,0.002,0.0058,1.0,0.3500474576271187
GCST005903,mdd-2,GCST90275158,schizophrenia-M1,0.5648,0.074,7.6372,2.2202e-14,0.1288,0.0131,1.036,0.0089,0.0065,0.0048,1.6000612912295985e-12,1.9545516157205238e-13
GCST90275148,ADHD-sex-M1,GCST90042672,lung-cancer-family-father,0.4237,0.0463,9.1456,5.928200000000001e-20,0.0132,0.0018,0.998,0.0082,0.0119,0.0054,5.375655906622642e-18,6.566621538461539e-19
GCST90011804,breast-carcinoma-1,GCST90042700,breast-cancer-family-siblings,0.8601,0.134,6.4191,1.3711e-10,0.0041,0.0012,1.0102,0.0071,0.0698,0.0083,8.13962389052906e-09,9.942941007194246e-10
GCST90042686,breast-cancer-family-mother,GCST009979,mdd-1,0.0245,0.091,0.2688,0.7881,0.078,0.0059,1.0182,0.0076,-0.0003,0.0057,1.0,0.878089895085588
GCST90042696,prostate-cancer-sibling,GCST90043874,skin-carcinoma-face,0.5018,0.2806,1.788,0.0738,0.0083,0.0014,1.0233,0.0079,-0.0005,0.0044,1.0,0.17220000000000002
GCST004749,lung-carcinoma-smokers,GCST90275157,schizo-sex-M1,0.3142,0.09,3.4913,0.0005,0.1272,0.0122,1.0387,0.0082,-0.0043,0.0058,0.015991908844530126,0.0019534883720930232
GCST90275151,autism-sex-M1,GCST90275158,schizophrenia-M1,0.6074,0.0436,13.9265,4.3723e-44,0.1287,0.0125,1.0358,0.0084,0.3359,0.0061,7.439062740025682e-42,9.087171958762887e-43
GCST90275152,autism-1,GCST90042672,lung-cancer-family-father,-0.0397,0.0635,-0.6249,0.532,0.0132,0.0018,0.9981,0.0083,0.0083,0.0051,1.0,0.6987048859934853
GCST90042685,intestinal-cancer-mother,GCST90275156,schizo-age-sex-M1,0.253,0.122,2.0734,0.0381,0.1136,0.0123,1.0313,0.008,-0.0051,0.0053,0.8284440872725284,0.10119841897233203
GCST004744,adenocarcinoma-lung,GCST90275147,ADHD-age-sex-M1,0.2423,0.0593,4.0839,4.4289e-05,0.238,0.0139,1.0726,0.0091,0.0045,0.0055,0.0016388568422454875,0.00020019422421524663
GCST90225529,anxiety-others,GCST005903,mdd-2,0.6749,0.0769,8.7817,1.61e-18,0.0178,0.0021,0.9991,0.0068,0.1642,0.0049,1.3696328032661697e-16,1.6730721649484536e-17
GCST90042841,anxiety-medication,GCST90042698,lung-cancer-family-sibling,0.3031,0.1424,2.1291,0.0332,0.0043,0.0014,1.0091,0.0067,-0.003,0.0049,0.7374443843806582,0.09008236877523554
GCST90042778,anxiety-1,GCST90275151,autism-sex-M1,0.106,0.1231,0.861,0.3892,0.149,0.0118,1.033,0.0084,0.0058,0.0046,1.0,0.5813546666666667
GCST90011804,breast-carcinoma-1,GCST90041830,non-epithelial-carcinoma,0.1855,0.0646,2.8741,0.0041,0.0171,0.0026,1.0258,0.0118,0.0153,0.0051,0.11353181997143603,0.013868456375838927
GCST90011804,breast-carcinoma-1,GCST90011808,prostate-cancer-3,0.0964,0.0587,1.6413,0.1007,0.0333,0.0045,1.0521,0.0189,0.0004,0.0058,1.0,0.22358061674008808
GCST90042682,depression-family-mother,GCST90275156,schizo-age-sex-M1,0.4447,0.0796,5.588,2.2974e-08,0.1136,0.0123,1.0313,0.008,0.0217,0.0055,1.1811677677123074e-06,1.4428530841121496e-07
GCST90042686,breast-cancer-family-mother,GCST90137411,bcc-2,0.2426,0.0676,3.5913,0.0003,0.0701,0.0119,0.9733,0.0228,0.0042,0.0061,0.00986273900053093,0.0012047808764940238
GCST90042700,breast-cancer-family-siblings,GCST90013410,bcc-1,0.1351,0.0872,1.5503,0.1211,0.0316,0.0044,1.0621,0.0173,0.007,0.0049,1.0,0.25889459172852597
GCST90042844,anxiety-treatment-2,GCST90042784,depression-postpartum,0.2002,0.2796,0.7161,0.4739,0.0088,0.0076,0.9981,0.0065,0.0231,0.0053,1.0,0.6516933151432469
GCST90043889,breast-neoplasm-1,GCST90275155,mdd-5,-0.1131,0.0841,-1.3448,0.1787,0.1181,0.0095,1.0302,0.0075,0.0058,0.0049,1.0,0.34310399999999996
GCST90041833,breast-neoplasm-2,GCST90042672,lung-cancer-family-father,0.1924,0.0811,2.3725,0.0177,0.0132,0.0018,0.9978,0.0081,-0.0065,0.0047,0.420308782327662,0.05134273381294964
GCST90042784,depression-postpartum,GCST004749,lung-carcinoma-smokers,0.1575,0.2465,0.639,0.5228,0.1096,0.0264,1.0447,0.0098,-0.0002,0.0051,1.0,0.6913888524590165
GCST90225528,anxiety-any,GCST90042860,crc-benign-neoplasm,0.2755,0.0771,3.5739,0.0004,0.0099,0.0014,1.0489,0.0089,0.0284,0.0049,0.012994999942956765,0.0015874015748031497
GCST005902,depression-broad,GCST004749,lung-carcinoma-smokers,0.1133,0.0557,2.0334,0.042,0.1036,0.0262,1.0483,0.0098,-0.0018,0.0062,0.8967054294402508,0.10953686934023286
GCST90275148,ADHD-sex-M1,GCST90042700,breast-cancer-family-siblings,0.1382,0.0967,1.4296,0.1528,0.0042,0.0012,1.0089,0.0067,0.0045,0.006,1.0,0.3079384615384616
GCST90275153,mdd-age-sex-M1,GCST90042696,prostate-cancer-sibling,-0.1104,0.1921,-0.5744,0.5657,0.0014,0.0011,1.003,0.0062,0.0089,0.0046,1.0,0.7233356962025316
GCST90042784,depression-postpartum,GCST005903,mdd-2,0.0138,0.2439,0.0568,0.9547,0.0175,0.002,1.0001,0.007,0.0181,0.0043,1.0,0.9759481518987342
GCST90275150,autism-age-sex-M1,GCST006464,endometrial-carcinoma-2,-0.0398,0.0959,-0.415,0.6781,0.0185,0.0046,1.0853,0.0101,0.0109,0.0061,1.0,0.8009831775700934
GCST90042684,lung-cancer-family-mother,GCST90042698,lung-cancer-family-sibling,1.4318,0.3377,4.2398,2.2369e-05,0.0043,0.0014,1.0092,0.0067,0.0349,0.005,0.0008625470682931771,0.00010536426168224298
GCST90275158,schizophrenia-M1,GCST90041830,non-epithelial-carcinoma,0.0288,0.066,0.436,0.6628,0.017,0.0027,1.0272,0.0123,0.0011,0.0055,1.0,0.7948868530636526
GCST90275147,ADHD-age-sex-M1,GCST90011816,cervical-cancer-2,0.3563,0.0927,3.8422,0.0001,0.0086,0.0024,1.0183,0.0079,0.0052,0.006,0.0034598846808291594,0.00042264150943396227
GCST004744,adenocarcinoma-lung,GCST009979,mdd-1,0.1646,0.0688,2.391,0.0168,0.077,0.0062,1.0208,0.0076,-0.0004,0.005,0.4000884830922446,0.04887272727272727
GCST90043894,prostate-cancer-1,GCST90137412,squamous-carcinoma,0.051,0.0487,1.0482,0.2945,0.0961,0.0108,0.7865,0.0186,0.0154,0.0055,1.0,0.4817815235008104
GCST90042844,anxiety-treatment-2,GCST90042670,prostate-cancer-father,0.1658,0.1247,1.3298,0.1836,0.0065,0.0013,1.0202,0.008,0.0046,0.0051,1.0,0.3491864150943397
GCST90275153,mdd-age-sex-M1,GCST90042672,lung-cancer-family-father,0.1753,0.0682,2.5687,0.0102,0.0132,0.0018,0.998,0.0083,0.0092,0.0055,0.2581859344494815,0.03153865030674847
GCST90042843,anxiety-treatment-1,GCST009980,mdd-trauma,0.7854,0.1024,7.6736,1.6722e-14,0.1015,0.0168,1.0041,0.0067,0.1847,0.0052,1.2320269378954295e-12,1.50498e-13
GCST009979,mdd-1,GCST90137412,squamous-carcinoma,0.1549,0.0397,3.9055,9.4012e-05,0.0959,0.0109,0.7881,0.0191,0.0229,0.0056,0.003329487418431994,0.0004067128583690987
GCST90042686,breast-cancer-family-mother,GCST90011808,prostate-cancer-3,0.1815,0.0884,2.0524,0.0401,0.0332,0.0046,1.0536,0.0197,0.0024,0.0051,0.861714013144478,0.1052625
GCST003740,adenocarcinoma-barret-oesophagus,GCST90042860,crc-benign-neoplasm,0.1867,0.0737,2.5314,0.0114,0.0098,0.0013,1.0496,0.0091,-0.0025,0.0051,0.2854956133143066,0.03487465857359636
GCST90041886,breast-carcinoma-2,GCST004748,lung-carcinoma-1,0.103,0.0747,1.378,0.1682,0.0841,0.0167,1.0496,0.0119,0.0003,0.0048,1.0,0.32762434782608696
GCST003740,adenocarcinoma-barret-oesophagus,GCST90042786,depression-trauma,0.209,0.1489,1.404,0.1603,0.02,0.0053,1.0129,0.0073,-0.004,0.0053,1.0,0.3177628318584071
GCST90275147,ADHD-age-sex-M1,GCST90042696,prostate-cancer-sibling,0.1681,0.1759,0.9557,0.3392,0.0014,0.0011,1.0031,0.0063,0.0039,0.0056,1.0,0.5286157650695518
GCST90042700,breast-cancer-family-siblings,GCST90042696,prostate-cancer-sibling,-0.2711,0.3551,-0.7634,0.4452,0.0015,0.0011,1.0024,0.0063,0.0121,0.005,1.0,0.6258878661087866
GCST005903,mdd-2,GCST90042695,depression-family-sibling,0.6516,0.0805,8.0975,5.6123e-16,0.0127,0.0015,1.0179,0.008,0.0449,0.0055,4.369029928698935e-14,5.336979622641509e-15
GCST90275149,ADHD-1,GCST90042699,intestinal-cancer-sibling,0.5096,0.1581,3.224,0.0013,0.0022,0.0011,1.011,0.0062,0.0058,0.0059,0.03865719802850742,0.004722162162162162
GCST90275147,ADHD-age-sex-M1,GCST90013410,bcc-1,0.0092,0.0424,0.2169,0.8283,0.0317,0.0044,1.0621,0.0172,-0.0059,0.0065,1.0,0.9031113034072472
GCST90042784,depression-postpartum,GCST90042672,lung-cancer-family-father,0.0191,0.2172,0.088,0.9299,0.0133,0.0018,0.9978,0.0081,0.0111,0.0049,1.0,0.9629243076923077
GCST90042778,anxiety-1,GCST003769,depression-symptoms,0.712,0.148,4.8102,1.5077e-06,0.0386,0.0034,1.0148,0.0075,0.0222,0.0052,6.565317413133197e-05,8.019850131926123e-06
GCST90011804,breast-carcinoma-1,GCST90011809,melanoma-1,0.1388,0.0897,1.5464,0.122,0.0092,0.0021,0.9987,0.0086,0.0314,0.0054,1.0,0.26026666666666665
GCST90042695,depression-family-sibling,GCST90042684,lung-cancer-family-mother,0.1849,0.1298,1.424,0.1544,0.0036,0.0012,1.0165,0.0066,0.0102,0.005,1.0,0.31003027888446216
GCST90275158,schizophrenia-M1,GCST90137412,squamous-carcinoma,0.284,0.041,6.9254,4.3463e-12,0.0959,0.0109,0.788,0.0191,0.0062,0.006,2.727369341449912e-10,3.3316124714828896e-11
GCST90225529,anxiety-others,GCST90042670,prostate-cancer-father,0.2368,0.1049,2.258,0.0239,0.0066,0.0013,1.0196,0.0085,-0.007,0.005,0.5555453989698123,0.06786253521126762
GCST90275148,ADHD-sex-M1,GCST90011809,melanoma-1,-0.1626,0.0611,-2.6621,0.0078,0.0089,0.0023,1.0017,0.0089,0.0004,0.0057,0.2046557542685687,0.024999682034976153
GCST90275149,ADHD-1,GCST90275158,schizophrenia-M1,0.6025,0.0345,17.4667,2.5711e-68,0.1289,0.0126,1.0356,0.0084,0.3612,0.0065,8.840111318486853e-66,1.079862e-66
GCST90042684,lung-cancer-family-mother,GCST90042670,prostate-cancer-father,-0.1298,0.1623,-0.8,0.4237,0.0065,0.0013,1.0204,0.0081,0.0001,0.0049,1.0,0.6106997858672377
GCST003740,adenocarcinoma-barret-oesophagus,GCST90043874,skin-carcinoma-face,0.0725,0.0948,0.764,0.4449,0.0084,0.0014,1.0224,0.0079,-0.0077,0.0051,1.0,0.6258878661087866
GCST90042786,depression-trauma,GCST90041830,non-epithelial-carcinoma,0.0791,0.0985,0.8026,0.4222,0.0169,0.0027,1.0279,0.0122,0.0026,0.0055,1.0,0.6101470967741935
GCST90225527,anxiety-2,GCST005902,depression-broad,0.7986,0.056,14.2665,3.5377e-46,0.0577,0.0029,1.0361,0.0101,0.1328,0.0062,6.415929928429851e-44,7.837366153846154e-45
GCST90011816,cervical-cancer-2,GCST90042673,intestinal-cancer-father,0.3356,0.3284,1.0219,0.3068,0.0016,0.0011,1.0259,0.007,-0.005,0.0049,1.0,0.49520320256204964
GCST90042841,anxiety-medication,GCST90043889,breast-neoplasm-1,-0.032,0.0985,-0.3251,0.7451,0.0049,0.0011,1.011,0.0081,0.0027,0.0045,1.0,0.8472203045685279
GCST90275150,autism-age-sex-M1,GCST009979,mdd-1,0.4623,0.0569,8.1322,4.2158e-16,0.0781,0.0061,1.0184,0.0075,0.0053,0.0056,3.345004200220516e-14,4.086083076923076e-15
GCST009979,mdd-1,GCST90042784,depression-postpartum,0.5249,0.2731,1.9222,0.0546,0.0088,0.0076,0.998,0.0065,0.0349,0.0048,1.0,0.13606131025957974
GCST90041886,breast-carcinoma-2,GCST90275156,schizo-age-sex-M1,0.1021,0.0766,1.3329,0.1826,0.1136,0.0123,1.0313,0.008,-0.0056,0.0053,1.0,0.3482701986754967
GCST90042844,anxiety-treatment-2,GCST90041833,breast-neoplasm-2,-0.0331,0.0881,-0.3761,0.7068,0.0087,0.0014,1.0362,0.0094,0.0093,0.0047,1.0,0.8193840138010351
GCST90042685,intestinal-cancer-mother,GCST90137411,bcc-2,0.2551,0.0887,2.8768,0.004,0.0701,0.0119,0.9733,0.0228,-0.0027,0.0054,0.11094890707600061,0.013552941176470589
GCST90042685,intestinal-cancer-mother,GCST90042672,lung-cancer-family-father,0.2925,0.1329,2.2015,0.0277,0.0132,0.0018,0.9979,0.0081,0.0032,0.0054,0.6288185735808473,0.07681320495185694
GCST90041833,breast-neoplasm-2,GCST90255675,crc-cancer-1,0.0902,0.0564,1.5975,0.1101,0.0862,0.0092,1.1792,0.023,0.0072,0.0059,1.0,0.24047843986998918
GCST90225528,anxiety-any,GCST90042778,anxiety-1,1.0779,0.2202,4.8956,9.7982e-07,0.0259,0.009,1.0041,0.0068,0.0534,0.0046,4.312161672537875e-05,5.267512320000001e-06
GCST90275148,ADHD-sex-M1,GCST90042841,anxiety-medication,0.2707,0.0549,4.9329,8.103e-07,0.039,0.004,1.0085,0.0076,0.0141,0.0057,3.575643726282858e-05,4.367820320855615e-06
GCST90042682,depression-family-mother,GCST90137412,squamous-carcinoma,-0.0013,0.0474,-0.0273,0.9782,0.0961,0.0108,0.7865,0.0186,0.0029,0.005,1.0,0.9865188594297147
GCST90011816,cervical-cancer-2,GCST90042698,lung-cancer-family-sibling,0.1405,0.1863,0.754,0.4508,0.0043,0.0014,1.0087,0.007,0.0147,0.0048,1.0,0.63126
GCST90255675,crc-cancer-1,GCST006465,endometrial-carcinoma-1,0.1859,0.1098,1.6937,0.0903,0.0349,0.0097,1.0741,0.0088,0.0428,0.008,1.0,0.20408609865470853
GCST005902,depression-broad,GCST90041830,non-epithelial-carcinoma,-0.0171,0.0397,-0.4302,0.667,0.0169,0.0027,1.028,0.0123,0.0031,0.0054,1.0,0.7968454976303317
GCST006465,endometrial-carcinoma-1,GCST90137412,squamous-carcinoma,0.1724,0.0903,1.9098,0.0562,0.0932,0.0128,0.8022,0.0232,0.0051,0.007,1.0,0.13901742331288344
GCST90041886,breast-carcinoma-2,GCST90042673,intestinal-cancer-father,0.2853,0.2173,1.3129,0.1892,0.0018,0.001,1.0241,0.0064,-0.0068,0.0046,1.0,0.35614117647058824
GCST90042843,anxiety-treatment-1,GCST90255675,crc-cancer-1,-0.0558,0.0486,-1.1482,0.2509,0.0862,0.0092,1.1789,0.0228,0.0029,0.0057,1.0,0.4290198473282443
GCST004744,adenocarcinoma-lung,GCST90042686,breast-cancer-family-mother,0.07,0.1139,0.6142,0.5391,0.0061,0.0013,1.0263,0.009,-0.007,0.0055,1.0,0.7018907682375726
GCST90225529,anxiety-others,GCST90255675,crc-cancer-1,0.0556,0.0475,1.1696,0.2422,0.0869,0.0089,1.1759,0.0235,0.0047,0.0059,1.0,0.4205643410852713
GCST90042682,depression-family-mother,GCST90042699,intestinal-cancer-sibling,0.0635,0.1878,0.3384,0.7351,0.0022,0.0011,1.0114,0.0062,0.0003,0.0047,1.0,0.8425023308698123
GCST90042844,anxiety-treatment-2,GCST90013410,bcc-1,-0.0762,0.0651,-1.1699,0.242,0.0316,0.0044,1.0623,0.0173,0.0068,0.0056,1.0,0.4205643410852713
GCST003769,depression-symptoms,GCST90042673,intestinal-cancer-father,-0.0919,0.1727,-0.5323,0.5945,0.0017,0.0011,1.0265,0.007,0.0111,0.0054,1.0,0.7404037059913527
GCST009981,mdd-notrauma,GCST90042784,depression-postpartum,0.4809,0.39,1.2332,0.2175,0.0088,0.0076,0.998,0.0065,0.0141,0.0044,1.0,0.3923806797853309
GCST90011816,cervical-cancer-2,GCST90042696,prostate-cancer-sibling,-0.1456,0.2894,-0.5031,0.6149,0.0016,0.0011,1.0013,0.0061,-0.0022,0.0047,1.0,0.7581886238532111
GCST90275148,ADHD-sex-M1,GCST90255675,crc-cancer-1,0.1675,0.0336,4.9872,6.1253e-07,0.0886,0.0089,1.1716,0.0214,-0.0017,0.0064,2.777192497287176e-05,3.3924738461538465e-06
GCST90255675,crc-cancer-1,GCST90041830,non-epithelial-carcinoma,0.1178,0.0474,2.4876,0.0129,0.0168,0.0027,1.0281,0.0125,-0.0067,0.0063,0.3172832847473333,0.03875767511177347
GCST006464,endometrial-carcinoma-2,GCST90011808,prostate-cancer-3,-0.0392,0.1249,-0.3142,0.7534,0.0283,0.0057,1.0774,0.0278,0.0092,0.0071,1.0,0.8513757847533632
GCST004744,adenocarcinoma-lung,GCST90042696,prostate-cancer-sibling,-0.3082,0.2665,-1.1566,0.2474,0.0012,0.0011,1.0037,0.0062,0.0069,0.0049,1.0,0.42556177474402734
GCST90275147,ADHD-age-sex-M1,GCST90042685,intestinal-cancer-mother,0.2637,0.0968,2.7244,0.0064,0.0034,0.001,1.0083,0.0063,0.0005,0.0056,0.17008592517931176,0.0207768115942029
GCST90275147,ADHD-age-sex-M1,GCST90042784,depression-postpartum,0.2558,0.2148,1.1912,0.2336,0.0088,0.0077,0.9981,0.0065,0.0066,0.0056,1.0,0.4109403141361257
GCST90011804,breast-carcinoma-1,GCST90042684,lung-cancer-family-mother,0.1678,0.1146,1.4649,0.143,0.0036,0.0012,1.0166,0.0069,0.0022,0.0046,1.0,0.2944719101123595
GCST90042685,intestinal-cancer-mother,GCST90011809,melanoma-1,-0.1296,0.1408,-0.921,0.3571,0.0088,0.0023,1.0017,0.009,0.0016,0.005,1.0,0.5487146341463415
GCST90042841,anxiety-medication,GCST009981,mdd-notrauma,0.883,0.1499,5.8919,3.8179e-09,0.0296,0.0093,1.0169,0.0066,0.1987,0.0053,2.0795143583634516e-07,2.5402265346534655e-08
GCST90275150,autism-age-sex-M1,GCST90275155,mdd-5,0.624,0.0422,14.7765,2.0783e-49,0.1194,0.0091,1.0286,0.0076,0.4222,0.006,4.287441955554718e-47,5.2373159999999997e-48
GCST90275149,ADHD-1,GCST90275153,mdd-age-sex-M1,0.5486,0.0364,15.0606,2.9409e-51,0.1075,0.0087,1.0212,0.0073,0.4286,0.006,6.303322606746334e-49,7.699810909090909e-50
GCST90042843,anxiety-treatment-1,GCST90275151,autism-sex-M1,0.2723,0.0707,3.8519,0.0001,0.1489,0.0118,1.033,0.0084,0.001,0.005,0.0034598846808291594,0.00042264150943396227
GCST90011804,breast-carcinoma-1,GCST004748,lung-carcinoma-1,0.1232,0.0642,1.9177,0.0552,0.0836,0.0164,1.0494,0.0119,0.0014,0.0054,1.0,0.13704827586206897
GCST90041886,breast-carcinoma-2,GCST90042695,depression-family-sibling,-0.0401,0.0854,-0.4697,0.6385,0.0127,0.0015,1.0179,0.0079,-0.0003,0.0052,1.0,0.7744981949458483
GCST90042860,crc-benign-neoplasm,GCST90042784,depression-postpartum,0.0426,0.2157,0.1976,0.8434,0.0088,0.0076,0.9981,0.0065,0.0076,0.0044,1.0,0.9107093733261918
GCST90042686,breast-cancer-family-mother,GCST90275154,mdd-sex-M1,-0.1137,0.0849,-1.34,0.1803,0.1177,0.0095,1.0286,0.0075,0.0014,0.0053,1.0,0.3450535104364326
GCST90041833,breast-neoplasm-2,GCST90042669,depression-family-father,-0.1263,0.1095,-1.1528,0.249,0.0069,0.0014,1.0111,0.0069,-0.0024,0.005,1.0,0.4264944774851317
GCST90275149,ADHD-1,GCST004748,lung-carcinoma-1,0.3863,0.0562,6.8698,6.4283e-12,0.0834,0.0159,1.0508,0.0115,0.0025,0.006,3.9734237014719995e-10,4.853727640449438e-11
GCST90275152,autism-1,GCST90043889,breast-neoplasm-1,-0.0725,0.086,-0.8425,0.3995,0.0048,0.0011,1.0124,0.008,0.0015,0.005,1.0,0.5906111436950147
GCST90275155,mdd-5,GCST006464,endometrial-carcinoma-2,0.0922,0.0938,0.9827,0.3258,0.0186,0.0046,1.0852,0.0102,0.0024,0.0062,1.0,0.5142535211267606
GCST004748,lung-carcinoma-1,GCST004749,lung-carcinoma-smokers,1.0389,0.0239,43.4047,0.0,0.1103,0.0262,1.0345,0.0095,0.8218,0.01,0.0,0.0
GCST90042844,anxiety-treatment-2,GCST90275151,autism-sex-M1,0.3108,0.0799,3.89,0.0001,0.1489,0.0118,1.033,0.0084,-0.009,0.0053,0.0034598846808291594,0.00042264150943396227
GCST90042786,depression-trauma,GCST006465,endometrial-carcinoma-1,0.2599,0.1939,1.3407,0.18,0.0346,0.0098,1.0749,0.0091,-0.0003,0.0056,1.0,0.34494296577946765
GCST90042684,lung-cancer-family-mother,GCST90042696,prostate-cancer-sibling,0.7267,0.4235,1.716,0.0862,0.0015,0.0011,1.002,0.0063,0.003,0.0051,1.0,0.19591792559188276
GCST90042784,depression-postpartum,GCST90137412,squamous-carcinoma,0.314,0.3087,1.0172,0.309,0.0961,0.0108,0.7866,0.0188,-0.0085,0.0055,1.0,0.49716201117318437
GCST90225527,anxiety-2,GCST009979,mdd-1,0.6873,0.0742,9.2609,2.0274e-20,0.0781,0.006,1.0181,0.0077,0.057,0.006,1.909828625423378e-18,2.332947272727273e-19
GCST90013410,bcc-1,GCST90137412,squamous-carcinoma,0.4495,0.0491,9.1551,5.4308e-20,0.0958,0.0098,0.7875,0.0175,0.3166,0.0119,4.979334557031455e-18,6.082496e-19
GCST90275150,autism-age-sex-M1,GCST90042698,lung-cancer-family-sibling,0.0117,0.1005,0.1164,0.9073,0.0042,0.0014,1.0095,0.0068,0.0062,0.005,1.0,0.9477289119170985
GCST90042786,depression-trauma,GCST90275157,schizo-sex-M1,-0.0049,0.1092,-0.0452,0.964,0.1257,0.0131,1.0385,0.0087,0.0036,0.0052,1.0,0.9805368314833501
GCST90275147,ADHD-age-sex-M1,GCST90042682,depression-family-mother,0.1759,0.0595,2.9543,0.0031,0.0089,0.0013,1.0202,0.0077,0.0128,0.0054,0.08700903873370881,0.010628571428571428
GCST90225529,anxiety-others,GCST90042700,breast-cancer-family-siblings,-0.1142,0.1413,-0.8083,0.4189,0.004,0.0012,1.0108,0.0067,0.005,0.0052,1.0,0.6087131560028756
GCST90042844,anxiety-treatment-2,GCST90042686,breast-cancer-family-mother,0.0527,0.1158,0.4546,0.6494,0.0063,0.0014,1.0264,0.0094,0.0071,0.0053,1.0,0.7839463473053891
GCST90042669,depression-family-father,GCST90275158,schizophrenia-M1,0.4288,0.0952,4.5037,6.6792e-06,0.1264,0.0132,1.0382,0.0087,0.0039,0.0055,0.00027083827664895816,3.30841945945946e-05
GCST90225529,anxiety-others,GCST90275154,mdd-sex-M1,0.5496,0.0728,7.5487,4.3949e-14,0.1192,0.0095,1.0269,0.0081,0.0067,0.0054,3.0733852146869437e-12,3.754287457627119e-13
GCST90275154,mdd-sex-M1,GCST90042696,prostate-cancer-sibling,0.0061,0.1838,0.0333,0.9735,0.0014,0.0011,1.003,0.0062,0.0073,0.0046,1.0,0.9840505263157895
GCST90275151,autism-sex-M1,GCST90041853,prostate-cancer-5,-0.1098,0.0757,-1.4512,0.1467,0.0178,0.0029,1.0305,0.0108,0.0079,0.0055,1.0,0.29964255319148936
GCST90011804,breast-carcinoma-1,GCST004749,lung-carcinoma-smokers,0.0405,0.077,0.5263,0.5987,0.108,0.0273,1.0448,0.0099,0.0068,0.0051,1.0,0.7441302096177559
GCST90275149,ADHD-1,GCST90275154,mdd-sex-M1,0.5684,0.0331,17.1965,2.8218999999999997e-66,0.1185,0.0091,1.0273,0.0075,0.4514,0.0062,8.624379579734761e-64,1.0535093333333333e-64
GCST90042844,anxiety-treatment-2,GCST90011809,melanoma-1,-0.0566,0.1042,-0.543,0.5871,0.0088,0.0023,1.0016,0.009,-0.0057,0.0048,1.0,0.736982316313823
GCST90275149,ADHD-1,GCST009980,mdd-trauma,0.3778,0.0731,5.168,2.366e-07,0.1079,0.0169,1.0007,0.0067,0.0111,0.0055,1.1124682543759356e-05,1.3589333333333332e-06
GCST90042841,anxiety-medication,GCST90011809,melanoma-1,0.0004,0.0813,0.0047,0.9963,0.0088,0.0023,1.0016,0.009,-0.0105,0.0049,1.0,0.9972893743793446
GCST004744,adenocarcinoma-lung,GCST90042682,depression-family-mother,-0.0402,0.0988,-0.4066,0.6843,0.0091,0.0013,1.0185,0.0078,0.0001,0.0059,1.0,0.8044051222351571
GCST90225528,anxiety-any,GCST90011808,prostate-cancer-3,0.0232,0.0665,0.3486,0.7274,0.033,0.0046,1.0544,0.0198,0.0045,0.0056,1.0,0.8370082191780822
GCST009979,mdd-1,GCST90275156,schizo-age-sex-M1,0.6483,0.0617,10.5129,7.5328e-26,0.1161,0.0119,1.0287,0.0078,0.0111,0.0054,8.4570540254617e-24,1.0330697142857143e-24
GCST90042696,prostate-cancer-sibling,GCST90013410,bcc-1,0.4349,0.1977,2.1999,0.0278,0.0316,0.0044,1.0621,0.0173,0.0032,0.0055,0.6302217966841092,0.07698461538461537
GCST90255676,crc-cancer-2,GCST90013410,bcc-1,0.1441,0.0478,3.0128,0.0026,0.0315,0.0044,1.0621,0.0173,-0.006,0.0067,0.0737276457244729,0.009006185567010308
GCST004744,adenocarcinoma-lung,GCST90275148,ADHD-sex-M1,0.2481,0.0597,4.153,3.2822e-05,0.2376,0.014,1.073,0.0092,0.0032,0.0056,0.00123109726800503,0.00015038443636363638
GCST90225527,anxiety-2,GCST009980,mdd-trauma,0.7003,0.1255,5.5816,2.3828e-08,0.1009,0.0175,1.004,0.0071,0.0236,0.0049,1.2212700946390766e-06,1.49184e-07
GCST004744,adenocarcinoma-lung,GCST90042841,anxiety-medication,0.1126,0.0764,1.474,0.1405,0.0405,0.004,1.0059,0.0078,-0.007,0.0052,1.0,0.2906262295081967
GCST004744,adenocarcinoma-lung,GCST90275155,mdd-5,0.144,0.0688,2.0912,0.0365,0.1204,0.009,1.0269,0.0074,0.0004,0.0055,0.8010415190901073,0.09785106382978723
GCST90041886,breast-carcinoma-2,GCST009979,mdd-1,0.0526,0.0758,0.6943,0.4875,0.078,0.0059,1.0181,0.0076,0.0009,0.0054,1.0,0.6622641509433962
GCST90042672,lung-cancer-family-father,GCST90011809,melanoma-1,-0.0345,0.0833,-0.4143,0.6787,0.0088,0.0023,1.0017,0.009,0.0015,0.0053,1.0,0.8009831775700934
GCST90011816,cervical-cancer-2,GCST90042672,lung-cancer-family-father,0.2863,0.122,2.3476,0.0189,0.0133,0.0018,0.9968,0.0086,0.0099,0.0049,0.4449628867771629,0.05435435092724679
GCST90042841,anxiety-medication,GCST90043894,prostate-cancer-1,0.0831,0.074,1.124,0.261,0.0254,0.0035,1.043,0.014,0.0002,0.0051,1.0,0.4399464882943144
GCST90042786,depression-trauma,GCST90013410,bcc-1,-0.0667,0.0867,-0.7691,0.4418,0.0316,0.0044,1.0622,0.0173,0.0029,0.0057,1.0,0.6244097970608817
GCST90042696,prostate-cancer-sibling,GCST90275158,schizophrenia-M1,0.0115,0.2088,0.0552,0.9559,0.1264,0.0132,1.0383,0.0087,0.0107,0.005,1.0,0.9759481518987342
GCST90275154,mdd-sex-M1,GCST90275156,schizo-age-sex-M1,0.8857,0.041,21.6146,1.3083e-103,0.1164,0.0118,1.0283,0.0077,0.427,0.0055,5.5363397949282894e-101,6.762904615384616e-102
GCST90042786,depression-trauma,GCST004749,lung-carcinoma-smokers,0.4299,0.1304,3.2955,0.001,0.1096,0.0264,1.0447,0.0097,-0.0094,0.0051,0.030281926472578147,0.0036990825688073396
GCST004744,adenocarcinoma-lung,GCST005903,mdd-2,0.1207,0.079,1.5286,0.1264,0.0167,0.0021,1.0026,0.0071,0.0067,0.0047,1.0,0.2668297382198953
GCST90042699,intestinal-cancer-sibling,GCST90042670,prostate-cancer-father,0.3694,0.234,1.5786,0.1144,0.0065,0.0013,1.0204,0.008,-0.0005,0.0048,1.0,0.2485241379310345
GCST009981,mdd-notrauma,GCST90042673,intestinal-cancer-father,0.0035,0.2938,0.012,0.9904,0.0018,0.001,1.0243,0.0064,0.0043,0.0049,1.0,0.9948412556053812
GCST90042843,anxiety-treatment-1,GCST90042860,crc-benign-neoplasm,0.0924,0.0751,1.2301,0.2187,0.0099,0.0013,1.0489,0.0093,0.0162,0.005,1.0,0.39401179624664884
GCST90042778,anxiety-1,GCST90042685,intestinal-cancer-mother,0.0709,0.2113,0.3358,0.737,0.0034,0.001,1.0087,0.0064,0.0029,0.004,1.0,0.8431065229722063
GCST90275158,schizophrenia-M1,GCST90011809,melanoma-1,-0.1531,0.0843,-1.8161,0.0694,0.0089,0.0023,1.0015,0.009,0.0051,0.0049,1.0,0.16421408450704225
GCST90275155,mdd-5,GCST90275158,schizophrenia-M1,0.862,0.0371,23.2273,2.4143e-119,0.1287,0.0125,1.0358,0.0084,0.4607,0.0058,1.2074170309120079e-116,1.4749178181818184e-117
GCST90041886,breast-carcinoma-2,GCST90275157,schizo-sex-M1,0.1065,0.0761,1.4006,0.1613,0.126,0.0132,1.0383,0.0087,-0.0067,0.0054,1.0,0.31911756624141313
GCST90011816,cervical-cancer-2,GCST90042684,lung-cancer-family-mother,0.2519,0.1925,1.3085,0.1907,0.0036,0.0012,1.0165,0.0067,0.0178,0.0044,1.0,0.3582956197576887
GCST90225528,anxiety-any,GCST90275151,autism-sex-M1,0.309,0.0697,4.4323,9.3253e-06,0.1503,0.0118,1.0313,0.0086,0.0011,0.0056,0.00037174272142374273,4.541015652173913e-05
GCST90011808,prostate-cancer-3,GCST90041853,prostate-cancer-5,0.9383,0.0359,26.1372,1.3784999999999998e-150,0.0176,0.003,1.03,0.011,0.6835,0.0138,8.426030157457294e-148,1.02928e-148
GCST003740,adenocarcinoma-barret-oesophagus,GCST005903,mdd-2,0.0637,0.0756,0.8423,0.3996,0.0174,0.0021,1.0005,0.0069,0.0067,0.0052,1.0,0.5906111436950147
GCST90011804,breast-carcinoma-1,GCST90041853,prostate-cancer-5,-0.0029,0.0753,-0.0387,0.9691,0.0179,0.0031,1.0286,0.0109,0.0053,0.0053,1.0,0.9817747865394275
GCST004744,adenocarcinoma-lung,GCST90042786,depression-trauma,0.2889,0.1409,2.0501,0.0404,0.0194,0.0055,1.014,0.0074,-0.0057,0.0052,0.8670318037363142,0.10591209362808841
GCST90042684,lung-cancer-family-mother,GCST90137411,bcc-2,0.1321,0.0854,1.5463,0.122,0.0701,0.0119,0.9733,0.0228,0.0044,0.0056,1.0,0.26026666666666665
GCST90275151,autism-sex-M1,GCST005902,depression-broad,0.3911,0.0417,9.3729,7.0556e-21,0.0576,0.0028,1.0379,0.0097,0.0034,0.0061,6.809541077710976e-19,8.318181052631578e-20
GCST90275152,autism-1,GCST004750,lung-cancer-squamous,0.0949,0.074,1.2824,0.1997,0.0549,0.0146,1.0401,0.0092,-0.0022,0.005,1.0,0.36969256198347106
GCST90225528,anxiety-any,GCST90275156,schizo-age-sex-M1,0.4392,0.08,5.4924,3.9642e-08,0.1149,0.0119,1.03,0.0079,0.0092,0.0058,2.019252130951046e-06,2.4666133333333333e-07
GCST005902,depression-broad,GCST90043894,prostate-cancer-1,-0.0065,0.0491,-0.133,0.8942,0.0253,0.0035,1.0432,0.014,0.0007,0.0059,1.0,0.9377597503900156
GCST009981,mdd-notrauma,GCST90137411,bcc-2,0.0495,0.0766,0.6463,0.5181,0.0697,0.0121,0.9758,0.0236,-0.0112,0.0056,1.0,0.6876165898617512
GCST004749,lung-carcinoma-smokers,GCST004750,lung-cancer-squamous,0.9453,0.054,17.5217,9.7894e-69,0.0546,0.0135,1.0415,0.0085,0.5569,0.0073,3.437464480868251e-66,4.199027744680851e-67
GCST90275153,mdd-age-sex-M1,GCST90275156,schizo-age-sex-M1,0.8744,0.0378,23.1425,1.7294e-118,0.1164,0.0118,1.0283,0.0077,0.4814,0.0052,7.928170051309381e-116,9.68464e-117
GCST90042700,breast-cancer-family-siblings,GCST009980,mdd-trauma,0.048,0.1539,0.3116,0.7553,0.1019,0.0169,1.0039,0.0067,0.0073,0.0048,1.0,0.8520899832120873
GCST90225528,anxiety-any,GCST90042841,anxiety-medication,0.9069,0.0801,11.3189,1.0575e-29,0.0389,0.004,1.0082,0.0075,0.0945,0.0055,1.2927859109918154e-27,1.5792e-28
GCST90041833,breast-neoplasm-2,GCST90042696,prostate-cancer-sibling,0.2288,0.2332,0.9809,0.3266,0.0015,0.0011,1.0022,0.0063,0.0046,0.0049,1.0,0.5147971853010165
GCST90225528,anxiety-any,GCST90275158,schizophrenia-M1,0.4378,0.0773,5.6651,1.4692e-08,0.1272,0.0128,1.0376,0.0088,0.0095,0.0057,7.722026265466223e-07,9.432825477707007e-08
GCST90042698,lung-cancer-family-sibling,GCST90137412,squamous-carcinoma,0.627,0.115,5.4511,5.0072e-08,0.0961,0.0108,0.7864,0.0186,0.0187,0.0057,2.496588396291657e-06,3.0497024773413897e-07
GCST90043889,breast-neoplasm-1,GCST90011809,melanoma-1,0.1269,0.1259,1.0082,0.3133,0.0088,0.0023,1.0018,0.0089,0.0054,0.0048,1.0,0.5020769475357711
GCST006464,endometrial-carcinoma-2,GCST004749,lung-carcinoma-smokers,0.2548,0.1847,1.3795,0.1677,0.0879,0.0309,1.0647,0.0121,-0.0045,0.0067,1.0,0.3275512572533849
GCST006465,endometrial-carcinoma-1,GCST90042685,intestinal-cancer-mother,0.0316,0.2047,0.1542,0.8775,0.0037,0.0011,1.0052,0.0076,0.0072,0.0058,1.0,0.9266841278156102
GCST90225528,anxiety-any,GCST90042673,intestinal-cancer-father,0.2751,0.2178,1.2627,0.2067,0.0017,0.0011,1.026,0.0071,-0.0003,0.0056,1.0,0.3776579185520362
GCST90275155,mdd-5,GCST90011809,melanoma-1,-0.1512,0.0797,-1.8967,0.0579,0.0089,0.0023,1.0013,0.0089,0.0029,0.0049,1.0,0.14252307692307692
GCST003740,adenocarcinoma-barret-oesophagus,GCST005902,depression-broad,0.1188,0.0485,2.4478,0.0144,0.057,0.0028,1.0409,0.0099,0.0042,0.0058,0.34897585749896226,0.04262907488986784
GCST90275149,ADHD-1,GCST004750,lung-cancer-squamous,0.4549,0.0746,6.1006,1.0566e-09,0.0549,0.0146,1.04,0.0092,5.846e-05,0.0052,6.11851105735253e-08,7.474054736842106e-09
GCST90042686,breast-cancer-family-mother,GCST004748,lung-carcinoma-1,0.0388,0.0908,0.4271,0.6693,0.0841,0.0167,1.0497,0.0119,-0.011,0.0054,1.0,0.7981787234042553
GCST90275155,mdd-5,GCST90042685,intestinal-cancer-mother,0.1901,0.1066,1.7834,0.0745,0.0034,0.001,1.0082,0.0064,-0.0024,0.0051,1.0,0.17363236994219652
GCST90042699,intestinal-cancer-sibling,GCST004749,lung-carcinoma-smokers,0.397,0.2228,1.782,0.0747,0.1094,0.0265,1.0449,0.0098,-0.0024,0.005,1.0,0.17389745958429562
GCST90042843,anxiety-treatment-1,GCST004748,lung-carcinoma-1,0.0039,0.0653,0.0594,0.9527,0.0841,0.0167,1.0497,0.0119,-0.0029,0.0049,1.0,0.9759481518987342
GCST003740,adenocarcinoma-barret-oesophagus,GCST90013410,bcc-1,0.0395,0.0582,0.6789,0.4972,0.0317,0.0044,1.0615,0.0172,-0.0052,0.0061,1.0,0.6686825883922615
GCST003740,adenocarcinoma-barret-oesophagus,GCST90041886,breast-carcinoma-2,0.101,0.0733,1.3787,0.168,0.008,0.0015,1.04,0.0106,-0.0036,0.0051,1.0,0.3275512572533849
GCST90042843,anxiety-treatment-1,GCST003769,depression-symptoms,0.8415,0.0718,11.7283,9.122699999999999e-32,0.0387,0.0034,1.0147,0.0075,0.05,0.0061,1.2240475381634702e-29,1.4952327804878049e-30
GCST90275148,ADHD-sex-M1,GCST009980,mdd-trauma,0.3735,0.0731,5.1096,3.2281e-07,0.1079,0.0169,1.0007,0.0067,0.0119,0.0055,1.5007164036941012e-05,1.8331970704225354e-06
GCST005903,mdd-2,GCST90042699,intestinal-cancer-sibling,0.2291,0.1829,1.2529,0.2103,0.0022,0.0011,1.0114,0.0062,0.0074,0.0049,1.0,0.3819502702702703
GCST90042700,breast-cancer-family-siblings,GCST90042860,crc-benign-neoplasm,0.237,0.1192,1.9881,0.0468,0.0099,0.0013,1.049,0.0093,0.0051,0.0046,0.9801660109258608,0.11973197969543148
GCST90275147,ADHD-age-sex-M1,GCST90275157,schizo-sex-M1,0.6079,0.0354,17.1888,3.2203e-66,0.1285,0.0125,1.0357,0.0084,0.3624,0.0065,9.490482832447438e-64,1.1593079999999999e-64
GCST90275157,schizo-sex-M1,GCST90137411,bcc-2,-0.0279,0.0462,-0.6035,0.5462,0.0698,0.0121,0.976,0.0236,-0.0008,0.0052,1.0,0.7076730077120822
GCST90275152,autism-1,GCST90042670,prostate-cancer-father,0.0376,0.0801,0.4693,0.6389,0.0065,0.0013,1.0205,0.0083,-0.0067,0.0056,1.0,0.7745173782321108
GCST90041886,breast-carcinoma-2,GCST003769,depression-symptoms,0.1284,0.0735,1.7469,0.0807,0.0387,0.0034,1.0147,0.0075,-0.0087,0.0048,1.0,0.18572054794520546
GCST90225527,anxiety-2,GCST90042670,prostate-cancer-father,0.2722,0.1123,2.423,0.0154,0.0066,0.0013,1.0196,0.0085,-0.0092,0.0051,0.37103096187496115,0.04532321167883212
GCST90255675,crc-cancer-1,GCST90255676,crc-cancer-2,1.0233,0.0034,300.4465,0.0,0.0898,0.0092,1.1457,0.0186,1.0929,0.0192,0.0,0.0
GCST90042786,depression-trauma,GCST90042685,intestinal-cancer-mother,0.3531,0.2193,1.6102,0.1073,0.0034,0.001,1.0086,0.0064,-0.0035,0.0045,1.0,0.23538280739934714
GCST90042784,depression-postpartum,GCST90042684,lung-cancer-family-mother,0.1546,0.3692,0.4188,0.6754,0.0036,0.0012,1.0164,0.0066,0.0026,0.0047,1.0,0.8009449411764705
GCST90225527,anxiety-2,GCST90011808,prostate-cancer-3,0.0591,0.0727,0.8124,0.4166,0.033,0.0046,1.0544,0.0198,0.0017,0.0055,1.0,0.6077175108538351
GCST90042698,lung-cancer-family-sibling,GCST90275157,schizo-sex-M1,0.3987,0.1289,3.0935,0.002,0.126,0.0131,1.0383,0.0087,0.0133,0.0045,0.05800931433235533,0.007086115992970123
GCST009980,mdd-trauma,GCST90042669,depression-family-father,0.576,0.1371,4.2021,2.645e-05,0.0069,0.0014,1.011,0.007,0.0234,0.0047,0.0010058100013452353,0.00012286451612903226
GCST90275147,ADHD-age-sex-M1,GCST004750,lung-cancer-squamous,0.4627,0.0767,6.0338,1.6018e-09,0.0549,0.0146,1.04,0.0092,-0.0002,0.0052,9.046591177012366e-08,1.105084505119454e-08
GCST90275151,autism-sex-M1,GCST003769,depression-symptoms,0.3814,0.0539,7.0712,1.5356e-12,0.0384,0.0033,1.0159,0.0072,0.0046,0.0059,9.977560956202203e-11,1.2188069291338583e-11
GCST90275153,mdd-age-sex-M1,GCST90041830,non-epithelial-carcinoma,0.1337,0.0509,2.6287,0.0086,0.017,0.0027,1.0274,0.0123,-0.0103,0.0052,0.22281222822130892,0.027217582417582417
GCST009980,mdd-trauma,GCST90275155,mdd-5,0.5102,0.0846,6.0333,1.6061e-09,0.1197,0.0091,1.0282,0.0076,0.0112,0.0051,9.046591177012366e-08,1.105084505119454e-08
GCST90011816,cervical-cancer-2,GCST004750,lung-cancer-squamous,0.1988,0.1566,1.2695,0.2043,0.0551,0.0148,1.0395,0.0092,0.0031,0.0048,1.0,0.37545013673655425
GCST90042860,crc-benign-neoplasm,GCST90042684,lung-cancer-family-mother,0.1285,0.1273,1.0091,0.3129,0.0036,0.0012,1.0165,0.0066,0.0193,0.0051,1.0,0.5018348448687351
GCST90041833,breast-neoplasm-2,GCST90275155,mdd-5,0.0071,0.0664,0.1075,0.9144,0.1181,0.0095,1.0302,0.0075,-0.004,0.0049,1.0,0.9528855813953488
GCST90042844,anxiety-treatment-2,GCST90011804,breast-carcinoma-1,-0.0915,0.0679,-1.3483,0.1775,0.027,0.0039,1.0619,0.0138,0.0164,0.005,1.0,0.34112488083889414
GCST90225528,anxiety-any,GCST90041886,breast-carcinoma-2,-0.0192,0.0847,-0.2269,0.8205,0.008,0.0014,1.0404,0.0105,0.0016,0.0051,1.0,0.9009411764705884
GCST90042686,breast-cancer-family-mother,GCST90042786,depression-trauma,-0.2139,0.1641,-1.3037,0.1923,0.0204,0.0053,1.0121,0.0071,0.0013,0.0048,1.0,0.36096536312849165
GCST90041886,breast-carcinoma-2,GCST90042685,intestinal-cancer-mother,0.0322,0.1414,0.2274,0.8201,0.0034,0.001,1.0086,0.0064,0.0004,0.0046,1.0,0.9009411764705884
GCST90255676,crc-cancer-2,GCST90041830,non-epithelial-carcinoma,0.1227,0.0491,2.4972,0.0125,0.0168,0.0027,1.0281,0.0125,-0.0102,0.0061,0.30928879174578505,0.037781109445277364
GCST90042669,depression-family-father,GCST006464,endometrial-carcinoma-2,0.0936,0.1619,0.5781,0.5632,0.0182,0.0045,1.0863,0.0097,0.0004,0.0063,1.0,0.7213540025412961
GCST90042844,anxiety-treatment-2,GCST005903,mdd-2,0.2419,0.0919,2.632,0.0085,0.0176,0.002,1.0,0.0071,0.0312,0.0047,0.22056764840285895,0.026943396226415096
GCST90043894,prostate-cancer-1,GCST90275158,schizophrenia-M1,0.1302,0.0722,1.8027,0.0714,0.1263,0.0132,1.0384,0.0086,-0.0136,0.0052,1.0,0.1681570093457944
GCST90042841,anxiety-medication,GCST90042670,prostate-cancer-father,0.0152,0.0887,0.1715,0.8639,0.0065,0.0013,1.0202,0.008,-0.0031,0.0044,1.0,0.9238048574445619
GCST90225527,anxiety-2,GCST004750,lung-cancer-squamous,0.0642,0.0977,0.6571,0.5111,0.056,0.0149,1.0384,0.0092,0.0082,0.0053,1.0,0.6816824851288831
GCST90225529,anxiety-others,GCST90042682,depression-family-mother,0.6794,0.0977,6.9518,3.6057e-12,0.0087,0.0012,1.0216,0.0077,0.0558,0.005,2.271267578007076e-10,2.774462290076336e-11
GCST004744,adenocarcinoma-lung,GCST90042699,intestinal-cancer-sibling,0.0768,0.1895,0.405,0.6855,0.0021,0.0011,1.0107,0.0062,0.0036,0.0047,1.0,0.8044051222351571
GCST90225529,anxiety-others,GCST90042673,intestinal-cancer-father,0.2453,0.2172,1.1293,0.2588,0.0017,0.0011,1.026,0.0071,0.0014,0.0056,1.0,0.4377020134228187
GCST005903,mdd-2,GCST006464,endometrial-carcinoma-2,0.2268,0.1178,1.926,0.0541,0.0185,0.0045,1.0854,0.0099,-0.0056,0.0054,1.0,0.13514944237918217
GCST90275154,mdd-sex-M1,GCST004748,lung-carcinoma-1,0.2317,0.0647,3.5783,0.0003,0.0835,0.0159,1.0506,0.0115,-0.0004,0.006,0.00986273900053093,0.0012047808764940238
GCST90011804,breast-carcinoma-1,GCST90275155,mdd-5,-0.0557,0.0571,-0.9751,0.3295,0.1186,0.0094,1.0294,0.0077,0.0036,0.0056,1.0,0.5177490257209665
GCST90042695,depression-family-sibling,GCST90042696,prostate-cancer-sibling,0.1093,0.213,0.5131,0.6079,0.0015,0.0011,1.0024,0.0063,0.0067,0.0049,1.0,0.7513957081545065
GCST90275149,ADHD-1,GCST90275151,autism-sex-M1,0.4502,0.0384,11.724,9.606099999999999e-32,0.1499,0.0116,1.0317,0.008,0.4788,0.0065,1.2785138029765077e-29,1.5617659354838709e-30
GCST90225527,anxiety-2,GCST90042860,crc-benign-neoplasm,0.2885,0.0883,3.2662,0.0011,0.0099,0.0014,1.0489,0.0089,0.0177,0.0051,0.03312776445312154,0.004046715328467154
GCST90275151,autism-sex-M1,GCST90042684,lung-cancer-family-mother,-0.0448,0.1149,-0.3895,0.6969,0.0037,0.0012,1.016,0.0067,0.0131,0.0056,1.0,0.8121067590987868
GCST006465,endometrial-carcinoma-1,GCST90011809,melanoma-1,-0.1547,0.1333,-1.1606,0.2458,0.0088,0.0024,1.0011,0.0106,0.0028,0.0056,1.0,0.4238946107784431
GCST90042778,anxiety-1,GCST90042786,depression-trauma,0.0189,0.2186,0.0864,0.9312,0.0206,0.0054,1.0119,0.0071,-0.0336,0.005,1.0,0.9629243076923077
GCST90042784,depression-postpartum,GCST90042670,prostate-cancer-father,0.2831,0.3355,0.844,0.3987,0.0065,0.0013,1.0201,0.0081,-0.0083,0.0044,1.0,0.5901462555066079
GCST005903,mdd-2,GCST90042673,intestinal-cancer-father,0.0277,0.1983,0.1396,0.889,0.0018,0.001,1.0239,0.0064,7.3255e-05,0.0048,1.0,0.9349107981220658
GCST004749,lung-carcinoma-smokers,GCST90011808,prostate-cancer-3,-0.0471,0.0871,-0.5414,0.5882,0.0339,0.0044,1.0496,0.0192,0.0099,0.0059,1.0,0.737444776119403
GCST003740,adenocarcinoma-barret-oesophagus,GCST009980,mdd-trauma,0.0793,0.0862,0.9198,0.3577,0.1087,0.0165,1.0004,0.0066,-0.0004,0.0049,1.0,0.5492179741051029
GCST004744,adenocarcinoma-lung,GCST90042695,depression-family-sibling,-0.0314,0.0786,-0.399,0.6899,0.0125,0.0015,1.018,0.0082,0.002,0.0048,1.0,0.8062831981460024
GCST90011804,breast-carcinoma-1,GCST90275156,schizo-age-sex-M1,0.0613,0.0629,0.9751,0.3295,0.1167,0.0116,1.0278,0.0078,-0.0069,0.0053,1.0,0.5177490257209665
GCST90042844,anxiety-treatment-2,GCST90042669,depression-family-father,0.8652,0.1204,7.1892,6.515e-13,0.0069,0.0014,1.0111,0.0069,0.0266,0.0054,4.2667174316675167e-11,5.212e-12
GCST90011816,cervical-cancer-2,GCST90013410,bcc-1,0.0549,0.083,0.6611,0.5085,0.0315,0.0044,1.0622,0.0172,0.0362,0.0055,1.0,0.6793479125248508
GCST004748,lung-carcinoma-1,GCST90011808,prostate-cancer-3,-0.0133,0.0688,-0.1939,0.8463,0.0345,0.0045,1.0487,0.0192,0.0082,0.0061,1.0,0.9128629213483146
GCST90011804,breast-carcinoma-1,GCST90011816,cervical-cancer-2,0.3752,0.1115,3.3642,0.0008,0.0087,0.0024,1.0169,0.0078,0.0272,0.0049,0.024864256011382438,0.0030372881355932206
GCST90042860,crc-benign-neoplasm,GCST90042699,intestinal-cancer-sibling,0.835,0.2344,3.5623,0.0004,0.0022,0.0011,1.0113,0.0062,0.0642,0.005,0.012994999942956765,0.0015874015748031497
GCST90225529,anxiety-others,GCST90275152,autism-1,0.2749,0.0669,4.1068,4.0116e-05,0.1631,0.0128,1.032,0.0089,0.0009,0.0057,0.001487776225828764,0.000181739002247191
GCST90042844,anxiety-treatment-2,GCST90275152,autism-1,0.2869,0.0781,3.6737,0.0002,0.1626,0.0127,1.0327,0.0087,-0.0092,0.0053,0.006722464328943011,0.0008211812627291243
GCST90042686,breast-cancer-family-mother,GCST90041830,non-epithelial-carcinoma,0.2195,0.09,2.4383,0.0148,0.0169,0.0027,1.028,0.0122,-0.0016,0.0054,0.3576193542134925,0.04368491947291362
GCST90042778,anxiety-1,GCST90043894,prostate-cancer-1,-0.0999,0.1401,-0.7129,0.4759,0.0254,0.0035,1.0434,0.014,0.0076,0.005,1.0,0.6531071477195372
GCST90042843,anxiety-treatment-1,GCST90137411,bcc-2,-0.0411,0.0526,-0.7817,0.4344,0.0701,0.0119,0.9733,0.0228,-0.0071,0.006,1.0,0.6189048763250884
GCST90042686,breast-cancer-family-mother,GCST90043874,skin-carcinoma-face,0.2514,0.1224,2.0529,0.0401,0.0083,0.0014,1.0233,0.0079,-0.0116,0.0051,0.861714013144478,0.1052625
GCST90275153,mdd-age-sex-M1,GCST004750,lung-cancer-squamous,0.242,0.086,2.814,0.0049,0.055,0.0146,1.04,0.0092,-0.001,0.0054,0.13410926143452725,0.016382089552238806
GCST90042784,depression-postpartum,GCST005902,depression-broad,0.4552,0.2205,2.0645,0.039,0.0574,0.0029,1.0383,0.0099,0.0309,0.0053,0.8435198851861492,0.10304
GCST009980,mdd-trauma,GCST005902,depression-broad,0.6969,0.0697,9.9951,1.601e-23,0.0573,0.0028,1.039,0.01,0.1405,0.0057,1.6617826122022454e-21,2.029947169811321e-22
GCST90275152,autism-1,GCST003769,depression-symptoms,0.3689,0.0508,7.2557,3.9947e-13,0.0384,0.0033,1.0159,0.0072,0.0062,0.006,2.6476759182973623e-11,3.2342631325301205e-12
GCST005903,mdd-2,GCST90042672,lung-cancer-family-father,0.2843,0.0831,3.421,0.0006,0.0132,0.0017,0.9977,0.0081,0.0141,0.005,0.01896971256040815,0.0023172413793103447
GCST004744,adenocarcinoma-lung,GCST90041830,non-epithelial-carcinoma,0.0845,0.07,1.2062,0.2277,0.0167,0.0027,1.0286,0.0124,0.0126,0.0059,1.0,0.40408654353562
GCST003740,adenocarcinoma-barret-oesophagus,GCST90042698,lung-cancer-family-sibling,0.3905,0.1499,2.6056,0.0092,0.0044,0.0014,1.0085,0.0067,2.06e-05,0.0054,0.2357664275365013,0.0288
GCST90275149,ADHD-1,GCST90042844,anxiety-treatment-2,0.033,0.0598,0.5517,0.5812,0.0272,0.0039,0.9985,0.0063,-0.0041,0.0051,1.0,0.732152808988764
GCST005902,depression-broad,GCST90275158,schizophrenia-M1,0.5962,0.0466,12.801,1.6176e-37,0.1283,0.0131,1.0363,0.0089,0.0127,0.0061,2.4492022131021206e-35,2.991817981651376e-36
GCST004744,adenocarcinoma-lung,GCST90041833,breast-neoplasm-2,0.1418,0.0847,1.675,0.0939,0.0088,0.0014,1.0357,0.0096,-0.0004,0.005,1.0,0.211275
GCST90275151,autism-sex-M1,GCST90043889,breast-neoplasm-1,-0.0878,0.0892,-0.9845,0.3249,0.0048,0.0011,1.0124,0.008,0.0025,0.005,1.0,0.513321630094044
GCST003769,depression-symptoms,GCST90013410,bcc-1,-0.0442,0.0482,-0.9176,0.3589,0.0322,0.0046,1.0645,0.0186,-0.0031,0.0062,1.0,0.5503756653992395
GCST009979,mdd-1,GCST90137411,bcc-2,-0.0394,0.0356,-1.1075,0.2681,0.0697,0.0121,0.9757,0.0236,-0.0067,0.0053,1.0,0.44891162790697675
GCST009980,mdd-trauma,GCST003769,depression-symptoms,0.6611,0.0936,7.0635,1.6242e-12,0.0384,0.0033,1.0157,0.0071,0.0424,0.0055,1.0511854200915678e-10,1.284073411764706e-11
GCST009981,mdd-notrauma,GCST90043894,prostate-cancer-1,0.0917,0.1246,0.7354,0.4621,0.0254,0.0035,1.0433,0.014,-0.0003,0.0051,1.0,0.6412905712319339
GCST90275147,ADHD-age-sex-M1,GCST90041833,breast-neoplasm-2,0.0605,0.0511,1.1829,0.2368,0.0086,0.0014,1.0372,0.01,-0.0107,0.0051,1.0,0.41543937554206417
GCST90255675,crc-cancer-1,GCST90011809,melanoma-1,0.0195,0.0555,0.3507,0.7258,0.009,0.0023,1.0005,0.0085,0.0091,0.0064,1.0,0.8362367999999999
GCST90042673,intestinal-cancer-father,GCST90041853,prostate-cancer-5,0.1106,0.2073,0.5338,0.5935,0.018,0.0029,1.03,0.0107,0.0035,0.0051,1.0,0.7404037059913527
GCST009980,mdd-trauma,GCST90042685,intestinal-cancer-mother,0.0578,0.176,0.3281,0.7429,0.0034,0.001,1.0087,0.0064,-0.0019,0.0048,1.0,0.8470158013544018
GCST90275151,autism-sex-M1,GCST90275155,mdd-5,0.617,0.0425,14.5056,1.1169e-47,0.1194,0.0091,1.0286,0.0076,0.4209,0.0061,2.0946507504643504e-45,2.558716363636364e-46
GCST90041886,breast-carcinoma-2,GCST009981,mdd-notrauma,0.0842,0.1605,0.5244,0.6,0.0298,0.0093,1.0168,0.0066,0.0018,0.0049,1.0,0.7452865064695009
GCST90275150,autism-age-sex-M1,GCST005902,depression-broad,0.4027,0.0426,9.4589,3.1133999999999996e-21,0.0576,0.0028,1.0379,0.0097,0.0021,0.0061,3.040382466535504e-19,3.713973017751479e-20
GCST90042778,anxiety-1,GCST90042860,crc-benign-neoplasm,0.0871,0.1462,0.5956,0.5514,0.0099,0.0013,1.0489,0.0093,0.0132,0.0051,1.0,0.7103018530351437
GCST90042843,anxiety-treatment-1,GCST004750,lung-cancer-squamous,0.0148,0.0922,0.1602,0.8728,0.0557,0.0151,1.0385,0.0096,-0.0032,0.0049,1.0,0.9246267997898056
GCST90042686,breast-cancer-family-mother,GCST90013410,bcc-1,0.2506,0.0723,3.4651,0.0005,0.0316,0.0044,1.0622,0.0173,0.0032,0.0053,0.015991908844530126,0.0019534883720930232
GCST90011816,cervical-cancer-2,GCST90042685,intestinal-cancer-mother,0.1706,0.1753,0.9732,0.3304,0.0035,0.0011,1.0074,0.0066,-0.0087,0.005,1.0,0.5183551750972762
GCST003769,depression-symptoms,GCST90041830,non-epithelial-carcinoma,-0.0381,0.0618,-0.6165,0.5376,0.0171,0.0029,1.0298,0.0134,0.0043,0.0056,1.0,0.7017506796116504
GCST90275152,autism-1,GCST90041833,breast-neoplasm-2,0.0256,0.0659,0.3889,0.6973,0.0087,0.0014,1.037,0.01,-0.0034,0.0055,1.0,0.8121067590987868
GCST003740,adenocarcinoma-barret-oesophagus,GCST90275147,ADHD-age-sex-M1,0.2038,0.05,4.0744,4.6141e-05,0.2392,0.0135,1.0725,0.0087,-0.0128,0.0061,0.0016997654270252665,0.00020763449999999998
GCST005903,mdd-2,GCST90042669,depression-family-father,0.553,0.1082,5.1114,3.198e-07,0.007,0.0014,1.0108,0.0069,0.0335,0.005,1.4909229510825191e-05,1.8212338983050847e-06
GCST90225529,anxiety-others,GCST90275158,schizophrenia-M1,0.4404,0.0813,5.4178,6.0327e-08,0.1272,0.0128,1.0376,0.0088,0.0097,0.0057,2.954349226052273e-06,3.6088792878338276e-07
GCST005902,depression-broad,GCST90137411,bcc-2,-0.0394,0.0306,-1.285,0.1988,0.07,0.0121,0.9746,0.0232,-0.0012,0.0059,1.0,0.3691058823529412
GCST90275158,schizophrenia-M1,GCST90013410,bcc-1,-0.013,0.0517,-0.2519,0.8011,0.0317,0.0044,1.062,0.0172,0.0004,0.0057,1.0,0.8869957166392092
GCST005903,mdd-2,GCST90275155,mdd-5,0.7532,0.0736,10.2363,1.3634e-24,0.1183,0.0094,1.0301,0.0075,0.0079,0.0052,1.4901375040548748e-22,1.8202744370860927e-23
GCST003740,adenocarcinoma-barret-oesophagus,GCST90011804,breast-carcinoma-1,0.0759,0.063,1.2034,0.2288,0.0272,0.0039,1.0609,0.0138,-0.0005,0.0059,1.0,0.4053258347978911
GCST009980,mdd-trauma,GCST90011808,prostate-cancer-3,-0.0174,0.0781,-0.2223,0.8241,0.0335,0.0046,1.0525,0.0194,0.0011,0.0048,1.0,0.9015726829268292
GCST90042700,breast-cancer-family-siblings,GCST90275154,mdd-sex-M1,0.0469,0.1099,0.4267,0.6696,0.1177,0.0095,1.0285,0.0075,-0.0011,0.0051,1.0,0.7981787234042553
GCST90011804,breast-carcinoma-1,GCST90275154,mdd-sex-M1,-0.0414,0.0571,-0.7247,0.4687,0.1182,0.0093,1.0279,0.0076,0.0023,0.0055,1.0,0.6467482546201232
GCST90255676,crc-cancer-2,GCST90042669,depression-family-father,-0.0765,0.0653,-1.1714,0.2414,0.0069,0.0013,1.0112,0.0067,0.0021,0.0056,1.0,0.42024641932700607
GCST90275151,autism-sex-M1,GCST90042696,prostate-cancer-sibling,-0.1637,0.1757,-0.9315,0.3516,0.0014,0.0011,1.0029,0.0063,0.0108,0.005,1.0,0.5439950882578665
GCST90043889,breast-neoplasm-1,GCST006465,endometrial-carcinoma-1,0.353,0.1857,1.9015,0.0572,0.0344,0.0098,1.0751,0.009,-0.0014,0.0056,1.0,0.1409721271393643
GCST90042786,depression-trauma,GCST90042696,prostate-cancer-sibling,0.3212,0.3931,0.817,0.4139,0.0015,0.0011,1.0021,0.0063,-0.0055,0.0046,1.0,0.6048
GCST90275152,autism-1,GCST90011816,cervical-cancer-2,0.0549,0.0968,0.5669,0.5708,0.0086,0.0024,1.0181,0.0079,0.0082,0.0051,1.0,0.7254805293005672
GCST90042669,depression-family-father,GCST004749,lung-carcinoma-smokers,-0.3141,0.1208,-2.6006,0.0093,0.1093,0.0265,1.0449,0.0098,0.006,0.005,0.2375912450870934,0.029022910216718264
GCST90225527,anxiety-2,GCST90225529,anxiety-others,0.9766,0.0109,89.8444,0.0,0.0088,0.001,1.017,0.0072,0.9183,0.0068,0.0,0.0
GCST004744,adenocarcinoma-lung,GCST90042700,breast-cancer-family-siblings,0.2391,0.1268,1.8859,0.0593,0.0041,0.0013,1.0086,0.0068,0.0008,0.0048,1.0,0.1456136419001218
GCST90275154,mdd-sex-M1,GCST90042699,intestinal-cancer-sibling,0.5076,0.181,2.8039,0.005,0.0022,0.0011,1.011,0.0062,-0.0017,0.0048,0.13616872877520703,0.016633663366336635
GCST90225527,anxiety-2,GCST90043889,breast-neoplasm-1,0.0588,0.1127,0.5215,0.602,0.0049,0.0011,1.0119,0.0081,-0.0005,0.0047,1.0,0.7468504615384616
GCST90255676,crc-cancer-2,GCST90042670,prostate-cancer-father,0.055,0.0737,0.746,0.4557,0.0066,0.0013,1.0188,0.008,-0.0081,0.0068,1.0,0.6353327800829875
GCST90275154,mdd-sex-M1,GCST90042682,depression-family-mother,0.5724,0.0732,7.8215,5.2211e-15,0.0089,0.0013,1.0202,0.0077,0.0161,0.0056,3.864000297612461e-13,4.720061704035874e-14
GCST90275147,ADHD-age-sex-M1,GCST90042786,depression-trauma,0.2328,0.0863,2.6977,0.007,0.0199,0.0054,1.0131,0.0071,0.0008,0.0055,0.18454560621866717,0.022543130990415338
GCST90275151,autism-sex-M1,GCST90042699,intestinal-cancer-sibling,0.2894,0.1708,1.6938,0.0903,0.0022,0.0011,1.0111,0.0062,-0.0051,0.0048,1.0,0.20408609865470853
GCST90042844,anxiety-treatment-2,GCST90042698,lung-cancer-family-sibling,-0.0185,0.1501,-0.1234,0.9018,0.0043,0.0014,1.0091,0.0067,-0.0047,0.0047,1.0,0.9434503373118839
GCST90225529,anxiety-others,GCST90011804,breast-carcinoma-1,0.0127,0.0736,0.1726,0.863,0.0272,0.0039,1.0611,0.014,0.004,0.0054,1.0,0.9234649681528663
GCST90275148,ADHD-sex-M1,GCST90042670,prostate-cancer-father,-0.1282,0.0696,-1.8413,0.0656,0.0065,0.0013,1.0205,0.0083,-0.007,0.0057,1.0,0.15819330143540672
GCST90011804,breast-carcinoma-1,GCST006465,endometrial-carcinoma-1,0.3001,0.1244,2.4117,0.0159,0.0358,0.0101,1.0732,0.009,-0.0008,0.0058,0.38196220356350213,0.0466585152838428
GCST90042843,anxiety-treatment-1,GCST90042698,lung-cancer-family-sibling,0.0055,0.1313,0.0418,0.9667,0.0043,0.0014,1.0091,0.0067,-0.0037,0.0049,1.0,0.9817747865394275
GCST90275150,autism-age-sex-M1,GCST90042670,prostate-cancer-father,0.0935,0.0827,1.1307,0.2582,0.0065,0.0013,1.0205,0.0083,-0.0089,0.0054,1.0,0.4377020134228187
GCST90225529,anxiety-others,GCST90275150,autism-age-sex-M1,0.2728,0.0708,3.8521,0.0001,0.1446,0.0117,1.0326,0.0085,0.0035,0.0056,0.0034598846808291594,0.00042264150943396227
GCST009979,mdd-1,GCST90011808,prostate-cancer-3,0.0221,0.0563,0.3929,0.6944,0.0335,0.0046,1.0523,0.0196,-0.0059,0.0056,1.0,0.8101333333333334
GCST90042673,intestinal-cancer-father,GCST90137412,squamous-carcinoma,0.065,0.0924,0.703,0.4821,0.0961,0.0108,0.7865,0.0186,0.0003,0.0057,1.0,0.6584780487804878
GCST90275152,autism-1,GCST90041886,breast-carcinoma-2,-0.0836,0.0611,-1.3684,0.1712,0.0079,0.0015,1.0415,0.0104,0.0067,0.005,1.0,0.330910067114094
GCST90042686,breast-cancer-family-mother,GCST90275158,schizophrenia-M1,-0.0977,0.0876,-1.1156,0.2646,0.1264,0.0132,1.0383,0.0087,4.7803e-05,0.0047,1.0,0.4441578684429642
GCST90275148,ADHD-sex-M1,GCST90042786,depression-trauma,0.2308,0.0873,2.6432,0.0082,0.0199,0.0054,1.0131,0.0071,0.0015,0.0056,0.2141296351359996,0.02615696202531646
GCST90225529,anxiety-others,GCST003769,depression-symptoms,0.7352,0.0696,10.5686,4.1647999999999997e-26,0.0384,0.0034,1.0155,0.0075,0.0598,0.0055,4.773222306825099e-24,5.830719999999999e-25
GCST90275148,ADHD-sex-M1,GCST90041886,breast-carcinoma-2,0.0286,0.0571,0.501,0.6164,0.0079,0.0015,1.0417,0.0104,-0.0044,0.0056,1.0,0.7594790470372633
GCST90042686,breast-cancer-family-mother,GCST005902,depression-broad,0.0136,0.0585,0.2323,0.8163,0.0574,0.0029,1.0385,0.01,-0.0035,0.0055,1.0,0.8992681967213115
GCST003740,adenocarcinoma-barret-oesophagus,GCST90225528,anxiety-any,0.0731,0.0618,1.1822,0.2371,0.0092,0.001,1.0156,0.0073,0.0033,0.0047,1.0,0.41543937554206417
GCST009981,mdd-notrauma,GCST90137412,squamous-carcinoma,0.1254,0.0797,1.5722,0.1159,0.0959,0.0109,0.7881,0.0191,0.0037,0.0058,1.0,0.25011336898395725
GCST90042860,crc-benign-neoplasm,GCST90042672,lung-cancer-family-father,0.353,0.0791,4.4629,8.0842e-06,0.0132,0.0018,0.9978,0.0081,0.0038,0.005,0.0003238320552047108,3.955763883495145e-05
GCST006464,endometrial-carcinoma-2,GCST90042673,intestinal-cancer-father,-0.0592,0.351,-0.1688,0.866,0.0013,0.0011,1.0299,0.0077,-0.0019,0.0055,1.0,0.9238048574445619
GCST90225528,anxiety-any,GCST90275153,mdd-age-sex-M1,0.5549,0.0732,7.5764,3.5526e-14,0.1095,0.0093,1.0189,0.0078,0.0036,0.0053,2.5381327589884077e-12,3.100450909090909e-13
GCST90225529,anxiety-others,GCST90041853,prostate-cancer-5,0.0712,0.0863,0.8259,0.4089,0.018,0.003,1.0301,0.0114,0.0094,0.0058,1.0,0.6003950473415878
GCST90275148,ADHD-sex-M1,GCST90255676,crc-cancer-2,0.1807,0.0363,4.9824,6.2806e-07,0.087,0.0095,1.1564,0.0197,-0.0001,0.0065,2.8398033900000687e-05,3.468956054794521e-06
GCST90225529,anxiety-others,GCST90042669,depression-family-father,0.581,0.1081,5.3751,7.6526e-08,0.007,0.0013,1.0109,0.007,0.0561,0.0051,3.714583277517885e-06,4.537541647058824e-07
GCST004744,adenocarcinoma-lung,GCST90011804,breast-carcinoma-1,0.1395,0.0723,1.9287,0.0538,0.0264,0.0039,1.0637,0.0137,0.0036,0.0053,1.0,0.13473391304347826
GCST90042844,anxiety-treatment-2,GCST009979,mdd-1,0.6907,0.0677,10.2092,1.8030000000000002e-24,0.078,0.0059,1.0181,0.0076,0.154,0.0052,1.9576368960119627e-22,2.391347368421053e-23
GCST90011804,breast-carcinoma-1,GCST90042682,depression-family-mother,0.0859,0.082,1.0474,0.2949,0.0088,0.0012,1.0209,0.0081,-0.0034,0.005,1.0,0.4817815235008104
GCST90137411,bcc-2,GCST90011809,melanoma-1,0.6869,0.0765,8.9752,2.8272e-19,0.0074,0.0017,1.0045,0.0082,0.138,0.0091,2.4818680359140294e-17,3.03172085106383e-18
GCST90042860,crc-benign-neoplasm,GCST90137411,bcc-2,-0.0596,0.0445,-1.3394,0.1804,0.0701,0.0119,0.9732,0.0228,0.0384,0.0058,1.0,0.3450535104364326
GCST90042686,breast-cancer-family-mother,GCST006465,endometrial-carcinoma-1,0.0966,0.1709,0.5655,0.5717,0.0344,0.0098,1.0751,0.009,0.0115,0.006,1.0,0.7257853904282116
GCST005903,mdd-2,GCST90042698,lung-cancer-family-sibling,0.4929,0.1482,3.3255,0.0009,0.0043,0.0014,1.0092,0.0068,0.0071,0.0044,0.027659748481935906,0.0033787709497206703
GCST90225529,anxiety-others,GCST90042686,breast-cancer-family-mother,0.0162,0.098,0.1654,0.8686,0.0064,0.0014,1.0255,0.0092,-0.0051,0.0052,1.0,0.9240620580474934
GCST009979,mdd-1,GCST004750,lung-cancer-squamous,0.1374,0.106,1.2956,0.1951,0.0541,0.0146,1.041,0.0093,0.0094,0.0058,1.0,0.36486233766233767
GCST90275150,autism-age-sex-M1,GCST90042684,lung-cancer-family-mother,-0.0286,0.1172,-0.244,0.8072,0.0037,0.0012,1.016,0.0067,0.0123,0.0056,1.0,0.8931477497255764
GCST90275152,autism-1,GCST90013410,bcc-1,-0.0523,0.0527,-0.991,0.3217,0.0317,0.0044,1.0619,0.0172,-0.0001,0.0058,1.0,0.5102653029110936
GCST90042841,anxiety-medication,GCST006464,endometrial-carcinoma-2,0.0283,0.1165,0.2431,0.8079,0.0182,0.0045,1.0862,0.0098,0.0023,0.0059,1.0,0.8934319253976961
GCST90275147,ADHD-age-sex-M1,GCST90011804,breast-carcinoma-1,0.0148,0.0465,0.319,0.7498,0.027,0.004,1.0623,0.0138,-0.005,0.0061,1.0,0.8490744525547446
GCST90043889,breast-neoplasm-1,GCST90042684,lung-cancer-family-mother,0.2124,0.1759,1.2071,0.2274,0.0036,0.0012,1.0165,0.0066,0.0001,0.0044,1.0,0.40391048458149775
GCST005903,mdd-2,GCST003769,depression-symptoms,0.7924,0.0644,12.2957,9.5512e-35,0.0387,0.0033,1.015,0.0071,0.0933,0.0046,1.394952753876674e-32,1.704001699115044e-33
GCST90042695,depression-family-sibling,GCST004750,lung-cancer-squamous,0.0573,0.1064,0.5388,0.59,0.0556,0.0152,1.0386,0.0096,-0.0007,0.0056,1.0,0.7383240223463687
GCST90041886,breast-carcinoma-2,GCST90275155,mdd-5,-0.0862,0.0722,-1.1939,0.2325,0.1181,0.0095,1.0302,0.0075,0.0034,0.0055,1.0,0.40989650349650353
GCST90011816,cervical-cancer-2,GCST90275154,mdd-sex-M1,0.3072,0.0983,3.1242,0.0018,0.1184,0.0093,1.0277,0.0079,0.0018,0.005,0.05267122317304816,0.006434042553191489
GCST90042695,depression-family-sibling,GCST90042698,lung-cancer-family-sibling,0.178,0.1283,1.3873,0.1653,0.0043,0.0014,1.0091,0.0067,0.0008,0.0049,1.0,0.324168093385214
GCST90042698,lung-cancer-family-sibling,GCST90013410,bcc-1,0.0699,0.0912,0.7662,0.4436,0.0316,0.0044,1.0621,0.0173,0.0089,0.0054,1.0,0.625382937062937
GCST90043894,prostate-cancer-1,GCST90042696,prostate-cancer-sibling,0.9915,0.3858,2.5698,0.0102,0.0015,0.0011,1.0022,0.0063,0.0684,0.0058,0.2581859344494815,0.03153865030674847
GCST90042784,depression-postpartum,GCST90042696,prostate-cancer-sibling,0.1042,0.6465,0.1612,0.8719,0.0014,0.0011,1.0023,0.0063,0.0042,0.0047,1.0,0.9246267997898056
GCST90275147,ADHD-age-sex-M1,GCST90042699,intestinal-cancer-sibling,0.5354,0.1606,3.3333,0.0009,0.0022,0.0011,1.011,0.0062,0.0041,0.0058,0.027659748481935906,0.0033787709497206703
GCST004749,lung-carcinoma-smokers,GCST90042670,prostate-cancer-father,-0.1735,0.1187,-1.4616,0.1439,0.0065,0.0013,1.0195,0.0083,0.0018,0.0053,1.0,0.29552960325534083
GCST90042698,lung-cancer-family-sibling,GCST90042696,prostate-cancer-sibling,0.1513,0.3725,0.4063,0.6846,0.0015,0.0011,1.0024,0.0063,0.0275,0.005,1.0,0.8044051222351571
GCST90275151,autism-sex-M1,GCST009979,mdd-1,0.4672,0.0565,8.2764,1.2692e-16,0.0781,0.0061,1.0184,0.0075,0.0041,0.0057,1.0369521033689564e-14,1.2666867326732673e-15
GCST003769,depression-symptoms,GCST90043874,skin-carcinoma-face,-0.0672,0.0787,-0.8531,0.3936,0.0085,0.0015,1.024,0.0083,0.0047,0.0058,1.0,0.5864727272727273
GCST90011804,breast-carcinoma-1,GCST90255676,crc-cancer-2,0.0521,0.0507,1.0278,0.304,0.0858,0.0094,1.1606,0.0208,0.0138,0.0065,1.0,0.49265594855305467
GCST90043889,breast-neoplasm-1,GCST90041830,non-epithelial-carcinoma,0.0904,0.0946,0.9556,0.3393,0.0169,0.0027,1.0279,0.0122,0.0125,0.0055,1.0,0.5286157650695518
GCST90042786,depression-trauma,GCST90137411,bcc-2,0.0684,0.0773,0.8852,0.376,0.0701,0.0119,0.9732,0.0229,-0.0048,0.0061,1.0,0.5678299401197605
GCST90042700,breast-cancer-family-siblings,GCST90042786,depression-trauma,-0.2589,0.2119,-1.2221,0.2217,0.0205,0.0053,1.0121,0.0071,0.0071,0.0046,1.0,0.39552849557522124
GCST003769,depression-symptoms,GCST90137412,squamous-carcinoma,0.2304,0.0435,5.2978,1.1723e-07,0.0966,0.0119,0.795,0.02,0.0293,0.0058,5.640591489817153e-06,6.89025306122449e-07
GCST90275151,autism-sex-M1,GCST90013410,bcc-1,-0.055,0.0557,-0.9868,0.3237,0.0317,0.0044,1.0619,0.0172,-0.0002,0.0058,1.0,0.5121430588235294
GCST90042786,depression-trauma,GCST006464,endometrial-carcinoma-2,0.1505,0.1874,0.8029,0.422,0.0181,0.0045,1.0862,0.0097,0.0022,0.0056,1.0,0.6101470967741935
GCST009980,mdd-trauma,GCST005903,mdd-2,0.6953,0.1026,6.7745,1.2484e-11,0.0172,0.0021,1.0014,0.0068,0.047,0.0045,7.519400207868531e-10,9.18530802919708e-11
GCST004744,adenocarcinoma-lung,GCST90137412,squamous-carcinoma,0.3495,0.0472,7.401,1.3517e-13,0.0952,0.0107,0.7881,0.0188,0.0145,0.0058,9.180240167521075e-12,1.1214103703703703e-12
GCST009979,mdd-1,GCST90041830,non-epithelial-carcinoma,-0.0274,0.0552,-0.4971,0.6191,0.0169,0.0027,1.028,0.0122,-0.0026,0.0055,1.0,0.7601130328867234
GCST90275147,ADHD-age-sex-M1,GCST90041853,prostate-cancer-5,-0.0427,0.0618,-0.6901,0.4901,0.0178,0.0029,1.0305,0.0108,-0.0024,0.006,1.0,0.6635605104096709
GCST90275155,mdd-5,GCST90042669,depression-family-father,0.4981,0.0874,5.7017,1.1863e-08,0.007,0.0014,1.0108,0.0072,0.0022,0.0051,6.315574164212453e-07,7.714776774193548e-08
GCST90042685,intestinal-cancer-mother,GCST90042673,intestinal-cancer-father,1.4672,0.5311,2.7626,0.0057,0.0018,0.001,1.0241,0.0064,0.0164,0.0054,0.15246483725618157,0.018624311183144247
GCST90042669,depression-family-father,GCST90013410,bcc-1,0.0964,0.0685,1.4076,0.1593,0.0316,0.0044,1.0622,0.0173,-0.0055,0.0053,1.0,0.3164027586206897
GCST90042860,crc-benign-neoplasm,GCST90255675,crc-cancer-1,0.8149,0.0575,14.1748,1.313e-45,0.0862,0.0092,1.1792,0.023,0.1112,0.0115,2.28097814261893e-43,2.7863242105263157e-44
GCST004744,adenocarcinoma-lung,GCST90011816,cervical-cancer-2,0.3991,0.1342,2.9729,0.0029,0.009,0.0025,1.0152,0.008,0.0031,0.0052,0.08153421599643912,0.009959795570698466
GCST003740,adenocarcinoma-barret-oesophagus,GCST90275155,mdd-5,0.1599,0.0562,2.8452,0.0044,0.1188,0.0092,1.0292,0.0076,-0.0063,0.0056,0.12122881415900234,0.014808681135225377
GCST90225528,anxiety-any,GCST90042700,breast-cancer-family-siblings,-0.09,0.139,-0.6474,0.5174,0.004,0.0012,1.0108,0.0067,0.0036,0.0052,1.0,0.6871399209486166
GCST90042778,anxiety-1,GCST90042841,anxiety-medication,0.8873,0.1175,7.5491,4.3822e-14,0.0394,0.004,1.0073,0.0078,0.4713,0.0056,3.0733852146869437e-12,3.754287457627119e-13
GCST90275147,ADHD-age-sex-M1,GCST009979,mdd-1,0.4198,0.0461,9.101,8.9503e-20,0.0781,0.006,1.0184,0.0075,0.0146,0.0057,8.027859671010671e-18,9.806415652173915e-19
GCST90275155,mdd-5,GCST90042682,depression-family-mother,0.5789,0.0732,7.9047,2.6851e-15,0.0089,0.0013,1.0202,0.0077,0.0152,0.0056,2.0051561276234467e-13,2.4493943891402714e-14
GCST90042684,lung-cancer-family-mother,GCST004748,lung-carcinoma-1,1.2264,0.2255,5.4395,5.3435e-08,0.0841,0.0167,1.0497,0.0119,0.0049,0.0062,2.6403369277811564e-06,3.225298203592814e-07
GCST90042673,intestinal-cancer-father,GCST90043894,prostate-cancer-1,0.1412,0.183,0.7714,0.4405,0.0254,0.0035,1.0432,0.014,0.0015,0.005,1.0,0.6231915789473684
GCST90042844,anxiety-treatment-2,GCST90275156,schizo-age-sex-M1,0.2199,0.087,2.5272,0.0115,0.1137,0.0122,1.0311,0.008,0.0029,0.0059,0.28712855395897663,0.03507413010590015
GCST90011816,cervical-cancer-2,GCST004748,lung-carcinoma-1,0.3194,0.126,2.5341,0.0113,0.0837,0.0165,1.0498,0.0117,0.0033,0.0054,0.28385273086966895,0.034673972602739724
GCST90043889,breast-neoplasm-1,GCST90275154,mdd-sex-M1,-0.0924,0.0859,-1.0764,0.2817,0.1178,0.0095,1.0285,0.0075,0.0043,0.005,1.0,0.46561179361179356
GCST005902,depression-broad,GCST90275155,mdd-5,0.6924,0.0407,17.0107,6.8363999999999995e-65,0.118,0.0094,1.0304,0.0075,0.0221,0.0061,1.912297497707417e-62,2.3359631186440676e-63
GCST90275155,mdd-5,GCST90043874,skin-carcinoma-face,0.0616,0.0728,0.8459,0.3976,0.0084,0.0014,1.0233,0.0081,-0.0032,0.0051,1.0,0.5889504775900074
GCST90042682,depression-family-mother,GCST90042669,depression-family-father,1.0417,0.1223,8.5187,1.6134e-17,0.0069,0.0014,1.011,0.0069,0.0526,0.0054,1.3380396378450947e-15,1.6344795979899498e-16
GCST90225529,anxiety-others,GCST009980,mdd-trauma,0.724,0.1168,6.1995,5.6649e-10,0.1009,0.0175,1.004,0.0071,0.0285,0.0048,3.3035875079366374e-08,4.035490600706714e-09
GCST90042778,anxiety-1,GCST90275153,mdd-age-sex-M1,0.4925,0.154,3.1974,0.0014,0.1075,0.0092,1.0213,0.0074,0.0088,0.0048,0.04140700698669736,0.005058064516129032
GCST90275156,schizo-age-sex-M1,GCST90137411,bcc-2,-0.0237,0.0481,-0.4931,0.622,0.0698,0.0121,0.976,0.0236,-0.0023,0.0051,1.0,0.7619672131147541
GCST90275148,ADHD-sex-M1,GCST005902,depression-broad,0.4361,0.0367,11.8687,1.7213e-32,0.0576,0.0028,1.0379,0.0097,0.0115,0.0066,2.407434967822083e-30,2.9407972881355933e-31
GCST90275149,ADHD-1,GCST90275152,autism-1,0.4511,0.0381,11.8509,2.1286e-32,0.1633,0.0124,1.0316,0.0083,0.4956,0.0067,2.927472436316147e-30,3.576048e-31
GCST90275149,ADHD-1,GCST90042670,prostate-cancer-father,-0.1398,0.07,-1.9974,0.0458,0.0065,0.0013,1.0205,0.0083,-0.0065,0.0057,0.9616630619364162,0.11747175572519084
GCST90255676,crc-cancer-2,GCST90042695,depression-family-sibling,-0.0037,0.0588,-0.0634,0.9495,0.0126,0.0015,1.0184,0.008,0.0004,0.0064,1.0,0.9746395112016294
GCST90042685,intestinal-cancer-mother,GCST90043874,skin-carcinoma-face,0.2208,0.1492,1.4796,0.139,0.0083,0.0014,1.0232,0.0079,-0.0026,0.005,1.0,0.2888907216494846
GCST90042778,anxiety-1,GCST90041830,non-epithelial-carcinoma,0.0689,0.1149,0.5995,0.5488,0.0169,0.0027,1.0279,0.0122,0.0021,0.0048,1.0,0.7092184615384615
GCST90042682,depression-family-mother,GCST90043874,skin-carcinoma-face,0.0007,0.0978,0.007,0.9944,0.0083,0.0014,1.0232,0.0079,-0.0078,0.0051,1.0,0.9969726504226754
GCST90042682,depression-family-mother,GCST90042673,intestinal-cancer-father,0.1683,0.2285,0.7365,0.4614,0.0018,0.001,1.0241,0.0064,0.0111,0.0052,1.0,0.6412905712319339
GCST90275149,ADHD-1,GCST90042843,anxiety-treatment-1,0.1301,0.0608,2.139,0.0324,0.0363,0.0043,1.0001,0.007,0.0112,0.0059,0.7245504846243699,0.08850731707317074
GCST90255676,crc-cancer-2,GCST006464,endometrial-carcinoma-2,0.1916,0.1064,1.8009,0.0717,0.0189,0.0047,1.0837,0.0095,0.056,0.0076,1.0,0.16866651108518085
GCST90275153,mdd-age-sex-M1,GCST90013410,bcc-1,0.0391,0.0469,0.8351,0.4037,0.0316,0.0044,1.0623,0.0172,-0.0107,0.0054,1.0,0.5956564740307242
GCST90042698,lung-cancer-family-sibling,GCST90043894,prostate-cancer-1,-0.0289,0.1424,-0.2027,0.8394,0.0254,0.0035,1.0432,0.014,0.0003,0.0051,1.0,0.9069839228295821
GCST90042700,breast-cancer-family-siblings,GCST90042695,depression-family-sibling,-0.0152,0.1217,-0.1251,0.9004,0.0126,0.0015,1.018,0.0079,0.0059,0.005,1.0,0.94247476635514
GCST005903,mdd-2,GCST004748,lung-carcinoma-1,0.2053,0.0727,2.8249,0.0047,0.0825,0.0163,1.0516,0.0115,0.0075,0.0053,0.1290634852903643,0.015765723793677206
GCST90011808,prostate-cancer-3,GCST90041830,non-epithelial-carcinoma,0.0658,0.0655,1.0042,0.3153,0.0169,0.0025,1.0273,0.0123,0.0198,0.006,1.0,0.5036805071315372
GCST003769,depression-symptoms,GCST004748,lung-carcinoma-1,0.2116,0.0666,3.1784,0.0015,0.0816,0.0165,1.0579,0.0123,0.0125,0.0063,0.044206205163093995,0.0054
GCST004748,lung-carcinoma-1,GCST90137412,squamous-carcinoma,0.4271,0.0431,9.918,3.4753e-23,0.0959,0.0108,0.7881,0.0186,0.0206,0.0065,3.562430720076535e-21,4.35168e-22
GCST90042669,depression-family-father,GCST90042699,intestinal-cancer-sibling,-0.0387,0.2276,-0.1701,0.8649,0.0022,0.0011,1.0114,0.0062,0.0044,0.0049,1.0,0.9238048574445619
GCST90225528,anxiety-any,GCST90011804,breast-carcinoma-1,-0.0274,0.0729,-0.3755,0.7073,0.0272,0.0039,1.0611,0.014,0.0064,0.0053,1.0,0.8194924137931036
GCST003740,adenocarcinoma-barret-oesophagus,GCST90011816,cervical-cancer-2,0.0935,0.1091,0.8574,0.3912,0.0091,0.0025,1.016,0.008,-0.003,0.005,1.0,0.583759585492228
GCST90275153,mdd-age-sex-M1,GCST004748,lung-carcinoma-1,0.2398,0.0685,3.5007,0.0005,0.0835,0.0159,1.0506,0.0115,-0.0028,0.006,0.015991908844530126,0.0019534883720930232
GCST90011804,breast-carcinoma-1,GCST005902,depression-broad,0.0576,0.0395,1.4586,0.1447,0.0577,0.0029,1.0369,0.0104,-0.0044,0.0054,1.0,0.29615756345177663
GCST90042784,depression-postpartum,GCST90042682,depression-family-mother,0.4415,0.3206,1.377,0.1685,0.0089,0.0013,1.0202,0.0077,0.004,0.0048,1.0,0.32789189189189194
GCST90042686,breast-cancer-family-mother,GCST90042684,lung-cancer-family-mother,0.0767,0.1537,0.4992,0.6176,0.0036,0.0012,1.0165,0.0066,0.0094,0.0045,1.0,0.7596878048780488
GCST90011804,breast-carcinoma-1,GCST90043889,breast-neoplasm-1,0.9212,0.0631,14.5939,3.072e-48,0.0048,0.001,1.0122,0.0081,0.5684,0.0093,5.9646132444057925e-46,7.286061176470588e-47
GCST90013410,bcc-1,GCST90041830,non-epithelial-carcinoma,0.9872,0.0202,48.7931,0.0,0.0169,0.0027,1.0278,0.0122,0.6239,0.0136,0.0,0.0
GCST003740,adenocarcinoma-barret-oesophagus,GCST004750,lung-cancer-squamous,0.1139,0.1153,0.9884,0.3229,0.0538,0.0145,1.0413,0.0092,0.032,0.0056,1.0,0.5117660377358492
GCST90041833,breast-neoplasm-2,GCST90042685,intestinal-cancer-mother,0.0077,0.1404,0.055,0.9561,0.0034,0.001,1.0086,0.0064,-0.0013,0.0044,1.0,0.9759481518987342
GCST009980,mdd-trauma,GCST004749,lung-carcinoma-smokers,0.0683,0.1075,0.6358,0.5249,0.1048,0.0267,1.0483,0.0096,0.01,0.0051,1.0,0.6925382198952881
GCST90011816,cervical-cancer-2,GCST003769,depression-symptoms,0.3833,0.0968,3.958,7.5587e-05,0.0384,0.0035,1.0154,0.0075,-0.0067,0.0053,0.002700132872454776,0.0003298341818181818
GCST005903,mdd-2,GCST006465,endometrial-carcinoma-1,0.1521,0.1272,1.1959,0.2317,0.0351,0.0098,1.0746,0.009,-0.0019,0.0052,1.0,0.4090255691768826
GCST90041853,prostate-cancer-5,GCST90275156,schizo-age-sex-M1,0.1321,0.0799,1.6536,0.0982,0.1135,0.0122,1.0314,0.008,-0.0084,0.0048,1.0,0.219480266075388
GCST90042696,prostate-cancer-sibling,GCST90011809,melanoma-1,-0.3225,0.2616,-1.2329,0.2176,0.0088,0.0023,1.0018,0.0089,0.0106,0.0049,1.0,0.3923806797853309
GCST90275153,mdd-age-sex-M1,GCST90011809,melanoma-1,-0.1154,0.08,-1.4426,0.1491,0.0089,0.0023,1.0013,0.0089,-4.0726e-05,0.0049,1.0,0.3024
GCST004744,adenocarcinoma-lung,GCST90042669,depression-family-father,-0.1207,0.1071,-1.1274,0.2596,0.0068,0.0014,1.0138,0.0071,0.0017,0.0053,1.0,0.43868700754400675
GCST90042786,depression-trauma,GCST90275158,schizophrenia-M1,-0.0043,0.1091,-0.0391,0.9688,0.1261,0.0132,1.0385,0.0087,0.0036,0.0052,1.0,0.9817747865394275
GCST90042698,lung-cancer-family-sibling,GCST90041853,prostate-cancer-5,0.0827,0.15,0.5509,0.5817,0.018,0.0029,1.03,0.0107,-0.0028,0.0045,1.0,0.732152808988764
GCST005903,mdd-2,GCST005902,depression-broad,0.846,0.049,17.2648,8.654299999999999e-67,0.0573,0.0028,1.0392,0.0098,0.2515,0.0057,2.6948591993969813e-64,3.2918997735849053e-65
GCST003740,adenocarcinoma-barret-oesophagus,GCST90042778,anxiety-1,0.0958,0.1247,0.768,0.4425,0.0258,0.0087,1.0044,0.0066,-0.0056,0.0047,1.0,0.6244097970608817
GCST90042700,breast-cancer-family-siblings,GCST90255676,crc-cancer-2,0.2306,0.0853,2.7044,0.0068,0.0848,0.0098,1.1624,0.0211,-0.0061,0.0053,0.17984746715925418,0.02196923076923077
GCST90042672,lung-cancer-family-father,GCST90011808,prostate-cancer-3,-0.0897,0.071,-1.2625,0.2068,0.0332,0.0046,1.0537,0.0197,0.0008,0.0053,1.0,0.3776579185520362
GCST003769,depression-symptoms,GCST004749,lung-carcinoma-smokers,0.1733,0.0886,1.9546,0.0506,0.1035,0.0287,1.0522,0.0104,0.0084,0.0057,1.0,0.12799196988707653
GCST004744,adenocarcinoma-lung,GCST90013410,bcc-1,0.1431,0.0572,2.5009,0.0124,0.0318,0.0045,1.0607,0.0175,0.0109,0.0068,0.3077372317318543,0.03759157894736842
GCST90042860,crc-benign-neoplasm,GCST90042695,depression-family-sibling,0.272,0.0847,3.2112,0.0013,0.0127,0.0015,1.0179,0.0079,0.006,0.0051,0.03865719802850742,0.004722162162162162
GCST90011804,breast-carcinoma-1,GCST90042672,lung-cancer-family-father,0.1544,0.0696,2.2173,0.0266,0.0133,0.0018,0.9977,0.0083,-0.0023,0.0051,0.6105661864714401,0.0745835883171071
GCST004748,lung-carcinoma-1,GCST90041853,prostate-cancer-5,-0.114,0.0931,-1.2242,0.2209,0.0181,0.0029,1.0303,0.0105,0.0106,0.006,1.0,0.39515031055900623
GCST90042700,breast-cancer-family-siblings,GCST90042670,prostate-cancer-father,0.1354,0.1673,0.8094,0.4183,0.0065,0.0013,1.0203,0.0081,0.0091,0.005,1.0,0.6087131560028756
GCST90275152,autism-1,GCST90042686,breast-cancer-family-mother,-0.1354,0.0813,-1.6652,0.0959,0.0062,0.0014,1.0267,0.0093,0.0096,0.0057,1.0,0.214816
GCST003769,depression-symptoms,GCST90042670,prostate-cancer-father,-0.0457,0.1053,-0.4343,0.6641,0.0065,0.0013,1.0232,0.0085,-0.0014,0.0059,1.0,0.7952731157270029
GCST009980,mdd-trauma,GCST90275154,mdd-sex-M1,0.5229,0.0844,6.1946,5.845e-10,0.1194,0.0091,1.0264,0.0075,0.0096,0.0049,3.396613867132377e-08,4.1491267605633805e-09
GCST90042700,breast-cancer-family-siblings,GCST90255675,crc-cancer-1,0.2049,0.0814,2.5181,0.0118,0.0861,0.0092,1.1793,0.023,-0.0026,0.0056,0.29417382046095175,0.035934743202416915
GCST90042699,intestinal-cancer-sibling,GCST90042673,intestinal-cancer-father,0.3575,0.4062,0.88,0.3788,0.0018,0.001,1.024,0.0064,0.0429,0.0046,1.0,0.5711748691099477
GCST006465,endometrial-carcinoma-1,GCST004750,lung-cancer-squamous,0.1603,0.2335,0.6866,0.4923,0.0477,0.0165,1.0521,0.0112,0.0138,0.0066,1.0,0.6646731772575251
GCST90275149,ADHD-1,GCST90042686,breast-cancer-family-mother,-0.1479,0.0697,-2.1211,0.0339,0.0062,0.0014,1.0266,0.0093,0.0026,0.0056,0.7479595354867882,0.0913668449197861
GCST90255676,crc-cancer-2,GCST004748,lung-carcinoma-1,0.2742,0.0469,5.8459,5.0375e-09,0.0837,0.0166,1.0487,0.0109,0.0437,0.0058,2.722832570564113e-07,3.3260705882352935e-08
GCST90225528,anxiety-any,GCST90225529,anxiety-others,0.9958,0.0037,265.5878,0.0,0.0088,0.001,1.017,0.0072,0.978,0.0071,0.0,0.0
GCST90042843,anxiety-treatment-1,GCST90275155,mdd-5,0.4862,0.0692,7.0227,2.177e-12,0.1182,0.0095,1.0301,0.0074,0.0126,0.0046,1.387198683099901e-10,1.69452972972973e-11
GCST90275148,ADHD-sex-M1,GCST90275157,schizo-sex-M1,0.5989,0.0354,16.9044,4.1750000000000003e-64,0.1285,0.0125,1.0357,0.0084,0.3591,0.0065,1.1295530893039757e-61,1.3798032786885247e-62
GCST003740,adenocarcinoma-barret-oesophagus,GCST90042686,breast-cancer-family-mother,0.1078,0.1002,1.0758,0.282,0.0063,0.0014,1.0259,0.0095,-0.0109,0.0049,1.0,0.46561179361179356
GCST90011804,breast-carcinoma-1,GCST90043894,prostate-cancer-1,0.0994,0.0652,1.5233,0.1277,0.0254,0.0037,1.0422,0.0147,-0.001,0.0056,1.0,0.26929205020920505
GCST90043889,breast-neoplasm-1,GCST90042682,depression-family-mother,0.221,0.1234,1.7905,0.0734,0.0089,0.0013,1.0201,0.0077,-0.005,0.0052,1.0,0.17166403712296988
GCST009979,mdd-1,GCST005903,mdd-2,0.6966,0.0613,11.3662,6.1593e-30,0.0172,0.0021,1.0017,0.0068,0.0792,0.0048,7.585890373044036e-28,9.266528955223882e-29
GCST006465,endometrial-carcinoma-1,GCST90137411,bcc-2,-0.0162,0.0914,-0.177,0.8595,0.0667,0.0143,0.9935,0.0305,0.0005,0.0073,1.0,0.9209113708820403
GCST006465,endometrial-carcinoma-1,GCST90043894,prostate-cancer-1,-0.1152,0.15,-0.7681,0.4424,0.021,0.0042,1.066,0.0206,0.0086,0.0071,1.0,0.6244097970608817
GCST90011816,cervical-cancer-2,GCST90011808,prostate-cancer-3,0.1281,0.1002,1.2789,0.2009,0.0336,0.0046,1.0522,0.0194,-0.0067,0.0051,1.0,0.37157284403669727
GCST005903,mdd-2,GCST90042684,lung-cancer-family-mother,0.4833,0.1617,2.9877,0.0028,0.0036,0.0012,1.0169,0.0066,0.0077,0.0048,0.07885703037057039,0.009632764505119453
GCST90042844,anxiety-treatment-2,GCST90255675,crc-cancer-1,-0.0906,0.0627,-1.4465,0.148,0.0862,0.0092,1.1789,0.0228,-0.0023,0.006,1.0,0.3014864048338368
GCST90042669,depression-family-father,GCST90275157,schizo-sex-M1,0.429,0.0954,4.4982,6.8535e-06,0.126,0.0132,1.0382,0.0086,0.0039,0.0054,0.0002765471021479188,3.3781555012224934e-05
GCST90042673,intestinal-cancer-father,GCST90042672,lung-cancer-family-father,0.2899,0.1877,1.5449,0.1224,0.0132,0.0018,0.9978,0.0081,-0.0128,0.0049,1.0,0.2605685322069694
GCST90225527,anxiety-2,GCST90042673,intestinal-cancer-father,0.1825,0.2199,0.8299,0.4066,0.0017,0.0011,1.026,0.0071,0.0055,0.0053,1.0,0.5986240700218819
GCST90275155,mdd-5,GCST90275157,schizo-sex-M1,0.863,0.0372,23.217,3.0639e-119,0.1283,0.0125,1.0358,0.0084,0.4612,0.0058,1.4872215592069425e-116,1.8167124705882354e-117
GCST003740,adenocarcinoma-barret-oesophagus,GCST90275149,ADHD-1,0.1965,0.0502,3.9166,8.9797e-05,0.246,0.0143,1.0741,0.0087,-0.0135,0.0062,0.0031870500054723967,0.00038931344516129033
GCST90225529,anxiety-others,GCST90042695,depression-family-sibling,0.6195,0.0809,7.6601,1.8585e-14,0.0128,0.0015,1.0175,0.008,0.0609,0.0049,1.357169619042528e-12,1.6578477876106194e-13
GCST90011816,cervical-cancer-2,GCST009979,mdd-1,0.2622,0.1002,2.6168,0.0089,0.0786,0.0061,1.0174,0.0075,-0.0034,0.005,0.22914584142783198,0.027991263650546022
GCST90225527,anxiety-2,GCST90013410,bcc-1,-0.0427,0.0631,-0.6775,0.4981,0.0318,0.0044,1.0604,0.0172,0.0086,0.0054,1.0,0.6694464
GCST90275148,ADHD-sex-M1,GCST90275151,autism-sex-M1,0.4457,0.0383,11.6489,2.324e-31,0.1499,0.0116,1.0317,0.008,0.4978,0.0065,3.020037986743152e-29,3.6891212598425196e-30
GCST003740,adenocarcinoma-barret-oesophagus,GCST90042695,depression-family-sibling,0.0676,0.0775,0.8716,0.3834,0.0127,0.0015,1.0177,0.0079,-0.0016,0.006,1.0,0.5755282204020848
GCST90042778,anxiety-1,GCST90042684,lung-cancer-family-mother,0.0196,0.2147,0.0913,0.9273,0.0036,0.0012,1.0165,0.0067,0.0009,0.0048,1.0,0.9618755784061697
GCST90043894,prostate-cancer-1,GCST90041853,prostate-cancer-5,0.9897,0.0213,46.463,0.0,0.018,0.0029,1.0301,0.0107,0.8126,0.0117,0.0,0.0
GCST90042860,crc-benign-neoplasm,GCST005902,depression-broad,0.2923,0.0484,6.0413,1.5287e-09,0.0573,0.0029,1.0385,0.01,0.03,0.0059,8.69969987732878e-08,1.062710068965517e-08
GCST90275155,mdd-5,GCST90042696,prostate-cancer-sibling,0.0597,0.1851,0.3227,0.7469,0.0014,0.0011,1.003,0.0062,0.008,0.0045,1.0,0.8483100845070422
GCST006465,endometrial-carcinoma-1,GCST90042673,intestinal-cancer-father,0.0475,0.3625,0.1309,0.8958,0.0013,0.0011,1.0299,0.0077,-0.001,0.0052,1.0,0.9381469090909093
GCST90042844,anxiety-treatment-2,GCST90042700,breast-cancer-family-siblings,0.0585,0.1556,0.3761,0.7068,0.0043,0.0012,1.0078,0.0065,-0.0031,0.0049,1.0,0.8193840138010351
GCST004749,lung-carcinoma-smokers,GCST90275158,schizophrenia-M1,0.3162,0.09,3.5115,0.0004,0.1276,0.0122,1.0386,0.0082,-0.0044,0.0058,0.012994999942956765,0.0015874015748031497
GCST90275149,ADHD-1,GCST90042669,depression-family-father,0.0236,0.0688,0.3426,0.7319,0.007,0.0014,1.011,0.0072,0.0047,0.006,1.0,0.8402678815489749
GCST90225527,anxiety-2,GCST90275158,schizophrenia-M1,0.4036,0.089,4.5348,5.7653e-06,0.1272,0.0128,1.0376,0.0088,0.0106,0.0058,0.00023610047872787434,2.8840805955334987e-05
GCST90041886,breast-carcinoma-2,GCST90042699,intestinal-cancer-sibling,0.5029,0.2169,2.3189,0.0204,0.0022,0.0011,1.0113,0.0062,-0.0039,0.0045,0.47891103630458587,0.05850128022759602
GCST90275147,ADHD-age-sex-M1,GCST90275153,mdd-age-sex-M1,0.5598,0.0388,14.4285,3.4264000000000003e-47,0.1075,0.0087,1.0212,0.0073,0.3803,0.006,6.353719787839862e-45,7.761373483146068e-46
GCST90041886,breast-carcinoma-2,GCST006465,endometrial-carcinoma-1,0.1018,0.1641,0.6204,0.535,0.0344,0.0098,1.0751,0.009,0.0004,0.0063,1.0,0.7008187134502925
GCST009980,mdd-trauma,GCST90041830,non-epithelial-carcinoma,0.0788,0.0873,0.9026,0.3667,0.0169,0.0027,1.0279,0.0123,-0.0061,0.0049,1.0,0.5587809523809524
GCST90042682,depression-family-mother,GCST90042672,lung-cancer-family-father,-0.0191,0.0855,-0.2234,0.8233,0.0132,0.0018,0.9979,0.0081,0.012,0.0054,1.0,0.9015726829268292
GCST90042698,lung-cancer-family-sibling,GCST90275156,schizo-age-sex-M1,0.4351,0.1319,3.2989,0.001,0.1137,0.0122,1.0312,0.008,0.0111,0.0046,0.030281926472578147,0.0036990825688073396
GCST90275152,autism-1,GCST90011808,prostate-cancer-3,-0.1323,0.0582,-2.2743,0.0229,0.0331,0.0046,1.0537,0.0196,0.0073,0.0056,0.5353166902847188,0.06539150141643059
GCST90275151,autism-sex-M1,GCST90011808,prostate-cancer-3,-0.1496,0.0598,-2.5002,0.0124,0.0331,0.0046,1.0537,0.0196,0.0072,0.0055,0.3077372317318543,0.03759157894736842
GCST90275149,ADHD-1,GCST90137411,bcc-2,-0.0097,0.03,-0.3239,0.746,0.0698,0.0121,0.976,0.0236,-0.0071,0.0061,1.0,0.8477655016910935
GCST006464,endometrial-carcinoma-2,GCST004748,lung-carcinoma-1,0.2084,0.1443,1.4449,0.1485,0.0704,0.018,1.0752,0.0139,0.0156,0.0069,1.0,0.3014864048338368
GCST90255675,crc-cancer-1,GCST90275155,mdd-5,0.0914,0.0382,2.3936,0.0167,0.1197,0.0093,1.0282,0.0074,-0.0043,0.006,0.39828172513030347,0.04865202312138728
GCST90255675,crc-cancer-1,GCST90042698,lung-cancer-family-sibling,0.1599,0.0819,1.9529,0.0508,0.0043,0.0013,1.0087,0.0068,0.012,0.0051,1.0,0.12833684210526314
GCST90042700,breast-cancer-family-siblings,GCST90042698,lung-cancer-family-sibling,0.175,0.2123,0.8245,0.4097,0.0043,0.0014,1.0091,0.0067,0.0448,0.0047,1.0,0.600694690909091
GCST005903,mdd-2,GCST90011808,prostate-cancer-3,0.0327,0.0735,0.4441,0.657,0.0335,0.0046,1.0524,0.0195,0.0019,0.0051,1.0,0.7902816229116946
GCST90042844,anxiety-treatment-2,GCST005902,depression-broad,0.5638,0.06,9.3931,5.825599999999999e-21,0.0575,0.0029,1.0377,0.0099,0.0819,0.0059,5.655509589292055e-19,6.908476235294117e-20
GCST004749,lung-carcinoma-smokers,GCST90041853,prostate-cancer-5,-0.0759,0.098,-0.7742,0.4388,0.0184,0.003,1.0293,0.0108,0.0078,0.0056,1.0,0.62295960591133
GCST90041833,breast-neoplasm-2,GCST90042698,lung-cancer-family-sibling,0.0764,0.1354,0.5642,0.5726,0.0043,0.0014,1.0091,0.0067,0.0028,0.0046,1.0,0.7260135849056604
GCST90255675,crc-cancer-1,GCST90275153,mdd-age-sex-M1,0.0752,0.0375,2.005,0.045,0.1087,0.0089,1.0195,0.0071,-0.0049,0.0057,0.9472758249234426,0.11571428571428571
GCST90042682,depression-family-mother,GCST90042684,lung-cancer-family-mother,0.0873,0.142,0.6147,0.5387,0.0036,0.0012,1.0164,0.0066,-0.0154,0.0047,1.0,0.7018907682375726
GCST90042685,intestinal-cancer-mother,GCST004750,lung-cancer-squamous,0.1466,0.1508,0.9726,0.3308,0.0557,0.0152,1.0385,0.0097,0.0038,0.0046,1.0,0.5185791601866252
GCST90255676,crc-cancer-2,GCST90042672,lung-cancer-family-father,0.1669,0.0548,3.0481,0.0023,0.0132,0.0018,0.9985,0.0084,0.006,0.0058,0.06612960772365281,0.008078048780487805
GCST90225528,anxiety-any,GCST90011816,cervical-cancer-2,0.1232,0.118,1.0439,0.2965,0.0088,0.0025,1.0173,0.0079,0.0051,0.0051,1.0,0.48361165048543686
GCST90042841,anxiety-medication,GCST005902,depression-broad,0.88,0.0435,20.2214,6.3495e-91,0.0575,0.0029,1.0377,0.0099,0.2095,0.0062,2.4949982194050252e-88,3.0477600000000002e-89
GCST004748,lung-carcinoma-1,GCST90043874,skin-carcinoma-face,0.1608,0.084,1.9142,0.0556,0.0084,0.0014,1.0218,0.0081,0.005,0.006,1.0,0.13787158671586716
GCST009981,mdd-notrauma,GCST90042672,lung-cancer-family-father,0.1186,0.1323,0.8961,0.3702,0.0133,0.0018,0.9978,0.0081,0.0157,0.0047,1.0,0.5615674943566591
GCST90225528,anxiety-any,GCST004748,lung-carcinoma-1,0.0434,0.0685,0.6331,0.5267,0.0838,0.0165,1.0498,0.0117,0.0123,0.006,1.0,0.6930986945169711
GCST90275147,ADHD-age-sex-M1,GCST90041830,non-epithelial-carcinoma,0.0662,0.0449,1.4752,0.1402,0.017,0.0027,1.0272,0.0123,-0.0051,0.0058,1.0,0.2904863309352518
GCST90043894,prostate-cancer-1,GCST90275157,schizo-sex-M1,0.1287,0.0723,1.7802,0.075,0.1259,0.0131,1.0384,0.0086,-0.0136,0.0052,1.0,0.17439446366782008
GCST90275148,ADHD-sex-M1,GCST004748,lung-carcinoma-1,0.3813,0.0562,6.7827,1.1793e-11,0.0834,0.0159,1.0508,0.0115,0.0027,0.006,7.129214051122974e-10,8.708676923076923e-11
GCST90225527,anxiety-2,GCST004748,lung-carcinoma-1,0.0395,0.0718,0.5508,0.5818,0.0838,0.0165,1.0498,0.0117,0.0098,0.0055,1.0,0.732152808988764
GCST90042699,intestinal-cancer-sibling,GCST90013410,bcc-1,0.1578,0.1322,1.1937,0.2326,0.0316,0.0044,1.0621,0.0173,-0.0072,0.006,1.0,0.40989650349650353
GCST90275155,mdd-5,GCST90013410,bcc-1,0.0302,0.0474,0.6365,0.5245,0.0316,0.0044,1.0623,0.0172,-0.0115,0.0055,1.0,0.6925382198952881
GCST90042698,lung-cancer-family-sibling,GCST90043874,skin-carcinoma-face,-0.0515,0.1541,-0.3344,0.7381,0.0083,0.0014,1.0233,0.0079,0.0154,0.0054,1.0,0.843542857142857
GCST90042844,anxiety-treatment-2,GCST90042860,crc-benign-neoplasm,0.1093,0.0863,1.2672,0.2051,0.0099,0.0013,1.0489,0.0093,-0.0005,0.005,1.0,0.37607563636363633
GCST003740,adenocarcinoma-barret-oesophagus,GCST90042673,intestinal-cancer-father,0.3989,0.18,2.2159,0.0267,0.0019,0.001,1.0233,0.0065,-0.0036,0.0051,0.6120103514801679,0.07476
GCST90275148,ADHD-sex-M1,GCST90011808,prostate-cancer-3,-0.0441,0.0506,-0.871,0.3838,0.0332,0.0046,1.0536,0.0196,-0.0029,0.0057,1.0,0.5757
GCST90042684,lung-cancer-family-mother,GCST90013410,bcc-1,0.1252,0.1073,1.1667,0.2433,0.0316,0.0044,1.0622,0.0173,0.004,0.0061,1.0,0.42102386266094416
GCST90042669,depression-family-father,GCST90041853,prostate-cancer-5,0.1724,0.1146,1.5034,0.1327,0.018,0.0029,1.03,0.0107,-0.0017,0.0052,1.0,0.2781410788381743
GCST90042784,depression-postpartum,GCST90041830,non-epithelial-carcinoma,0.4198,0.285,1.4732,0.1407,0.0169,0.0027,1.0278,0.0122,-0.0103,0.0049,1.0,0.2906262295081967
GCST90042669,depression-family-father,GCST006465,endometrial-carcinoma-1,0.1494,0.1871,0.7988,0.4244,0.0344,0.0098,1.0752,0.009,-0.0007,0.0066,1.0,0.6106997858672377
GCST90042699,intestinal-cancer-sibling,GCST90042672,lung-cancer-family-father,0.4235,0.18,2.3523,0.0187,0.0133,0.0018,0.9978,0.0081,0.0104,0.0046,0.44151395371284724,0.053933047210300435
GCST90042670,prostate-cancer-father,GCST90043874,skin-carcinoma-face,0.0409,0.1213,0.3377,0.7356,0.0083,0.0014,1.0233,0.0079,0.0028,0.0052,1.0,0.8425963636363637
GCST90275154,mdd-sex-M1,GCST90042669,depression-family-father,0.5034,0.0873,5.7687,7.9892e-09,0.007,0.0014,1.0108,0.0072,0.0019,0.0051,4.2808753247150376e-07,5.2292945454545464e-08
GCST90041853,prostate-cancer-5,GCST90275157,schizo-sex-M1,0.147,0.0808,1.8181,0.0691,0.1259,0.0131,1.0384,0.0086,-0.0107,0.0048,1.0,0.16388894117647057
GCST90042841,anxiety-medication,GCST90042860,crc-benign-neoplasm,0.2571,0.0778,3.3048,0.001,0.0099,0.0013,1.0489,0.0093,0.0164,0.0054,0.030281926472578147,0.0036990825688073396
GCST90042860,crc-benign-neoplasm,GCST90041830,non-epithelial-carcinoma,-0.0125,0.0704,-0.1768,0.8597,0.0169,0.0027,1.0279,0.0122,0.0173,0.0054,1.0,0.9209113708820403
GCST90042843,anxiety-treatment-1,GCST006464,endometrial-carcinoma-2,-0.0013,0.1237,-0.0101,0.9919,0.0182,0.0045,1.0862,0.0098,-0.0018,0.0065,1.0,0.9958517928286853
GCST004744,adenocarcinoma-lung,GCST90011809,melanoma-1,0.0536,0.0932,0.5758,0.5647,0.0093,0.0025,0.999,0.009,0.0042,0.0052,1.0,0.722816
GCST90042784,depression-postpartum,GCST90011808,prostate-cancer-3,0.1812,0.2464,0.7353,0.4622,0.0332,0.0046,1.0534,0.0196,-0.0024,0.005,1.0,0.6412905712319339
GCST90275155,mdd-5,GCST90042672,lung-cancer-family-father,0.1847,0.0664,2.7803,0.0054,0.0132,0.0018,0.998,0.0083,0.0099,0.0054,0.14609788460458606,0.017846557377049183
GCST90041886,breast-carcinoma-2,GCST90011808,prostate-cancer-3,0.0699,0.0843,0.829,0.4071,0.0332,0.0046,1.0536,0.0197,-0.002,0.0059,1.0,0.5986240700218819
GCST90275150,autism-age-sex-M1,GCST90041853,prostate-cancer-5,-0.0953,0.079,-1.2058,0.2279,0.0178,0.0029,1.0305,0.0108,0.0056,0.0055,1.0,0.40408654353562
GCST90275150,autism-age-sex-M1,GCST90043894,prostate-cancer-1,-0.0747,0.0711,-1.0497,0.2939,0.0252,0.0035,1.0436,0.0141,-0.0004,0.0059,1.0,0.4813179528838343
GCST90225529,anxiety-others,GCST90275157,schizo-sex-M1,0.4396,0.0814,5.4006,6.6432e-08,0.1268,0.0128,1.0376,0.0088,0.0098,0.0057,3.234131185803362e-06,3.950646371681416e-07
GCST009980,mdd-trauma,GCST90275157,schizo-sex-M1,0.3447,0.0848,4.0647,4.8089e-05,0.1287,0.0125,1.0354,0.0084,0.0156,0.005,0.0017636533808137707,0.00021543872000000003
GCST90042844,anxiety-treatment-2,GCST009980,mdd-trauma,0.4031,0.1052,3.8316,0.0001,0.1015,0.0168,1.0041,0.0067,0.0998,0.005,0.0034598846808291594,0.00042264150943396227
GCST90255676,crc-cancer-2,GCST004750,lung-cancer-squamous,0.3611,0.066,5.4683,4.5436e-08,0.0535,0.0147,1.0414,0.0091,0.0213,0.0055,2.2861580430133935e-06,2.792651707317073e-07
GCST90042669,depression-family-father,GCST90042698,lung-cancer-family-sibling,-0.1534,0.1721,-0.8913,0.3728,0.0043,0.0014,1.0092,0.0067,0.0012,0.0053,1.0,0.5643891891891892
GCST90011804,breast-carcinoma-1,GCST90041833,breast-neoplasm-2,0.9601,0.03,31.9852,1.7534000000000002e-224,0.0085,0.0015,1.0379,0.0107,0.7398,0.0115,1.2581521644771784e-221,1.5368932173913046e-222
GCST003740,adenocarcinoma-barret-oesophagus,GCST90275158,schizophrenia-M1,0.1129,0.062,1.8221,0.0684,0.1275,0.0125,1.037,0.0083,-0.0016,0.0054,1.0,0.162611320754717
GCST90042778,anxiety-1,GCST90042699,intestinal-cancer-sibling,-0.2488,0.3329,-0.7474,0.4548,0.0022,0.0011,1.0115,0.0062,0.0063,0.0048,1.0,0.6349562326869805
GCST009979,mdd-1,GCST90042698,lung-cancer-family-sibling,0.3535,0.12,2.947,0.0032,0.0043,0.0014,1.0092,0.0067,0.0086,0.0049,0.08966329332457774,0.010952801358234296
GCST90042784,depression-postpartum,GCST90011809,melanoma-1,0.2355,0.2525,0.9327,0.351,0.0089,0.0023,1.0015,0.009,-0.0021,0.005,1.0,0.5439016141429669
GCST90275148,ADHD-sex-M1,GCST90042682,depression-family-mother,0.1661,0.059,2.8143,0.0049,0.0089,0.0013,1.0202,0.0077,0.0132,0.0054,0.13410926143452725,0.016382089552238806
GCST90225529,anxiety-others,GCST006465,endometrial-carcinoma-1,0.0214,0.1257,0.1703,0.8648,0.0349,0.0095,1.0742,0.0084,0.0019,0.0056,1.0,0.9238048574445619
GCST90225528,anxiety-any,GCST009980,mdd-trauma,0.7195,0.1192,6.0369,1.5707e-09,0.1009,0.0175,1.004,0.0071,0.03,0.005,8.908001010725355e-08,1.0881550515463918e-08
GCST90255676,crc-cancer-2,GCST90042685,intestinal-cancer-mother,0.7642,0.1449,5.2743,1.3328e-07,0.0033,0.001,1.0094,0.0065,0.0307,0.0068,6.375670905346501e-06,7.788187826086958e-07
GCST009979,mdd-1,GCST90042696,prostate-cancer-sibling,0.0198,0.2031,0.0975,0.9223,0.0014,0.0011,1.0025,0.0063,0.0051,0.005,1.0,0.958925631768953
GCST004744,adenocarcinoma-lung,GCST90225529,anxiety-others,-0.0905,0.0936,-0.9671,0.3335,0.0089,0.0009,1.0171,0.0073,0.0072,0.0057,1.0,0.5221565217391305
GCST90275150,autism-age-sex-M1,GCST90011809,melanoma-1,-0.1467,0.0819,-1.7915,0.0732,0.0089,0.0023,1.0015,0.0089,0.001,0.0058,1.0,0.1713951219512195
GCST90041886,breast-carcinoma-2,GCST90011809,melanoma-1,0.1361,0.1055,1.2907,0.1968,0.0088,0.0023,1.0018,0.0089,0.0024,0.0052,1.0,0.36770046339202966
GCST90042778,anxiety-1,GCST90042686,breast-cancer-family-mother,-0.0194,0.1914,-0.1015,0.9191,0.0063,0.0014,1.0265,0.0093,-0.0015,0.0045,1.0,0.9570793388429754
GCST90011808,prostate-cancer-3,GCST90011809,melanoma-1,0.0385,0.0873,0.4405,0.6596,0.0092,0.0022,0.9988,0.009,0.0394,0.0054,1.0,0.791991423466349
GCST90255676,crc-cancer-2,GCST009979,mdd-1,0.0014,0.0496,0.0277,0.9779,0.0789,0.0062,1.0169,0.008,0.014,0.0063,1.0,0.9865188594297147
GCST90225528,anxiety-any,GCST006465,endometrial-carcinoma-1,0.0145,0.1233,0.1174,0.9065,0.0349,0.0095,1.0742,0.0084,0.0028,0.0055,1.0,0.9473841368584759
GCST003740,adenocarcinoma-barret-oesophagus,GCST90275157,schizo-sex-M1,0.1132,0.0621,1.8231,0.0683,0.127,0.0125,1.0371,0.0083,-0.0015,0.0054,1.0,0.16256528925619834
GCST90042841,anxiety-medication,GCST90041833,breast-neoplasm-2,0.0038,0.0724,0.0527,0.9579,0.0087,0.0014,1.0362,0.0094,0.0026,0.0049,1.0,0.9771022761760243
GCST90275155,mdd-5,GCST006465,endometrial-carcinoma-1,0.0382,0.1004,0.3802,0.7038,0.0348,0.0098,1.0749,0.0093,0.0042,0.0058,1.0,0.8182588235294118
GCST90011816,cervical-cancer-2,GCST90042860,crc-benign-neoplasm,-0.0829,0.1179,-0.7029,0.4821,0.0098,0.0014,1.0492,0.0089,0.0096,0.0049,1.0,0.6584780487804878
GCST90225528,anxiety-any,GCST90137412,squamous-carcinoma,0.1357,0.0498,2.7233,0.0065,0.0957,0.0099,0.7881,0.0175,0.0298,0.0063,0.17246579506287474,0.021067524115755628
GCST90042844,anxiety-treatment-2,GCST90275154,mdd-sex-M1,0.2487,0.0761,3.2677,0.0011,0.1179,0.0094,1.0283,0.0075,-0.0009,0.0053,0.03312776445312154,0.004046715328467154
GCST90255676,crc-cancer-2,GCST90043874,skin-carcinoma-face,0.156,0.0671,2.325,0.0201,0.0083,0.0014,1.0228,0.0088,-0.0067,0.006,0.47254040390862867,0.057723076923076926
GCST004750,lung-cancer-squamous,GCST90137411,bcc-2,0.1444,0.059,2.4462,0.0144,0.0699,0.011,0.9751,0.0212,0.0009,0.0062,0.34897585749896226,0.04262907488986784
GCST90042841,anxiety-medication,GCST009979,mdd-1,0.8193,0.0466,17.5865,3.1234e-69,0.078,0.0059,1.0181,0.0076,0.3483,0.0062,1.1205978300809907e-66,1.3688640000000001e-67
GCST90042700,breast-cancer-family-siblings,GCST009981,mdd-notrauma,0.2547,0.2316,1.0995,0.2716,0.0298,0.0093,1.0168,0.0066,0.0028,0.005,1.0,0.45289131513647646
GCST90042778,anxiety-1,GCST90041833,breast-neoplasm-2,-0.2191,0.1672,-1.3104,0.1901,0.0087,0.0014,1.0363,0.0094,0.0039,0.0053,1.0,0.35750149253731345
GCST90275147,ADHD-age-sex-M1,GCST90042673,intestinal-cancer-father,-0.0042,0.1168,-0.0361,0.9712,0.0018,0.0011,1.0246,0.0067,0.009,0.0055,1.0,0.982901204819277
GCST90011804,breast-carcinoma-1,GCST90042669,depression-family-father,-0.0562,0.0853,-0.6585,0.5102,0.0069,0.0013,1.0103,0.007,0.0022,0.0052,1.0,0.6811676821192053
GCST004750,lung-cancer-squamous,GCST90137412,squamous-carcinoma,0.4018,0.0679,5.9166,3.2863e-09,0.096,0.0098,0.7874,0.0172,0.0116,0.0057,1.8018586297981494e-07,2.2010567441860466e-08
GCST004748,lung-carcinoma-1,GCST90013410,bcc-1,0.1801,0.0511,3.5242,0.0004,0.0319,0.0045,1.0582,0.0173,0.0021,0.0068,0.012994999942956765,0.0015874015748031497
GCST90043889,breast-neoplasm-1,GCST004750,lung-cancer-squamous,0.0099,0.1144,0.0861,0.9314,0.0556,0.0152,1.0386,0.0096,0.0016,0.0049,1.0,0.9629243076923077
GCST003769,depression-symptoms,GCST90041853,prostate-cancer-5,0.0349,0.0727,0.4799,0.6313,0.0181,0.0031,1.0326,0.0118,0.0024,0.0055,1.0,0.7685391304347826
GCST90011816,cervical-cancer-2,GCST90041830,non-epithelial-carcinoma,0.0947,0.0917,1.0329,0.3016,0.0168,0.0026,1.0278,0.0121,0.0138,0.0051,1.0,0.48994810636583397
GCST90275152,autism-1,GCST90042784,depression-postpartum,0.0856,0.1991,0.4299,0.6672,0.0087,0.0076,0.9982,0.0064,0.0038,0.005,1.0,0.7968454976303317
GCST90042860,crc-benign-neoplasm,GCST90275154,mdd-sex-M1,0.2202,0.0548,4.0184,5.8599e-05,0.1178,0.0095,1.0285,0.0075,0.0103,0.0049,0.0021208275923350894,0.00025906926315789474
GCST90042784,depression-postpartum,GCST90043874,skin-carcinoma-face,-0.2338,0.2825,-0.8274,0.408,0.0083,0.0014,1.0232,0.0079,0.0043,0.0043,1.0,0.5995102040816327
GCST90042685,intestinal-cancer-mother,GCST90042684,lung-cancer-family-mother,0.0492,0.1941,0.2536,0.7998,0.0036,0.0012,1.0165,0.0066,0.0098,0.0046,1.0,0.8864193512919185
GCST90042685,intestinal-cancer-mother,GCST90041830,non-epithelial-carcinoma,0.142,0.1156,1.2287,0.2192,0.0169,0.0027,1.0279,0.0122,5.3997e-05,0.0052,1.0,0.3942080285459411
GCST009981,mdd-notrauma,GCST004749,lung-carcinoma-smokers,0.1914,0.1564,1.2242,0.2209,0.1046,0.0268,1.0484,0.0096,-0.0058,0.0058,1.0,0.39515031055900623
GCST90275149,ADHD-1,GCST90042673,intestinal-cancer-father,-0.0355,0.1159,-0.3061,0.7595,0.0018,0.0011,1.0246,0.0067,0.0105,0.0054,1.0,0.8541858337981038
GCST90225528,anxiety-any,GCST90043894,prostate-cancer-1,0.0466,0.0699,0.6668,0.5049,0.0254,0.0036,1.0434,0.0143,0.0054,0.0052,1.0,0.6771829787234043
GCST90041833,breast-neoplasm-2,GCST90042695,depression-family-sibling,0.0584,0.0781,0.748,0.4545,0.0127,0.0015,1.0179,0.0079,-0.0096,0.0047,1.0,0.6349562326869805
GCST009979,mdd-1,GCST90275153,mdd-age-sex-M1,0.6863,0.0546,12.564,3.3291e-36,0.1079,0.0088,1.0208,0.0072,0.0131,0.0054,4.949756844488617e-34,6.046365405405405e-35
GCST90011804,breast-carcinoma-1,GCST003769,depression-symptoms,0.0858,0.0615,1.3943,0.1632,0.0383,0.0034,1.0163,0.0078,-0.0034,0.0058,1.0,0.321496875
GCST90275150,autism-age-sex-M1,GCST90275158,schizophrenia-M1,0.6246,0.0438,14.2508,4.4315e-46,0.1287,0.0125,1.0358,0.0084,0.3359,0.0062,7.94955702760439e-44,9.710765217391305e-45
GCST90275154,mdd-sex-M1,GCST006464,endometrial-carcinoma-2,0.1183,0.0921,1.2849,0.1988,0.0186,0.0046,1.0852,0.0102,0.0014,0.0061,1.0,0.3691058823529412
GCST90275150,autism-age-sex-M1,GCST90042696,prostate-cancer-sibling,-0.0889,0.1735,-0.5122,0.6085,0.0014,0.0011,1.0029,0.0063,0.0086,0.0048,1.0,0.7516764705882354
GCST90042669,depression-family-father,GCST90137411,bcc-2,0.0256,0.0572,0.4476,0.6545,0.0701,0.0119,0.9733,0.0228,-0.0027,0.0055,1.0,0.7891578947368422
GCST90042673,intestinal-cancer-father,GCST90011808,prostate-cancer-3,0.1074,0.1943,0.5529,0.5804,0.0332,0.0046,1.0537,0.0197,0.0048,0.0055,1.0,0.7321395872420263
GCST90225529,anxiety-others,GCST90042784,depression-postpartum,0.3811,0.2486,1.5328,0.1253,0.01,0.0072,0.9964,0.006,0.0091,0.0048,1.0,0.26527429171038824
GCST90042843,anxiety-treatment-1,GCST90041853,prostate-cancer-5,0.0059,0.0853,0.0687,0.9452,0.0179,0.0029,1.0302,0.0107,0.007,0.0051,1.0,0.9730285714285712
GCST90275151,autism-sex-M1,GCST90137412,squamous-carcinoma,0.0617,0.0469,1.3156,0.1883,0.0959,0.0109,0.7882,0.0192,-0.0026,0.006,1.0,0.35548737137511693
GCST009981,mdd-notrauma,GCST90042685,intestinal-cancer-mother,0.152,0.2177,0.6984,0.4849,0.0033,0.001,1.0088,0.0064,-0.0005,0.0047,1.0,0.6607093117408906
GCST90275149,ADHD-1,GCST90225527,anxiety-2,0.2868,0.0579,4.9504,7.4055e-07,0.0075,0.0009,1.0195,0.0071,0.0064,0.006,3.285424181142721e-05,4.013303225806452e-06
GCST90042669,depression-family-father,GCST90042672,lung-cancer-family-father,-0.2762,0.1043,-2.6477,0.0081,0.0132,0.0018,0.9978,0.0081,-0.0199,0.0052,0.21185350937115088,0.025878922345483356
GCST004750,lung-cancer-squamous,GCST90011808,prostate-cancer-3,-0.0368,0.0828,-0.4449,0.6564,0.0325,0.0046,1.0528,0.0192,0.0041,0.0053,1.0,0.7900312835820896
GCST90275152,autism-1,GCST90042860,crc-benign-neoplasm,0.2353,0.0564,4.1739,2.9942e-05,0.0099,0.0014,1.0491,0.0092,-0.0053,0.005,0.0011333768030524186,0.0001384474128440367
GCST005903,mdd-2,GCST90042685,intestinal-cancer-mother,0.2362,0.1455,1.6239,0.1044,0.0034,0.001,1.0085,0.0064,0.0034,0.0044,1.0,0.23077894736842108
GCST90225527,anxiety-2,GCST90275151,autism-sex-M1,0.242,0.0765,3.1643,0.0016,0.1503,0.0118,1.0313,0.0086,0.0045,0.0058,0.04698548022079741,0.0057395017793594304
GCST005903,mdd-2,GCST90275157,schizo-sex-M1,0.5668,0.074,7.6557,1.9221e-14,0.1284,0.0131,1.036,0.0089,0.0064,0.0048,1.397430199372407e-12,1.7070280176211452e-13
GCST90042684,lung-cancer-family-mother,GCST90275156,schizo-age-sex-M1,0.4865,0.1378,3.5306,0.0004,0.1136,0.0123,1.0313,0.008,0.0046,0.0053,0.012994999942956765,0.0015874015748031497
GCST90225529,anxiety-others,GCST90042843,anxiety-treatment-1,0.8463,0.0845,10.018,1.2702e-23,0.0361,0.0042,1.0006,0.0076,0.0859,0.0053,1.3267681099987643e-21,1.6207108860759494e-22
GCST90275153,mdd-age-sex-M1,GCST90042670,prostate-cancer-father,-0.0382,0.0856,-0.4466,0.6551,0.0065,0.0013,1.0205,0.0083,-0.0002,0.0047,1.0,0.7892989247311828
GCST90041886,breast-carcinoma-2,GCST90042686,breast-cancer-family-mother,0.9384,0.1225,7.661,1.8455e-14,0.0063,0.0014,1.0263,0.0094,0.0718,0.008,1.3536660418356853e-12,1.653568e-13
GCST90013410,bcc-1,GCST90043874,skin-carcinoma-face,0.9601,0.0389,24.6554,3.2174e-134,0.0083,0.0014,1.0233,0.0086,0.5642,0.0108,1.896387259889848e-131,2.3165279999999998e-132
GCST90042844,anxiety-treatment-2,GCST90042684,lung-cancer-family-mother,-0.1259,0.1559,-0.8074,0.4195,0.0036,0.0012,1.0165,0.0066,0.0006,0.0049,1.0,0.6087131560028756
GCST90042686,breast-cancer-family-mother,GCST90042696,prostate-cancer-sibling,0.2372,0.2564,0.9253,0.3548,0.0015,0.0011,1.002,0.0063,0.004,0.0043,1.0,0.5472661055853099
GCST90043894,prostate-cancer-1,GCST90043874,skin-carcinoma-face,-0.0199,0.0953,-0.2087,0.8347,0.0083,0.0014,1.0233,0.0079,0.0136,0.0053,1.0,0.9054106508875739
GCST90275148,ADHD-sex-M1,GCST90042695,depression-family-sibling,0.2804,0.0533,5.2598,1.4421e-07,0.0129,0.0015,1.0165,0.008,0.0093,0.0063,6.878587734256414e-06,8.402524855491329e-07
GCST90042778,anxiety-1,GCST90275158,schizophrenia-M1,0.3407,0.1383,2.4627,0.0138,0.1263,0.0132,1.0384,0.0087,0.0031,0.0052,0.33740795407445967,0.041216
GCST004744,adenocarcinoma-lung,GCST003769,depression-symptoms,0.1581,0.0706,2.2397,0.0251,0.0384,0.0034,1.0149,0.0076,0.008,0.0052,0.5793588995547311,0.07077146853146853
GCST90275147,ADHD-age-sex-M1,GCST004749,lung-carcinoma-smokers,0.3072,0.0674,4.5596,5.1258e-06,0.1066,0.0266,1.047,0.0096,-0.0023,0.0054,0.00021095862543307205,2.5769607980049877e-05
GCST009979,mdd-1,GCST90275155,mdd-5,0.6757,0.0516,13.0995,3.3159e-39,0.1195,0.0091,1.0285,0.0076,0.0172,0.0055,5.162684225922635e-37,6.30646641509434e-38
GCST90041833,breast-neoplasm-2,GCST90042699,intestinal-cancer-sibling,0.4195,0.1898,2.2102,0.0271,0.0022,0.0011,1.0113,0.0062,-0.0044,0.0046,0.6186015394699073,0.07556514522821577
GCST90011804,breast-carcinoma-1,GCST90013410,bcc-1,0.1727,0.0636,2.7176,0.0066,0.0319,0.0043,1.0601,0.0165,0.062,0.0063,0.17483802491470882,0.021357303370786517
GCST90042778,anxiety-1,GCST90043889,breast-neoplasm-1,-0.0104,0.1988,-0.0524,0.9582,0.0049,0.0011,1.0109,0.0081,0.0008,0.0048,1.0,0.9771022761760243
GCST003740,adenocarcinoma-barret-oesophagus,GCST90275156,schizo-age-sex-M1,0.0936,0.0663,1.4113,0.1582,0.1148,0.0119,1.0299,0.0077,1.2858e-05,0.0056,1.0,0.31483830207305036
GCST90275152,autism-1,GCST90042669,depression-family-father,0.3457,0.0734,4.7105,2.4712e-06,0.007,0.0014,1.0109,0.0072,0.0024,0.0055,0.0001051129373736447,1.2840049484536083e-05
GCST005903,mdd-2,GCST90042696,prostate-cancer-sibling,0.1886,0.2497,0.7552,0.4502,0.0015,0.0011,1.0023,0.0063,0.0092,0.0053,1.0,0.6311566063977747
GCST90275149,ADHD-1,GCST90042684,lung-cancer-family-mother,0.6114,0.1126,5.4281,5.697e-08,0.0037,0.0012,1.0159,0.0067,0.02,0.0054,2.7982527868238497e-06,3.4181999999999997e-07
GCST004748,lung-carcinoma-1,GCST90041830,non-epithelial-carcinoma,0.2036,0.0615,3.3136,0.0009,0.0173,0.0028,1.024,0.0122,-0.0007,0.0059,0.027659748481935906,0.0033787709497206703
GCST90275151,autism-sex-M1,GCST90137411,bcc-2,-0.0881,0.0527,-1.6713,0.0947,0.0698,0.0121,0.9761,0.0236,-0.0021,0.0068,1.0,0.21260044543429846
GCST90011804,breast-carcinoma-1,GCST90275157,schizo-sex-M1,0.0629,0.0618,1.0173,0.309,0.1284,0.0122,1.0354,0.0085,-0.0075,0.0054,1.0,0.49716201117318437
GCST90275150,autism-age-sex-M1,GCST90043874,skin-carcinoma-face,-0.0924,0.0798,-1.1575,0.2471,0.0084,0.0014,1.0234,0.008,-0.001,0.0057,1.0,0.42556177474402734
GCST90275157,schizo-sex-M1,GCST90011809,melanoma-1,-0.1548,0.0847,-1.8268,0.0677,0.0089,0.0023,1.0015,0.009,0.0051,0.0049,1.0,0.16228680142687274
GCST90042778,anxiety-1,GCST90042695,depression-family-sibling,0.4128,0.1566,2.6356,0.0084,0.0127,0.0015,1.0178,0.0079,0.0391,0.005,0.21866034604331666,0.026710410094637226
GCST90042696,prostate-cancer-sibling,GCST90041853,prostate-cancer-5,1.0213,0.3922,2.6037,0.0092,0.018,0.0029,1.03,0.0107,0.0581,0.0053,0.2357664275365013,0.0288
GCST90042672,lung-cancer-family-father,GCST90042670,prostate-cancer-father,0.0801,0.1091,0.734,0.4629,0.0065,0.0013,1.0203,0.0081,-0.0453,0.0051,1.0,0.6416560824742268
GCST90255675,crc-cancer-1,GCST90043874,skin-carcinoma-face,0.1718,0.0649,2.6464,0.0081,0.0083,0.0014,1.0228,0.0088,-0.0069,0.0061,0.21185350937115088,0.025878922345483356
GCST90275150,autism-age-sex-M1,GCST90042672,lung-cancer-family-father,-0.0321,0.0652,-0.4928,0.6222,0.0132,0.0018,0.9981,0.0083,0.0074,0.0048,1.0,0.7619672131147541
GCST90275151,autism-sex-M1,GCST90011804,breast-carcinoma-1,-0.0649,0.0588,-1.1051,0.2691,0.027,0.004,1.0623,0.0139,0.0038,0.006,1.0,0.44983880597014925
GCST90042778,anxiety-1,GCST90042696,prostate-cancer-sibling,0.8671,0.5431,1.5965,0.1104,0.0015,0.0011,1.0023,0.0063,-0.0075,0.0046,1.0,0.24087272727272724
GCST006464,endometrial-carcinoma-2,GCST90042684,lung-cancer-family-mother,-0.1936,0.2248,-0.861,0.3893,0.0027,0.0012,1.0262,0.0068,0.016,0.0059,1.0,0.5813546666666667
GCST90275148,ADHD-sex-M1,GCST90275156,schizo-age-sex-M1,0.5938,0.0381,15.5794,1.0046000000000001e-54,0.1165,0.0119,1.0283,0.0077,0.3474,0.0063,2.3351502418622316e-52,2.8524980281690142e-53
GCST90041833,breast-neoplasm-2,GCST006465,endometrial-carcinoma-1,0.4073,0.1604,2.5402,0.0111,0.0344,0.0098,1.0751,0.009,-0.0044,0.0063,0.27925383261564257,0.034112195121951225
GCST005902,depression-broad,GCST90042669,depression-family-father,0.7303,0.0758,9.6287,6.0486999999999995e-22,0.007,0.0014,1.0108,0.0069,0.0757,0.0057,5.942001626000147e-20,7.25844e-21
GCST90041833,breast-neoplasm-2,GCST90041853,prostate-cancer-5,0.0311,0.0993,0.3126,0.7546,0.018,0.0029,1.03,0.0107,0.0024,0.0054,1.0,0.8517769316909294
GCST90042684,lung-cancer-family-mother,GCST90011809,melanoma-1,0.1647,0.1577,1.0443,0.2963,0.0088,0.0023,1.0017,0.0089,-0.0075,0.005,1.0,0.48361165048543686
GCST90255675,crc-cancer-1,GCST90042786,depression-trauma,0.0763,0.0848,0.8996,0.3683,0.0211,0.0054,1.0116,0.0075,-0.0015,0.0063,1.0,0.5599493212669683
GCST90011804,breast-carcinoma-1,GCST90042685,intestinal-cancer-mother,0.0101,0.1121,0.0904,0.928,0.0036,0.0011,1.0072,0.0067,0.0016,0.0049,1.0,0.9618755784061697
GCST90275147,ADHD-age-sex-M1,GCST005902,depression-broad,0.4408,0.0365,12.0796,1.353e-33,0.0576,0.0028,1.0379,0.0097,0.0117,0.0065,1.9416902914766987e-31,2.3718678260869564e-32
GCST90225527,anxiety-2,GCST90042841,anxiety-medication,0.852,0.0856,9.9575,2.339e-23,0.0389,0.004,1.0082,0.0075,0.0851,0.0057,2.4126273237844596e-21,2.94714e-22
GCST90275153,mdd-age-sex-M1,GCST90042695,depression-family-sibling,0.6897,0.0709,9.7241,2.3804e-22,0.0129,0.0015,1.0163,0.0079,0.0065,0.0054,2.3809265628819478e-20,2.908416e-21
GCST90042784,depression-postpartum,GCST006465,endometrial-carcinoma-1,-0.0218,0.448,-0.0486,0.9612,0.0344,0.0098,1.0752,0.0091,-0.0003,0.0051,1.0,0.9786763636363636
GCST005903,mdd-2,GCST90275156,schizo-age-sex-M1,0.5644,0.0766,7.3692,1.7159e-13,0.1162,0.0122,1.0287,0.0081,0.0048,0.0049,1.1558617514568072e-11,1.4119405714285712e-12
GCST90041886,breast-carcinoma-2,GCST90255675,crc-cancer-1,0.0746,0.0589,1.2668,0.2052,0.0862,0.0092,1.1792,0.023,0.0145,0.006,1.0,0.37607563636363633
GCST90042695,depression-family-sibling,GCST90011808,prostate-cancer-3,-0.0398,0.068,-0.5848,0.5587,0.0332,0.0046,1.0536,0.0197,0.0096,0.0055,1.0,0.716045263827082
GCST004744,adenocarcinoma-lung,GCST90225527,anxiety-2,-0.0552,0.0982,-0.5627,0.5736,0.0076,0.0009,1.0199,0.007,0.0044,0.0056,1.0,0.7268243871778756
GCST009980,mdd-trauma,GCST90137412,squamous-carcinoma,0.1979,0.0566,3.4972,0.0005,0.0959,0.0109,0.788,0.0191,0.0151,0.0056,0.015991908844530126,0.0019534883720930232
GCST006465,endometrial-carcinoma-1,GCST90041853,prostate-cancer-5,-0.1172,0.1598,-0.7337,0.4631,0.0154,0.0034,1.0444,0.0149,0.0056,0.0066,1.0,0.6416560824742268
GCST90042843,anxiety-treatment-1,GCST90042699,intestinal-cancer-sibling,0.2412,0.2034,1.1859,0.2357,0.0022,0.0011,1.0115,0.0062,-0.0013,0.0047,1.0,0.4139121951219512
GCST90275149,ADHD-1,GCST90275157,schizo-sex-M1,0.6033,0.0346,17.4611,2.8355000000000002e-68,0.1285,0.0125,1.0357,0.0084,0.3608,0.0065,9.359219873916493e-66,1.1432736000000001e-66
GCST90042841,anxiety-medication,GCST90042672,lung-cancer-family-father,0.1007,0.0653,1.5419,0.1231,0.0133,0.0018,0.9979,0.0081,0.0082,0.0047,1.0,0.26171886195995786
GCST90275152,autism-1,GCST90275157,schizo-sex-M1,0.6259,0.0425,14.717,5.0164e-49,0.1282,0.0125,1.0359,0.0084,0.3397,0.0061,1.009620847519358e-46,1.2333002926829267e-47
GCST90041833,breast-neoplasm-2,GCST90011809,melanoma-1,0.0864,0.1095,0.7886,0.4303,0.0088,0.0023,1.0018,0.0089,0.0096,0.0054,1.0,0.6156433121019108
GCST004744,adenocarcinoma-lung,GCST90042843,anxiety-treatment-1,0.0168,0.0828,0.2025,0.8395,0.0381,0.0044,0.9963,0.0071,-0.0027,0.005,1.0,0.9069839228295821
GCST90275148,ADHD-sex-M1,GCST90225529,anxiety-others,0.3233,0.0539,6.004,1.9246e-09,0.0088,0.001,1.0171,0.0075,0.0059,0.006,1.0767093101888992e-07,1.3152520677966102e-08
GCST90043889,breast-neoplasm-1,GCST90042695,depression-family-sibling,-0.0068,0.1035,-0.0661,0.9473,0.0127,0.0015,1.0179,0.0079,-0.0055,0.0052,1.0,0.973868842427333
GCST90042698,lung-cancer-family-sibling,GCST90137411,bcc-2,0.1294,0.0816,1.586,0.1127,0.0701,0.0119,0.9732,0.0229,0.0043,0.0053,1.0,0.24509514563106793
